timestamp,request_rate,cpu_usage,memory_usage,cpu_throttling_ratio,latency_p95,error_rate,replica_count
1774792590.0,0.0,0.0,0.0,0.0,0.0,0.0,0.0
1774792620.0,0.0,0.0,0.0,0.0,0.0,0.0,0.0
1774792650.0,0.0,0.0,0.0,0.0,0.0,0.0,0.0
1774792680.0,0.0,0.0,3160317952.0,0.0,0.0,0.0,0.0
1774792710.0,0.0,0.0042109732860288,3160698880.0,0.0,0.0,0.0,0.0
1774792740.0,0.0,0.0039289163880823,3160670208.0,0.0,0.0,0.0,2.0
1774792770.0,0.0,0.0044752443732351,3160784896.0,0.0,0.0,0.0,2.0
1774792800.0,0.0,0.0049344344831919,3160952832.0,0.0,0.0,0.0,2.0
1774792830.0,0.0,0.0039684941662286,3160956928.0,0.0,0.0,0.0,2.0
1774792860.0,0.0,0.0025486735883765,3160981504.0,0.0,0.0,0.0,2.0
1774792890.0,0.0,0.0041098433095668,3160948736.0,0.0,0.0,0.0,2.0
1774792920.0,0.0,0.094141617953611,3249819648.0,0.0,0.0,0.0,2.0
1774792950.0,4.702398888888888,0.975723099439726,3252338688.0,0.0,0.4726531242725608,0.0,2.0
1774792980.0,7.699999999999999,1.6385613656762164,6409011200.0,0.0,0.5659090909090907,0.0,2.0
1774793010.0,6.383247687564234,1.4950055157682156,12269506560.0,0.0,1.5750827900663331,0.0,2.0
1774793040.0,8.584755262801353,1.7347118038224278,12709355520.0,0.0,0.4811877838349165,0.0,4.0
1774793070.0,0.0,0.616846897074279,19036094464.0,0.0,0.0,0.0,5.0
1774793100.0,2.822388474184662,1.083288840817459,23222857728.0,0.0,0.7442019432397022,0.0,4.0
1774793130.0,4.899346753766165,1.765312598771244,23973363712.0,0.0,0.4677088986035548,0.0,6.0
1774793160.0,9.20205415499533,1.4119300073807868,23973928960.0,0.0,0.4577159374137881,0.0,9.0
1774793190.0,9.133333333333333,1.0097519682022211,23976263680.0,0.0,0.4415387499177539,0.0,9.0
1774793220.0,9.2,1.4516495545601864,23976816640.0,0.0,0.4560349424061629,0.0,9.0
1774793250.0,9.1,1.7086156150591874,23976960000.0,0.0,0.4557686581828938,0.0,9.0
1774793280.0,8.965839026828862,1.7234523819390946,23976951808.0,0.0,0.4598079703709559,0.0,9.0
1774793310.0,9.233866720005334,1.5265099617797873,23977947136.0,0.0,0.4490649999999999,0.0,9.0
1774793340.0,9.5,1.7353503874264782,19158765568.0,0.0,0.4278018103390808,0.0,9.0
1774793370.0,9.765553462873504,1.348286376024419,14717435904.0,0.0,0.4361940794846736,0.0,9.0
1774793400.0,9.201400215589116,0.7443758281728521,14717337600.0,0.0,0.4470806215346035,0.0,9.0
1774793430.0,3.5,0.7976665056275356,15927308288.0,0.0,0.467534927936369,0.0,8.0
1774793460.0,7.116786426048124,1.7289641025564848,17505611776.0,0.0,0.4757045828598237,0.0,7.0
1774793490.0,9.400786824031472,1.7146694720609008,17506983936.0,0.0,0.4488905507788685,0.0,9.0
1774793520.0,7.533333333333333,1.6933711652328334,17507667968.0,0.0,0.4609751519539616,0.0,9.0
1774793550.0,1.6,0.3889822010315984,17507635200.0,0.0,0.2297914582916583,0.0,9.0
1774793580.0,0.0,0.0208554384850088,17507307520.0,0.0,0.0,0.0,9.0
1774793610.0,0.0,0.0192478570394798,17507381248.0,0.0,0.0,0.0,9.0
1774793640.0,0.7,0.0214581468446956,17507491840.0,0.0,0.2186764705882352,0.0,9.0
1774793670.0,5.5,1.2279494173285364,17555542016.0,0.0,0.2459655431008622,0.0,9.0
1774793700.0,10.533333333333331,2.2132734169767994,15934939136.0,0.0,0.2491738452535936,0.0,9.0
1774793730.0,10.533333333333331,2.0015541472923704,14314135552.0,0.0,0.2498369815109068,0.0,9.0
1774793760.0,3.2985706193982605,0.978164806976641,15640854528.0,0.0,0.3770363689597364,0.0,9.0
1774793790.0,2.4006401707121903,1.951136308895316,19987439616.0,0.0,0.5952451240144297,0.0,6.0
1774793820.0,9.565905965299478,1.5486186263482364,20728881152.0,0.0,0.406864876307291,0.0,7.0
1774793850.0,10.63469621843934,2.200826942825004,20730609664.0,0.0,0.2471286318571579,0.0,9.0
1774793880.0,10.73395010279491,1.7019715531861246,20731473920.0,0.0,0.2447130025438631,0.0,9.0
1774793910.0,10.863724673882876,2.2176171281590893,20731801600.0,0.0,0.2451155543168496,0.0,9.0
1774793940.0,10.602071519240264,2.007912737228033,20733415424.0,0.0,0.247828806929683,0.0,9.0
1774793970.0,10.832580109537831,2.1850159717875144,20734251008.0,0.0,0.243284571722781,0.0,9.0
1774794000.0,10.600951364808394,1.9575727646024037,20734373888.0,0.0,0.2472842211040609,0.0,9.0
1774794030.0,10.23391120742346,2.169893867670678,17494274048.0,0.0,0.2482426967271175,0.0,9.0
1774794060.0,10.533333333333331,2.2091165848338936,15918411776.0,0.0,0.2491740812648364,0.0,9.0
1774794090.0,10.662053878009091,1.716370812828937,14314045440.0,0.0,0.2471591054234701,0.0,9.0
1774794120.0,6.696849536502491,1.478745720255879,15029792768.0,0.0,0.4238290054695773,0.0,8.0
1774794150.0,4.620986505336932,1.3295975499566384,18596159488.0,0.0,0.4403269378683757,0.0,6.0
1774794180.0,10.674058011325757,2.291983573590114,19257987072.0,0.0,0.2924780749043983,0.0,7.0
1774794210.0,10.401516484134604,2.1985153945609195,19259228160.0,0.0,0.3050546776436773,0.0,9.0
1774794240.0,9.832878138766471,2.000586014116872,19259162624.0,0.0,0.2447961624376607,0.0,9.0
1774794270.0,1.4336889837289946,1.1732804540080324,19259351040.0,0.0,0.2378147969753986,0.0,9.0
1774794300.0,0.0,0.0194074518467848,19259555840.0,0.0,0.0,0.0,9.0
1774794330.0,0.0,0.0197341117943677,19259465728.0,0.0,0.0,0.0,9.0
1774794360.0,0.0,0.1255242085351185,19259637760.0,0.0,0.0,0.0,9.0
1774794390.0,6.599500083319446,1.3248334771252224,17638318080.0,0.0,0.434008207525852,0.0,9.0
1774794420.0,8.832853381328533,0.7562949664595809,14410383360.0,0.0,0.4753750948138253,0.0,9.0
1774794450.0,8.466044527396347,0.7442223863116374,14413627392.0,0.0,0.467767580180755,0.0,9.0
1774794480.0,2.933333333333333,1.5397436268829234,17279594496.0,0.0,0.4734386213882469,0.0,7.0
1774794510.0,2.931379080612925,1.1477273144807127,20354244608.0,0.0,0.4581202784411305,0.0,6.0
1774794540.0,3.0477364564070952,1.968204859837948,21983772672.0,0.0,0.4626312834263592,0.0,6.0
1774794570.0,10.187937361745648,1.8055177086216536,22425477120.0,0.0,0.2567734467639962,0.0,8.0
1774794600.0,10.166666666666666,1.7788551014821397,22426894336.0,0.0,0.2469871653106939,0.0,9.0
1774794630.0,10.199568946362708,1.4583092670575588,22428262400.0,0.0,0.2534698526817291,0.0,9.0
1774794660.0,10.263922195576871,2.1661921565942293,22429364224.0,0.0,0.2481496573593155,0.0,9.0
1774794690.0,10.436540771386628,2.179410665383514,22429577216.0,0.0,0.3109654571750487,0.0,9.0
1774794720.0,10.933333333333334,1.9392760081495408,22430687232.0,0.0,0.2461690971420606,0.0,9.0
1774794750.0,10.831234592577786,1.4552679762536451,19175329792.0,0.0,0.2467452100148474,0.0,9.0
1774794780.0,11.001279361769733,1.8040293603034625,15929626624.0,0.0,0.2492689299260776,0.0,9.0
1774794810.0,10.80092469102872,2.1811157879901284,14311723008.0,0.0,0.2488159723958065,0.0,9.0
1774794840.0,10.265395882868363,2.192465134972178,14315384832.0,0.0,0.3774300149390471,0.0,9.0
1774794870.0,4.738096013685695,1.6168689706963175,16365883392.0,0.0,0.4295779559622772,0.0,7.0
1774794900.0,9.60386422406023,2.256521167109661,17570594816.0,0.0,0.3819656847831492,0.0,7.0
1774794930.0,10.43470721621982,2.1920001586791247,17571356672.0,0.0,0.2467750717784837,0.0,9.0
1774794960.0,9.563350982938717,2.1822508173129407,17572749312.0,0.0,0.2783214129076268,0.0,9.0
1774794990.0,2.0349460033588023,0.8944516094591729,17572626432.0,0.0,0.2317637222374406,0.0,9.0
1774795020.0,0.0,0.0197280484365469,17572438016.0,0.0,0.0,0.0,9.0
1774795050.0,0.0,0.0201101235297864,17572458496.0,0.0,0.0,0.0,9.0
1774795080.0,0.5666666666666667,0.0221568054184333,17572593664.0,0.0,0.2358823529411763,0.0,9.0
1774795110.0,5.465123333333333,0.8288479973927314,17668673536.0,0.0,0.249147982699119,0.0,9.0
1774795140.0,10.6,1.9673817150852684,14431432704.0,0.0,0.2442447447447447,0.0,9.0
1774795170.0,10.366666666666667,2.206183755986507,14435217408.0,0.0,0.3902471014904439,0.0,9.0
1774795200.0,8.966666666666667,1.711587796489781,16511590400.0,0.0,0.4464734789981094,0.0,8.0
1774795230.0,9.254470555555557,2.213379671152483,17613385728.0,0.0,0.3224799862514719,0.0,7.0
1774795260.0,10.066666666666666,2.2111394221752456,17614258176.0,0.0,0.3750728347209113,0.0,9.0
1774795290.0,10.297113516514017,1.2351396540147457,17614278656.0,0.0,0.305938624888146,0.0,9.0
1774795320.0,10.401373882886489,1.1915760344222095,17614520320.0,0.0,0.2731108809560684,0.0,9.0
1774795350.0,10.732105760151086,1.483963337542773,17616551936.0,0.0,0.2483555751055356,0.0,9.0
1774795380.0,10.56939359592863,2.017404428690117,17616699392.0,0.0,0.2700063722585077,0.0,9.0
1774795410.0,10.627393214456358,2.215929175969315,17616871424.0,0.0,0.2465413402701561,0.0,9.0
1774795440.0,10.505167322437575,2.235301008100146,17617154048.0,0.0,0.246030253455404,0.0,9.0
1774795470.0,10.733333333333333,2.1893347206272686,14365675520.0,0.0,0.2405101873295162,0.0,9.0
1774795500.0,10.067346802693873,2.0171651930760186,14365761536.0,0.0,0.3265610557712326,0.0,9.0
1774795530.0,1.932753507281149,1.4544236581905805,14964338688.0,0.0,0.4383279864998982,0.0,9.0
1774795560.0,3.4677069787602943,1.5184423914231056,17659113472.0,0.0,0.4033679116001555,0.0,7.0
1774795590.0,10.733881482092851,2.1949673263910356,17661464576.0,0.0,0.301484167167937,0.0,8.0
1774795620.0,10.367588973489433,1.7541149984558095,17662013440.0,0.0,0.2751072672584885,0.0,9.0
1774795650.0,10.533660171357006,1.469505353227388,17662869504.0,0.0,0.2454689098898122,0.0,9.0
1774795680.0,9.966783337222353,2.2044389351305864,17663827968.0,0.0,0.2490160224298345,0.0,9.0
1774795710.0,3.466666666666667,1.228900152067427,17663848448.0,0.0,0.2385465737363842,0.0,9.0
1774795740.0,0.0,0.0210681430279862,17663762432.0,0.0,0.0,0.0,9.0
1774795770.0,0.0,0.0201110659364103,17663692800.0,0.0,0.0,0.0,9.0
1774795800.0,0.5,0.0175176614017538,16039141376.0,0.0,0.1890641869939017,0.0,9.0
1774795830.0,3.433333333333333,0.9539801100821392,14507913216.0,0.0,0.2746332781955561,0.0,9.0
1774795860.0,6.836123453542644,1.4183385671924915,15837065216.0,0.0,0.4362507590024027,0.0,8.0
1774795890.0,3.53218139314929,0.8042669869895825,19932078080.0,0.0,0.415477246184142,0.0,6.0
1774795920.0,0.0,0.9617492605195256,21744328704.0,0.0,0.0,0.0,6.0
1774795950.0,4.3,1.2162996648871445,25255833600.0,0.0,0.6061638764570348,0.0,6.0
1774795980.0,0.0,0.5397738829740432,28813631488.0,0.0,0.0,0.0,6.0
1774796010.0,9.31085020352092,1.583268720577883,28897243136.0,0.0,0.3851523586017039,0.0,7.0
1774796040.0,10.798224791699884,2.182778711982212,28897918976.0,0.0,0.2469569082111095,0.0,9.0
1774796070.0,10.867054910189534,2.1697526045601214,28898430976.0,0.0,0.24286600162098,0.0,9.0
1774796100.0,10.395588072812128,2.1733034714236035,28899889152.0,0.0,0.2737701826803864,0.0,9.0
1774796130.0,10.340465929529367,2.194601107394792,25650126848.0,0.0,0.2481181397422687,0.0,9.0
1774796160.0,10.900238896852118,1.981571086900673,22411657216.0,0.0,0.247301325502354,0.0,9.0
1774796190.0,10.562714798334,2.171081252301842,20792569856.0,0.0,0.2491451242120963,0.0,9.0
1774796220.0,11.001748456179346,2.211799247210412,17598648320.0,0.0,0.2452267575102469,0.0,9.0
1774796250.0,10.935503071782136,2.183327674180937,14385815552.0,0.0,0.2408705832271909,0.0,9.0
1774796280.0,10.599884448296168,2.16755678230224,14387146752.0,0.0,0.2432761034809885,0.0,9.0
1774796310.0,3.033333333333333,1.4979685233894555,15954259968.0,0.0,0.4215279225790259,0.0,8.0
1774796340.0,3.6666666666666665,1.1936361461952305,17967263744.0,0.0,1.0979595082998204,0.0,6.0
1774796370.0,5.2,0.7979126306140409,19088928768.0,0.0,0.6392035780238404,0.0,7.0
1774796400.0,5.3,0.9946088293237326,19089575936.0,0.0,0.6414885385398276,0.0,9.0
1774796430.0,2.966666666666667,0.4506438700502281,19089629184.0,0.0,0.556943981450615,0.0,9.0
1774796460.0,0.0,0.0220603482862757,19089608704.0,0.0,0.0,0.0,9.0
1774796490.0,0.0,0.021004027714242,19089608704.0,0.0,0.0,0.0,9.0
1774796520.0,0.0,0.019573288393243,19089448960.0,0.0,0.0,0.0,9.0
1774796550.0,0.0,0.8156272781511859,19234734080.0,0.0,0.0,0.0,7.0
1774796580.0,10.638,2.2297816031292146,17608392704.0,0.0,0.2960236921775517,0.0,7.0
1774796610.0,10.766902237926974,2.0389165294790565,14363590656.0,0.0,0.3038001975592856,0.0,7.0
1774796640.0,9.732195814452442,2.198052313676556,14373326848.0,0.0,0.3973758017447124,0.0,7.0
1774796670.0,4.70054350193306,2.1380349468003628,19144679424.0,0.0,0.706779822761505,0.0,6.0
1774796700.0,0.0,0.444258017012867,23656579072.0,0.0,0.0,0.0,3.0
1774796730.0,0.0,0.8640324543080409,28855431168.0,0.0,0.0,0.0,3.0
1774796760.0,5.233333333333333,0.0179257733518129,28868079616.0,0.0,0.670735359391089,0.0,6.0
1774796790.0,5.266666666666667,0.9888426908545166,27295244288.0,0.0,0.6060927270459818,0.0,9.0
1774796820.0,5.1,0.7523484179688276,25719726080.0,0.0,0.6598206993248915,0.0,9.0
1774796850.0,5.3,0.9988331973185532,25720025088.0,0.0,0.6125011840453463,0.0,9.0
1774796880.0,5.333333333333333,1.0017080013659443,25720381440.0,0.0,0.6255945236005124,0.0,9.0
1774796910.0,5.333333333333333,0.9957597678986304,25720295424.0,0.0,0.6118414472938499,0.0,9.0
1774796940.0,5.4,0.9958438171863716,24098869248.0,0.0,0.6144737938559941,0.0,8.0
1774796970.0,5.233333333333333,0.9928936268093168,16046186496.0,0.0,0.6104164351697521,0.0,8.0
1774797000.0,5.3,0.9772034706506864,14423891968.0,0.0,0.5808338610620397,0.0,8.0
1774797030.0,5.2,0.9825344091327624,14424018944.0,0.0,0.6363635605896456,0.0,8.0
1774797060.0,5.3,1.00134633865652,14424256512.0,0.0,0.5914059374791651,0.0,8.0
1774797090.0,5.166666666666667,1.0054506495039297,14424100864.0,0.0,0.6746217801915229,0.0,8.0
1774797120.0,5.033333333333333,0.964613223918448,14424088576.0,0.0,0.6803566427404489,0.0,8.0
1774797150.0,2.9,0.7340104633421931,14424125440.0,0.0,0.6536762254738551,0.0,8.0
1774797180.0,0.0,0.0184508168147011,14423945216.0,0.0,0.0,0.0,8.0
1774797210.0,0.0,0.0178612204544552,12783214592.0,0.0,0.0,0.0,8.0
1774797240.0,0.0,0.016685742030174,12783509504.0,0.0,0.0,0.0,7.0
1774797270.0,0.0,0.7799418007338216,12887412736.0,0.0,0.0,0.0,7.0
1774797300.0,8.154810309392879,1.5922229021721612,15447273472.0,0.0,0.478773560557536,0.0,7.0
1774797330.0,9.202381111185218,1.7814649279664236,17949106176.0,0.0,0.4579523467780142,0.0,6.0
1774797360.0,9.032671199395637,1.7492467532913254,17949552640.0,0.0,0.4620285708983967,0.0,9.0
1774797390.0,8.767288971862914,1.4581543430440989,17950883840.0,0.0,0.4672056513530437,0.0,9.0
1774797420.0,9.5,1.4712090176724386,17953103872.0,0.0,0.4487805836618856,0.0,9.0
1774797450.0,9.533333333333331,1.741323520052185,17953239040.0,0.0,0.4502973210219517,0.0,9.0
1774797480.0,9.533333333333331,1.75444787605164,16307154944.0,0.0,0.4498511754373568,0.0,9.0
1774797510.0,9.298316994487712,1.7320731441385142,16307277824.0,0.0,0.463393957784483,0.0,9.0
1774797540.0,9.30166365395469,1.7480599772341172,16308531200.0,0.0,0.4541655782105595,0.0,9.0
1774797570.0,9.766666666666666,1.761266628798308,14677872640.0,0.0,0.4354167927062671,0.0,9.0
1774797600.0,8.7,1.7210020781351425,14614908928.0,0.0,0.4677781432294877,0.0,9.0
1774797630.0,4.666200046662,0.9963921055386916,15033458688.0,0.0,0.4964508884522796,0.0,8.0
1774797660.0,4.1004100410041,1.869914344149,17542070272.0,0.0,0.6109922067688353,0.0,7.0
1774797690.0,9.466666666666663,1.3899319177430909,17544003584.0,0.0,0.4507126640696167,0.0,8.0
1774797720.0,9.49289835774523,1.7514737415546549,17543884800.0,0.0,0.4480509820020469,0.0,9.0
1774797750.0,8.972545747816897,1.4937639212404543,17544261632.0,0.0,0.4608221588431539,0.0,9.0
1774797780.0,9.334172362060343,1.5323243144698813,17544192000.0,0.0,0.4580291614856015,0.0,9.0
1774797810.0,9.533333333333331,1.7311396836701536,17544396800.0,0.0,0.4459418235009279,0.0,9.0
1774797840.0,9.1,1.53015593168761,17545846784.0,0.0,0.4536936261154507,0.0,9.0
1774797870.0,7.3,1.2951284911372791,17546244096.0,0.0,0.4406240691647801,0.0,9.0
1774797900.0,0.0,0.0217112707667971,15923527680.0,0.0,0.0,0.0,9.0
1774797930.0,0.0,0.0214684001814875,14344257536.0,0.0,0.0,0.0,9.0
1774797960.0,0.0,0.017389832455372,14329491456.0,0.0,0.0,0.0,9.0
1774797990.0,0.0,0.722473888027678,18829004800.0,0.0,0.0,0.0,7.0
1774798020.0,0.0,0.6751460159882514,21988323328.0,0.0,0.0,0.0,5.0
1774798050.0,0.0,0.6359955891927485,25495597056.0,0.0,0.0,0.0,6.0
1774798080.0,0.0,1.1300264570417875,27802324992.0,0.0,0.0,0.0,6.0
1774798110.0,9.026638972296691,2.116358660195283,28779085824.0,0.0,0.2939332753993078,0.0,7.0
1774798140.0,10.400480064008534,2.073015517180708,28780490752.0,0.0,0.3544075406586029,0.0,9.0
1774798170.0,10.331464392399862,2.034077849044258,28781871104.0,0.0,0.288098086941042,0.0,9.0
1774798200.0,10.767062923857525,2.235963829939867,28782178304.0,0.0,0.2863685596212708,0.0,9.0
1774798230.0,10.664312680435266,2.2433655989700463,27159904256.0,0.0,0.2443972789922446,0.0,9.0
1774798260.0,10.902943149412012,2.24837741449333,23913529344.0,0.0,0.2486227610346413,0.0,9.0
1774798290.0,10.934429055358924,2.269874124330887,19132231680.0,0.0,0.2539483978468051,0.0,9.0
1774798320.0,10.664867566216891,1.988420876345748,15892316160.0,0.0,0.2779756715641923,0.0,9.0
1774798350.0,10.267078047887065,1.9997259436199364,14316949504.0,0.0,0.3076296809883675,0.0,9.0
1774798380.0,10.39442239134806,2.204400844850983,14317010944.0,0.0,0.2492085076117307,0.0,9.0
1774798410.0,3.170894526034713,1.4975381640572367,15446577152.0,0.0,0.5210076529604398,0.0,8.0
1774798440.0,4.7,1.8506667040289004,17509916672.0,0.0,0.4831668726587946,0.0,7.0
1774798470.0,8.966666666666665,1.4041321914035565,17511673856.0,0.0,0.4640238495062889,0.0,9.0
1774798500.0,8.8,1.7298660462595097,17511985152.0,0.0,0.4647968614997557,0.0,9.0
1774798530.0,9.0,1.538605160029083,17512861696.0,0.0,0.4587499337387073,0.0,9.0
1774798560.0,9.066186714661868,1.7362222248964827,17512833024.0,0.0,0.4722790118932911,0.0,9.0
1774798590.0,7.067013368003467,1.2679176241345145,17513373696.0,0.0,0.4525824404563512,0.0,9.0
1774798620.0,0.0,0.0195742943155482,17513205760.0,0.0,0.0,0.0,9.0
1774798650.0,0.0,0.01902150129574,17512951808.0,0.0,0.0,0.0,9.0
1774798680.0,0.0,0.021393614215918,15890657280.0,0.0,0.0,0.0,9.0
1774798710.0,0.0,0.4180351581112916,14405169152.0,0.0,0.0,0.0,9.0
1774798740.0,8.549223168390448,2.372390205112817,16779493376.0,0.0,0.4506940242611559,0.0,8.0
1774798770.0,4.230850409114613,1.8209028802127072,18353258496.0,0.0,0.431491222368211,0.0,6.0
1774798800.0,10.234518392276406,2.304524675182659,19222675456.0,0.0,0.3384960159316929,0.0,8.0
1774798830.0,10.235495153767593,1.6342346650511188,19222880256.0,0.0,0.3169830554944012,0.0,9.0
1774798860.0,10.768040549553154,0.7482618448855224,19222695936.0,0.0,0.2475870740137491,0.0,9.0
1774798890.0,10.464472500749526,2.184172573997235,19223478272.0,0.0,0.249287546457969,0.0,9.0
1774798920.0,10.502260320425158,1.9807315129331984,19223076864.0,0.0,0.2456025894181169,0.0,9.0
1774798950.0,10.661944893626032,2.032675882264672,19222888448.0,0.0,0.2459498805605031,0.0,9.0
1774798980.0,10.570635681108028,2.218614299741922,17604014080.0,0.0,0.2484428312628839,0.0,9.0
1774799010.0,10.833938989831635,1.9826710637893272,17604186112.0,0.0,0.2435324775301488,0.0,9.0
1774799040.0,10.56514923243709,1.9406817452604437,14366130176.0,0.0,0.2465961118112769,0.0,9.0
1774799070.0,7.033782532205452,1.5029956247517726,14370435072.0,0.0,0.3208262542737554,0.0,9.0
1774799100.0,3.0003000300030003,0.684184718456868,17694638080.0,0.0,0.7125009647686003,0.0,7.0
1774799130.0,0.0,1.2368602322806717,21248831488.0,0.0,0.0,0.0,4.0
1774799160.0,2.9960500000000003,1.822074637493324,23984836608.0,0.0,0.4960167008095545,0.0,6.0
1774799190.0,9.499100149975003,1.7333995014343817,23986511872.0,0.0,0.4447487210191067,0.0,9.0
1774799220.0,8.900855698171917,1.716608979551584,23987908608.0,0.0,0.455886072971551,0.0,9.0
1774799250.0,8.599194578681331,1.2872799312003067,23988457472.0,0.0,0.4647958634896231,0.0,9.0
1774799280.0,8.400777907429015,1.7075741025169653,23989653504.0,0.0,0.4671321790367293,0.0,9.0
1774799310.0,7.5,1.6072310931929517,23989702656.0,0.0,0.4766302082895437,0.0,9.0
1774799340.0,0.4,0.0208613920399282,23989633024.0,0.0,0.4111108333240737,0.0,9.0
1774799370.0,0.0,0.0206187613927028,19121782784.0,0.0,0.0,0.0,9.0
1774799400.0,0.0,0.0199737592416584,15918505984.0,0.0,0.0,0.0,9.0
1774799430.0,0.0,0.3029907952169958,14391377920.0,0.0,0.0,0.0,9.0
1774799460.0,9.020798994813664,1.4662077683783337,14442078208.0,0.0,0.4163991223525297,0.0,9.0
1774799490.0,3.842190882644309,1.5719046931628258,18519449600.0,0.0,0.6079144041395615,0.0,7.0
1774799520.0,8.95960258358325,2.3169070660893856,21306429440.0,0.0,0.3880260867345443,0.0,5.0
1774799550.0,10.600467743356042,2.220046062282555,22096834560.0,0.0,0.2780311280245145,0.0,7.0
1774799580.0,10.49841815516751,2.197979256344679,22094659584.0,0.0,0.2478971700378425,0.0,9.0
1774799610.0,11.069621908254216,1.9114291793509377,22093029376.0,0.0,0.2422514429344721,0.0,9.0
1774799640.0,11.033214448407277,1.259408048297111,22092386304.0,0.0,0.2445089482587045,0.0,9.0
1774799670.0,10.764364987935291,2.177088405895873,22092374016.0,0.0,0.2451622438251119,0.0,9.0
1774799700.0,10.567955715427525,2.014759708213602,22061682688.0,0.0,0.2418832596300027,0.0,9.0
1774799730.0,10.50027576328046,2.19967303359801,22061875200.0,0.0,0.2499663293654131,0.0,9.0
1774799760.0,10.466552378621875,2.183447860003602,15571218432.0,0.0,0.2706096288637126,0.0,9.0
1774799790.0,10.76700803177676,2.199695437191045,14545481728.0,0.0,0.244019469082837,0.0,9.0
1774799820.0,6.431835968466451,2.212076891979234,14513917952.0,0.0,0.4305944941852456,0.0,9.0
1774799850.0,7.435094961765128,1.788645970047584,17303711744.0,0.0,0.4721882137040903,0.0,8.0
1774799880.0,8.966202248739119,1.7561952941854864,17599266816.0,0.0,0.45943223124763,0.0,7.0
1774799910.0,9.531326418508677,1.712511842643841,17599442944.0,0.0,0.4495060133616341,0.0,9.0
1774799940.0,9.469187843215725,1.4662704092557677,17599827968.0,0.0,0.4504523919460397,0.0,9.0
1774799970.0,9.297867519658803,1.5030975079899964,17600200704.0,0.0,0.4554590624704557,0.0,9.0
1774800000.0,9.302147525676936,1.747927243685708,17600376832.0,0.0,0.4523077357598767,0.0,9.0
1774800030.0,2.1666666666666665,1.3406903486114383,17600348160.0,0.0,0.465866265296833,0.0,9.0
1774800060.0,0.0,0.0225118094062996,17600180224.0,0.0,0.0,0.0,9.0
1774800090.0,0.0,0.018538481859295,17600266240.0,0.0,0.0,0.0,9.0
1774800120.0,0.0,0.0126057482680026,14285443072.0,0.0,0.0,0.0,9.0
1774800150.0,0.0,0.3128349317897858,14387023872.0,0.0,0.0,0.0,9.0
1774800180.0,2.8741644444444447,1.9182407726321091,16169996288.0,0.0,0.4968802483256285,0.0,8.0
1774800210.0,0.0,1.547482231675113,18579406848.0,0.0,0.0,0.0,6.0
1774800240.0,6.168916666666667,2.0335953643392615,20818644992.0,0.0,0.3288488967542263,0.0,7.0
1774800270.0,11.0,2.013026203910191,20820271104.0,0.0,0.2426650820457632,0.0,9.0
1774800300.0,10.560288932526262,2.2391282754486306,20821630976.0,0.0,0.3149975827531485,0.0,9.0
1774800330.0,10.603002079793058,1.9749209801991712,20821778432.0,0.0,0.2479323167728438,0.0,9.0
1774800360.0,10.76515033048311,1.27387519818177,20822364160.0,0.0,0.2467715650760231,0.0,9.0
1774800390.0,11.036938482316646,2.207585838305449,20823396352.0,0.0,0.2480911179799904,0.0,9.0
1774800420.0,11.034760570895024,2.2055689091482553,20823543808.0,0.0,0.2498615341341709,0.0,9.0
1774800450.0,10.798081023454158,2.2087417993956184,17582206976.0,0.0,0.2463651333703807,0.0,9.0
1774800480.0,10.901921024546423,2.2292419349637935,15961845760.0,0.0,0.2738165989319202,0.0,9.0
1774800510.0,10.663814474210316,2.020098101343619,14341734400.0,0.0,0.3010695034784765,0.0,9.0
1774800540.0,6.428599230934026,1.247755986378593,14935343104.0,0.0,0.5544975726587277,0.0,8.0
1774800570.0,1.7983058379159027,1.4183071051459168,19217850368.0,0.0,0.3960504101087998,0.0,6.0
1774800600.0,9.758520361993874,2.1675841582814694,19251294208.0,0.0,0.339313382646679,0.0,7.0
1774800630.0,10.108980176646256,2.1236224257120973,19251634176.0,0.0,0.2916724254741727,0.0,9.0
1774800660.0,10.199551170954985,1.928576707807409,19253698560.0,0.0,0.2960199008129144,0.0,9.0
1774800690.0,10.200457838822954,2.161325790820202,19253870592.0,0.0,0.2446027721738698,0.0,9.0
1774800720.0,10.326982544410036,2.1587986322870187,19255160832.0,0.0,0.2731109773483672,0.0,9.0
1774800750.0,3.168510099505188,1.7120310765336266,19255701504.0,0.0,0.2459571060541947,0.0,9.0
1774800780.0,0.0,0.021474336552386,19255656448.0,0.0,0.0,0.0,9.0
1774800810.0,0.0,0.0208227020846664,17632112640.0,0.0,0.0,0.0,9.0
1774800840.0,0.0,0.0222476740368775,14385643520.0,0.0,0.0,0.0,9.0
1774800870.0,2.133253354660979,0.7075018277376774,14459330560.0,0.0,0.4643780346233886,0.0,9.0
1774800900.0,4.500703353041045,1.378936430196822,18193453056.0,0.0,0.646592821356403,0.0,7.0
1774800930.0,2.932965829181243,0.9543630736588646,21828354048.0,0.0,0.529192193884026,0.0,5.0
1774800960.0,8.600941330754953,0.9935941537592984,21873078272.0,0.0,0.4830888928743793,0.0,7.0
1774800990.0,9.265800144420377,1.7354913054692596,21873975296.0,0.0,0.4509146051881804,0.0,9.0
1774801020.0,9.46421845254408,1.7660237158774414,21874159616.0,0.0,0.4506263426902096,0.0,9.0
1774801050.0,8.903128879833464,1.7381224517462626,21875576832.0,0.0,0.4673835448532662,0.0,9.0
1774801080.0,8.866666666666667,1.7482535766725702,21875683328.0,0.0,0.4572573472637959,0.0,9.0
1774801110.0,9.466666666666669,1.763737911465489,21876875264.0,0.0,0.453955601256328,0.0,9.0
1774801140.0,9.566666666666666,1.7548269365421385,21876875264.0,0.0,0.4367539862663883,0.0,9.0
1774801170.0,9.695939779502382,1.744693964903412,16969191424.0,0.0,0.4509057512276558,0.0,9.0
1774801200.0,9.368362932432218,1.5148931111319135,14343696384.0,0.0,0.4588775943948299,0.0,9.0
1774801230.0,9.268658707396783,1.1919364898344535,15168450560.0,0.0,0.4585501078985017,0.0,9.0
1774801260.0,3.197548546114646,0.4729509801080848,15451127808.0,0.0,0.4396656483463244,0.0,8.0
1774801290.0,4.905752065372327,1.459302964832683,17842720768.0,0.0,0.4313182246795551,0.0,6.0
1774801320.0,3.166561114629512,1.546455773196731,21109227520.0,0.0,0.4613200782806848,0.0,7.0
1774801350.0,3.0,0.9006555195486853,23040200704.0,0.0,0.4085947968801484,0.0,6.0
1774801380.0,9.564958369992503,2.148159531169305,24064225280.0,0.0,0.2459540069843776,0.0,8.0
1774801410.0,10.732724916907523,2.207980802430395,24065388544.0,0.0,0.2477407725930851,0.0,9.0
1774801440.0,10.502855617827596,2.1758931140226885,24065900544.0,0.0,0.2827459212102136,0.0,9.0
1774801470.0,7.100100003333445,1.8927518305201472,24065966080.0,0.0,0.2816664258446476,0.0,9.0
1774801500.0,0.1666666666666666,0.0526161959135053,22442573824.0,0.0,0.1468746249874994,0.0,9.0
1774801530.0,0.0,0.0204414624979627,20822368256.0,0.0,0.0,0.0,9.0
1774801560.0,0.0,0.0213373969218271,19193282560.0,0.0,0.0,0.0,9.0
1774801590.0,0.4666044527396347,0.6546687512621031,17632231424.0,0.0,0.383431122606647,0.0,9.0
1774801620.0,9.320398306320078,1.6537492500249191,14423470080.0,0.0,0.3452600839343304,0.0,9.0
1774801650.0,10.032498000533192,0.7567051867892104,14427549696.0,0.0,0.3541574485844617,0.0,9.0
1774801680.0,7.267609140215169,1.7727926885759648,15571271680.0,0.0,0.4642537594136619,0.0,8.0
1774801710.0,5.364629663778752,0.9274406028216428,17234997248.0,0.0,0.3680049237900469,0.0,7.0
1774801740.0,3.234348149877177,1.626875508541245,19143688192.0,0.0,0.4585549426905462,0.0,7.0
1774801770.0,3.6333333333333337,1.370117666332318,22037270528.0,0.0,0.4966917149837979,0.0,6.0
1774801800.0,7.912701666666667,1.5730627768614995,22331473920.0,0.0,0.4727295253266141,0.0,7.0
1774801830.0,8.833333333333334,1.7272096763250286,22332821504.0,0.0,0.4615163773576329,0.0,9.0
1774801860.0,8.666666666666666,1.7484343788712924,22333349888.0,0.0,0.4630097699269699,0.0,9.0
1774801890.0,8.633333333333333,1.7233831877321912,22334242816.0,0.0,0.4665317471728947,0.0,9.0
1774801920.0,8.3,1.73889296868913,22334464000.0,0.0,0.474746074471624,0.0,9.0
1774801950.0,9.433333333333334,1.7311537558060104,20713091072.0,0.0,0.4569110336468148,0.0,9.0
1774801980.0,9.433333333333334,1.7637092531849543,19092586496.0,0.0,0.4499994526118659,0.0,9.0
1774802010.0,9.466666666666663,1.7691950372568466,17516797952.0,0.0,0.450297742948598,0.0,9.0
1774802040.0,9.366666666666667,1.738925386628763,14278569984.0,0.0,0.4520347818812809,0.0,9.0
1774802070.0,4.9,1.7419157230947564,14282002432.0,0.0,0.4833352898263494,0.0,9.0
1774802100.0,4.5,0.5091138489558786,16767868928.0,0.0,0.4948583868808222,0.0,8.0
1774802130.0,3.312911916983313,1.1371121954102703,18504622080.0,0.0,0.4993729188437009,0.0,6.0
1774802160.0,4.2965627498001595,0.6032932613123584,21458714624.0,0.0,0.580750136363939,0.0,7.0
1774802190.0,1.5939822222222224,1.483634066095689,24020045824.0,0.0,0.4386225985830365,0.0,7.0
1774802220.0,0.0,0.0194992260548825,24019591168.0,0.0,0.0,0.0,8.0
1774802250.0,0.0,0.0195301477145946,24017928192.0,0.0,0.0,0.0,9.0
1774802280.0,0.0,0.0195830131851172,24016986112.0,0.0,0.0,0.0,9.0
1774802310.0,0.0,0.2731806712679482,24103399424.0,0.0,0.0,0.0,9.0
1774802340.0,9.055037077755149,2.109700175873448,24146440192.0,0.0,0.2483820092429041,0.0,9.0
1774802370.0,10.434928783438728,2.1865485130668407,20899524608.0,0.0,0.2479547814477688,0.0,9.0
1774802400.0,10.833949387526738,2.1578521978185625,17745268736.0,0.0,0.243781823679924,0.0,9.0
1774802430.0,10.800676047279122,2.195939401692935,16126365696.0,0.0,0.2461670589328639,0.0,9.0
1774802460.0,10.702065188782672,2.19172459799995,14499655680.0,0.0,0.2463008883026259,0.0,9.0
1774802490.0,6.265822447347373,1.4477627782964997,14964817920.0,0.0,0.3761956230232537,0.0,9.0
1774802520.0,6.906023240800274,1.659568200683583,19471675392.0,0.0,0.481039458200614,0.0,6.0
1774802550.0,9.4,1.0598043073246008,21859377152.0,0.0,0.4908705930699243,0.0,5.0
1774802580.0,5.0,1.0022542135946235,22332563456.0,0.0,0.6932635296886506,0.0,7.0
1774802610.0,0.0,0.0228353443849897,22346682368.0,0.0,0.0,0.0,9.0
1774802640.0,2.1507233333333335,1.737743289313951,25615601664.0,0.0,0.4420094977568685,0.0,7.0
1774802670.0,2.530212737623598,1.4750871883247376,28067217408.0,0.0,0.4878947221918452,0.0,6.0
1774802700.0,2.7410870048954163,1.6431175225062915,31556464640.0,0.0,0.4749092449755855,0.0,5.0
1774802730.0,5.940787173220569,1.43212092739165,33473036288.0,0.0,0.4914964212171814,0.0,6.0
1774802760.0,5.184624957264957,1.7826315702808757,33740111872.0,0.0,0.432104723639051,0.0,7.0
1774802790.0,7.09891032690193,2.1322143914413574,32104009728.0,0.0,0.2454323607629464,0.0,8.0
1774802820.0,10.89984747615148,1.9902231943227895,28867534848.0,0.0,0.2893167993084213,0.0,8.0
1774802850.0,11.135282813677788,2.055185016856709,28869111808.0,0.0,0.240850697988688,0.0,9.0
1774802880.0,10.7948426329345,2.0223786965651094,27249971200.0,0.0,0.2447143121783636,0.0,9.0
1774802910.0,5.536037451154672,1.7853638300059025,25675059200.0,0.0,0.243771500564847,0.0,9.0
1774802940.0,0.0,0.2966625805636161,22432751616.0,0.0,0.0,0.0,9.0
1774802970.0,0.0,0.0212357349895177,19180556288.0,0.0,0.0,0.0,9.0
1774803000.0,0.0,0.021293341537837,17562406912.0,0.0,0.0,0.0,9.0
1774803030.0,1.8330278286952175,0.2710108983527106,16039604224.0,0.0,0.2439789076944943,0.0,9.0
1774803060.0,6.2880912074234585,2.1972057526030544,14414123008.0,0.0,0.3146741465279932,0.0,9.0
1774803090.0,9.298383084577114,2.2054492083857684,14413754368.0,0.0,0.4372432632755626,0.0,9.0
1774803120.0,9.486790210130389,2.4406106399103713,15986606080.0,0.0,0.4140912808900076,0.0,8.0
1774803150.0,6.17820528112479,1.813856876701938,17939099648.0,0.0,0.488566425737987,0.0,7.0
1774803180.0,8.700879094010824,1.8961100517459497,19131039744.0,0.0,0.4561599711354324,0.0,7.0
1774803210.0,4.166666666666667,0.8607859751320128,19789266944.0,0.0,0.4560138883231462,0.0,7.0
1774803240.0,4.932840049328401,1.5036387417930126,23493308416.0,0.0,0.4786454306325415,0.0,6.0
1774803270.0,4.533484449481649,1.572563079585466,23964921856.0,0.0,0.4748812230086096,0.0,7.0
1774803300.0,8.800324466075516,1.7176651493072426,23965597696.0,0.0,0.4687710632562522,0.0,9.0
1774803330.0,8.531109926478754,1.7241127225762745,23967600640.0,0.0,0.4632566000034526,0.0,9.0
1774803360.0,8.533793379337933,1.4146520255134538,22343323648.0,0.0,0.4696272749161301,0.0,9.0
1774803390.0,8.835155112430114,1.731225685320596,22343479296.0,0.0,0.4609281883229322,0.0,9.0
1774803420.0,8.93300002222074,1.7393786997436655,19148259328.0,0.0,0.4611827192675406,0.0,9.0
1774803450.0,9.398515951301874,1.493647576046518,19148455936.0,0.0,0.4450586622609642,0.0,9.0
1774803480.0,9.497103766879883,1.7380131876931844,15913521152.0,0.0,0.4463076654973253,0.0,9.0
1774803510.0,8.636789222213993,1.7142143827493206,14291087360.0,0.0,0.4705565191417121,0.0,9.0
1774803540.0,9.000655664833026,1.7163329552133224,14295703552.0,0.0,0.4591004478635966,0.0,9.0
1774803570.0,0.0,,14295703552.0,0.0,0.0,0.0,0.0
1774803600.0,0.0,,14295703552.0,0.0,0.0,0.0,0.0
1774803630.0,0.0,0.0,14295703552.0,0.0,0.0,0.0,0.0
1774803660.0,0.0,0.0,14295703552.0,0.0,0.0,0.0,0.0
1774803690.0,0.0,0.0,14295703552.0,0.0,0.0,0.0,0.0
1774803720.0,0.0,0.0,14295703552.0,0.0,0.0,0.0,0.0
1774803750.0,0.0,0.0,14295703552.0,0.0,0.0,0.0,0.0
1774803780.0,0.0,0.0,14295703552.0,0.0,0.0,0.0,0.0
1774803810.0,0.0,0.0,11134586880.0,0.0,0.0,0.0,0.0
1774803840.0,0.0,0.0,0.0,0.0,0.0,0.0,0.0
1774803870.0,0.0,0.0,0.0,0.0,0.0,0.0,0.0
1774803900.0,0.0,0.0,12813533184.0,0.0,0.0,0.0,9.0
1774803930.0,8.741945156746985,2.15315860729447,14520561664.0,0.0,0.4087149600339975,0.0,7.0
1774803960.0,10.268516048724106,2.1819896165982477,14521397248.0,0.0,0.2496535827552133,0.0,8.0
1774803990.0,10.500577874090126,2.161625637483079,14522548224.0,0.0,0.2446568027665506,0.0,9.0
1774804020.0,10.3,1.9719298123285451,14522884096.0,0.0,0.2651344287795713,0.0,9.0
1774804050.0,10.198544775846994,1.8848134545558184,14522892288.0,0.0,0.2487717057274861,0.0,9.0
1774804080.0,10.392354542777916,1.4723395459856996,14522634240.0,0.0,0.2857103303070907,0.0,9.0
1774804110.0,10.108974788952086,2.1787752057867205,14522843136.0,0.0,0.3156442869062553,0.0,9.0
1774804140.0,10.16198084839608,2.170957443016296,14524010496.0,0.0,0.357660973574426,0.0,9.0
1774804170.0,10.23803197703528,2.1970963123399097,14524456960.0,0.0,0.3054588315091961,0.0,9.0
1774804200.0,10.166666666666666,2.1805173704049183,14524555264.0,0.0,0.2495849796903396,0.0,9.0
1774804230.0,7.131700674163414,1.2140302115368742,15245189120.0,0.0,0.4276260174465418,0.0,9.0
1774804260.0,0.0,1.2951516398052183,18145615872.0,0.0,0.0,0.0,6.0
1774804290.0,4.20896067808708,1.088513947791948,23937302528.0,0.0,0.4922007290142387,0.0,4.0
1774804320.0,3.6815466666666663,0.6067467578535419,26517352448.0,0.0,0.4789005395974535,0.0,6.0
1774804350.0,4.8999999999999995,1.782113825808369,27364700160.0,0.0,0.4603020100143503,0.0,7.0
1774804380.0,0.0,0.1963822275910977,27365351424.0,0.0,0.0,0.0,9.0
1774804410.0,0.0,0.0212255683938675,27365478400.0,0.0,0.0,0.0,9.0
1774804440.0,0.0,0.0170189386373295,27365605376.0,0.0,0.0,0.0,9.0
1774804470.0,0.0,0.0169074988730505,27414601728.0,0.0,0.0,0.0,9.0
1774804500.0,3.6034505555555554,1.6944198097276493,25842401280.0,0.0,0.4737979518730705,0.0,9.0
1774804530.0,9.43249458423596,1.7536544204035096,22593433600.0,0.0,0.4558947659232205,0.0,9.0
1774804560.0,9.466944664087572,1.7524575093873915,17734316032.0,0.0,0.4528475844366593,0.0,9.0
1774804590.0,9.300568964750855,1.7581081652919184,14475849728.0,0.0,0.4587742726867234,0.0,9.0
1774804620.0,8.291535210813251,1.750193179106034,14382637056.0,0.0,0.4915984290550934,0.0,9.0
1774804650.0,7.267676976655977,1.0665920052165052,17527738368.0,0.0,0.5301210935330701,0.0,7.0
1774804680.0,3.4,0.929378675906404,19154391040.0,0.0,0.3351224001205976,0.0,7.0
1774804710.0,3.933333333333333,0.7643453880610244,19856654336.0,0.0,0.4909537351592039,0.0,8.0
1774804740.0,0.0,1.0715401096073485,24233988096.0,0.0,0.0,0.0,5.0
1774804770.0,8.885066021089223,2.1820469253076795,25902067712.0,0.0,0.4032290025038136,0.0,6.0
1774804800.0,10.639047127780817,1.5438479904068343,25891962880.0,0.0,0.2462499441572109,0.0,8.0
1774804830.0,10.566542226370233,1.4704176645941751,25885741056.0,0.0,0.2463977588984552,0.0,9.0
1774804860.0,10.49730881961098,2.193023423259379,25885392896.0,0.0,0.2492741837948249,0.0,9.0
1774804890.0,10.667913711680429,2.1880166625713193,25886056448.0,0.0,0.2495941463818321,0.0,9.0
1774804920.0,10.39897580119467,2.0020537810948698,22626144256.0,0.0,0.2960229384891181,0.0,9.0
1774804950.0,10.46908844263571,2.2026780171230156,21006569472.0,0.0,0.2821564447880005,0.0,9.0
1774804980.0,10.565966806638672,1.9491120738777297,17800691712.0,0.0,0.2833287838654912,0.0,9.0
1774805010.0,10.734046809361873,1.9552168080849253,14606135296.0,0.0,0.246377137887684,0.0,9.0
1774805040.0,6.266666666666667,2.186842816126763,14583902208.0,0.0,0.4396871191177824,0.0,9.0
1774805070.0,2.4993335110637163,1.0241017377071675,16618545152.0,0.0,0.5158927495718147,0.0,7.0
1774805100.0,0.0,0.4378359551025237,20419518464.0,0.0,0.0,0.0,5.0
1774805130.0,0.0,0.2974538204517774,22246891520.0,0.0,0.0,0.0,6.0
1774805160.0,0.0,0.2074936823616783,23817641984.0,0.0,0.0,0.0,7.0
1774805190.0,0.0,0.206144619224219,23961886720.0,0.0,0.0,0.0,8.0
1774805220.0,2.673635,1.932228238531433,23963381760.0,0.0,0.2499687995293373,0.0,9.0
1774805250.0,9.765633677663,1.9727621525146768,23963906048.0,0.0,0.2610985636919302,0.0,9.0
1774805280.0,10.301488422760976,2.1648085647108877,23965163520.0,0.0,0.3342588977577842,0.0,9.0
1774805310.0,10.666208949917788,2.0180217754237937,23966515200.0,0.0,0.2496410874333547,0.0,9.0
1774805340.0,10.465880308253803,2.001948700199633,20719374336.0,0.0,0.2499333102786457,0.0,9.0
1774805370.0,10.534642479238697,2.1944229293551913,17481736192.0,0.0,0.2484191678120043,0.0,9.0
1774805400.0,10.6,2.193696590406996,15905714176.0,0.0,0.2491138214978128,0.0,9.0
1774805430.0,10.3,2.194478830404985,14329065472.0,0.0,0.2647864716525758,0.0,9.0
1774805460.0,10.19853596890672,2.1292496414865125,15729119232.0,0.0,0.3419593090141791,0.0,9.0
1774805490.0,2.900773539610563,0.5798370988493514,16638517248.0,0.0,0.4542735356500001,0.0,8.0
1774805520.0,3.0666666666666664,1.4478882691165524,20296232960.0,0.0,0.4848427567507961,0.0,6.0
1774805550.0,0.0,0.9451287555995508,21777797120.0,0.0,0.0,0.0,5.0
1774805580.0,9.259936273618145,1.992749309545414,22457339904.0,0.0,0.4117354540922772,0.0,7.0
1774805610.0,9.636236886266726,1.950929584258427,24102846464.0,0.0,0.3840419296389323,0.0,8.0
1774805640.0,10.328505778289944,1.4828118585075625,24103112704.0,0.0,0.249549309285637,0.0,8.0
1774805670.0,10.235281449187742,2.214275840954023,24103763968.0,0.0,0.2481512835547231,0.0,9.0
1774805700.0,10.062988292663771,1.9653941636015675,24101371904.0,0.0,0.3379670230373964,0.0,9.0
1774805730.0,10.069638946626537,2.217939923598093,24100552704.0,0.0,0.3303276944881397,0.0,9.0
1774805760.0,10.035510805365991,2.188220352533702,20845764608.0,0.0,0.332221833562164,0.0,9.0
1774805790.0,8.399795951392898,2.0038712344124523,17650741248.0,0.0,0.3106098043335014,0.0,9.0
1774805820.0,1.0002667377967458,0.322838987393735,14405242880.0,0.0,0.2364326547035849,0.0,9.0
1774805850.0,0.0,0.0191136896790206,14392803328.0,0.0,0.0,0.0,9.0
1774805880.0,0.0,0.2150689921656266,15926996992.0,0.0,0.0,0.0,8.0
1774805910.0,0.0,0.0393802442289979,15959719936.0,0.0,0.0,0.0,8.0
1774805940.0,5.432691155623695,2.0772180970407903,16068239360.0,0.0,0.3108028022421104,0.0,9.0
1774805970.0,10.166776670333457,1.9986622093216848,16069267456.0,0.0,0.2495210651102284,0.0,9.0
1774806000.0,10.966549171148593,2.1768531054866243,16070344704.0,0.0,0.2447101120674397,0.0,9.0
1774806030.0,11.2,2.2038887567380336,16071512064.0,0.0,0.2430090226208139,0.0,9.0
1774806060.0,10.798817682441088,2.197286461022919,16071651328.0,0.0,0.2445712120509092,0.0,9.0
1774806090.0,10.50150304333817,2.185715003082437,16072622080.0,0.0,0.2498325540356471,0.0,9.0
1774806120.0,10.367137840600968,2.1823619381807173,16072716288.0,0.0,0.2480349176670407,0.0,9.0
1774806150.0,10.232500116648708,2.1428249815198472,14446784512.0,0.0,0.3283685747739445,0.0,9.0
1774806180.0,5.5002844606676575,1.4339222805627962,14434668544.0,0.0,0.4644663531018089,0.0,9.0
1774806210.0,2.4996667111051862,1.1821639170348746,17965613056.0,0.0,0.4988625852268158,0.0,7.0
1774806240.0,6.099406893721822,2.229837218647826,19244810240.0,0.0,0.4098538874318183,0.0,7.0
1774806270.0,10.036020062304493,2.1960968912877012,19246170112.0,0.0,0.364591148769956,0.0,9.0
1774806300.0,10.333792474072656,2.1994512099633843,19247898624.0,0.0,0.2487067000625126,0.0,9.0
1774806330.0,9.89845360705739,2.177151560118693,19247882240.0,0.0,0.3455344021243802,0.0,9.0
1774806360.0,10.767199743048792,1.97988333886375,19248414720.0,0.0,0.2433681115397057,0.0,9.0
1774806390.0,10.70079158650063,2.2386061998921756,19248820224.0,0.0,0.2797532274784115,0.0,9.0
1774806420.0,10.199562393680347,2.199184672476069,19248885760.0,0.0,0.2775010657502151,0.0,9.0
1774806450.0,10.533569093056936,2.2234264504541197,17616764928.0,0.0,0.2498337107967622,0.0,9.0
1774806480.0,10.898660621374953,2.2235245752846886,14372212736.0,0.0,0.2473872315884345,0.0,9.0
1774806510.0,10.435418604440189,2.2022762634638307,14372155392.0,0.0,0.2499340805133857,0.0,9.0
1774806540.0,0.9633591336411652,0.1187460955442925,15283564544.0,0.0,0.2400367512071461,0.0,8.0
1774806570.0,0.0,0.2343226575983442,17615740928.0,0.0,0.0,0.0,7.0
1774806600.0,0.0,0.0219319823615295,17615945728.0,0.0,0.0,0.0,8.0
1774806630.0,0.0,0.0877580116783663,17662480384.0,0.0,0.0,0.0,9.0
1774806660.0,7.824341558623449,1.7261478322962645,17761288192.0,0.0,0.2481489355701391,0.0,9.0
1774806690.0,10.498617010903796,2.1801485691765805,17762390016.0,0.0,0.2453570681477558,0.0,9.0
1774806720.0,10.532744730973588,1.950991973077446,17763545088.0,0.0,0.2447377173575715,0.0,9.0
1774806750.0,10.331542376667825,2.1838717408351367,17765617664.0,0.0,0.3135587670494119,0.0,9.0
1774806780.0,10.437050230193629,2.2039510579282484,17766600704.0,0.0,0.2472611815293953,0.0,9.0
1774806810.0,10.566551114962834,2.211916541257755,14520123392.0,0.0,0.2473214846716823,0.0,9.0
1774806840.0,6.79943342776204,1.976852402532705,14523703296.0,0.0,0.3646713874113195,0.0,9.0
1774806870.0,6.200583430571761,1.3730156107231788,16851509248.0,0.0,0.5462737080750477,0.0,7.0
1774806900.0,8.831090591505479,1.80583785564442,17716584448.0,0.0,0.4749197287749337,0.0,7.0
1774806930.0,8.80199051047492,1.6973291503417507,17717022720.0,0.0,0.4679363699412501,0.0,9.0
1774806960.0,9.066935573482676,1.7338037041297318,17717047296.0,0.0,0.4557796512207509,0.0,9.0
1774806990.0,8.666666666666668,1.7288534770237702,17717448704.0,0.0,0.4666665097393544,0.0,9.0
1774807020.0,8.633333333333333,1.7264947779063342,17717678080.0,0.0,0.4687501189742222,0.0,9.0
1774807050.0,9.533333333333331,1.722514302547183,17718472704.0,0.0,0.448456558526197,0.0,9.0
1774807080.0,8.333333333333332,1.5310309537327762,17718607872.0,0.0,0.4686082101714131,0.0,9.0
1774807110.0,8.698656003554373,1.7115483150012123,17718681600.0,0.0,0.4660405193691463,0.0,9.0
1774807140.0,8.501244859397577,1.7009758359966307,14397509632.0,0.0,0.4716975896626676,0.0,9.0
1774807170.0,4.348547717842323,1.7125238907515592,14397562880.0,0.0,0.6210016025641023,0.0,9.0
1774807200.0,1.8666666666666667,0.7561728098979953,17538936832.0,0.0,0.3020852776064966,0.0,7.0
1774862160.0,0.0,0.0040975708119608,3161227264.0,0.0,0.0,0.0,2.0
1774862190.0,0.0,0.0037914286050568,3161227264.0,0.0,0.0,0.0,2.0
1774862220.0,0.0,0.0017152655096554,3161235456.0,0.0,0.0,0.0,2.0
1774862250.0,0.0,0.0047682864673576,3161223168.0,0.0,0.0,0.0,2.0
1774862280.0,0.0,0.0047209198497516,3161251840.0,0.0,0.0,0.0,2.0
1774862310.0,0.0,0.0048594168019603,3161235456.0,0.0,0.0,0.0,2.0
1774862340.0,0.0,0.0047353329034545,3161268224.0,0.0,0.0,0.0,2.0
1774862370.0,0.0,0.0049459178489101,3161268224.0,0.0,0.0,0.0,2.0
1774862400.0,0.0,0.0046856813122616,3161280512.0,0.0,0.0,0.0,2.0
1774862430.0,0.0,0.0048373886883267,3161227264.0,0.0,0.0,0.0,2.0
1774862460.0,0.0,0.0049254168364568,3161415680.0,0.0,0.0,0.0,2.0
1774862490.0,0.0,0.0640543909573775,3205971968.0,0.0,0.0,0.0,2.0
1774862520.0,8.280532419450898,1.6927166013143933,3251576832.0,0.0,0.4894386463126677,0.0,2.0
1774862550.0,7.022322250027396,1.666593864279654,7982256128.0,0.0,0.8677173462622232,0.0,2.0
1774862580.0,8.448939094209925,1.2776402461726062,12706930688.0,0.0,0.4956898515055161,0.0,2.0
1774862610.0,0.0,0.1530005814495555,14851559424.0,0.0,0.0,0.0,4.0
1774862640.0,2.128250921853481,1.1334590359591128,17458610176.0,0.0,0.4892516063724211,0.0,6.0
1774862670.0,5.926017173536081,1.8654353267463115,20763783168.0,0.0,0.4795575983073741,0.0,4.0
1774862700.0,4.1,1.2444684031838134,22894981120.0,0.0,0.6842382094152373,0.0,6.0
1774862730.0,0.0,1.3462392196733095,26471714816.0,0.0,0.0,0.0,6.0
1774862760.0,0.0,0.4556255637245342,28188987392.0,0.0,0.0,0.0,6.0
1774862790.0,4.938455756550223,1.93336827481409,30444986368.0,0.0,0.4578994085542578,0.0,7.0
1774862820.0,6.936355027287423,1.665740002852229,32778616832.0,0.0,0.3096042529882341,0.0,8.0
1774862850.0,10.451482158444412,1.398366629480391,33633439744.0,0.0,0.2457292152781687,0.0,7.0
1774862880.0,10.863674406036164,1.251991675110229,32010809344.0,0.0,0.2463156408006583,0.0,9.0
1774862910.0,11.035406870904303,1.3207697977156043,28763455488.0,0.0,0.2737802740748881,0.0,9.0
1774862940.0,11.102116207028796,2.2600266229473025,27188776960.0,0.0,0.2454550483566993,0.0,9.0
1774862970.0,11.265429128763731,2.2606337557821896,23946792960.0,0.0,0.2452063095203457,0.0,9.0
1774863000.0,10.767958381581575,2.2580357911988704,22333980672.0,0.0,0.247057157875793,0.0,9.0
1774863030.0,10.797727725450624,1.9201134695011648,19138584576.0,0.0,0.244659616121828,0.0,9.0
1774863060.0,9.666132571216767,1.510443229524603,17512747008.0,0.0,0.3910230482203472,0.0,9.0
1774863090.0,3.6010626538265624,1.7363851657074854,14319263744.0,0.0,0.2546853347944074,0.0,9.0
1774863120.0,0.0,0.0862444562699401,14317932544.0,0.0,0.0,0.0,9.0
1774863150.0,0.0,0.2371958589773564,15892930560.0,0.0,0.0,0.0,8.0
1774863180.0,0.0,0.2666790413678807,18590605312.0,0.0,0.0,0.0,6.0
1774863210.0,0.0,0.3815433477080011,19087097856.0,0.0,0.0,0.0,7.0
1774863240.0,9.978718842616198,1.4549418608061029,19188469760.0,0.0,0.2446371573223892,0.0,9.0
1774863270.0,10.96713784060097,1.5015987531498567,19190341632.0,0.0,0.2456790675514387,0.0,9.0
1774863300.0,10.634489874498987,2.263641122567382,19190804480.0,0.0,0.2585683154866656,0.0,9.0
1774863330.0,10.500379004941742,2.0473359951380146,19191762944.0,0.0,0.2498113311369791,0.0,9.0
1774863360.0,10.331923812010942,2.010496021790377,19192168448.0,0.0,0.2869132686406883,0.0,9.0
1774863390.0,10.468297172064956,1.8253194759016556,19192000512.0,0.0,0.2492284925162828,0.0,9.0
1774863420.0,10.666066766650005,2.2691989430473587,15951192064.0,0.0,0.2472156253245768,0.0,9.0
1774863450.0,11.098319405561249,1.5063030666024448,14330585088.0,0.0,0.2440253895305436,0.0,9.0
1774863480.0,6.534990509099458,1.5546220052405548,14382977024.0,0.0,0.3869327682188597,0.0,9.0
1774863510.0,3.133751166822243,1.1597530011333537,16515833856.0,0.0,0.4613940731865368,0.0,8.0
1774863540.0,2.3702555555555556,1.0078018968245082,20168359936.0,0.0,0.5099772623059792,0.0,6.0
1774863570.0,3.1317674496085295,2.131965134384526,23763894272.0,0.0,0.7295800103401218,0.0,5.0
1774863600.0,5.750534208771054,1.8389053732069949,26645356544.0,0.0,0.4088113942357825,0.0,6.0
1774863630.0,10.72756406101386,1.9756424981180536,26970566656.0,0.0,0.2448400262233943,0.0,7.0
1774863660.0,10.37119162729266,1.5277636554404337,26971459584.0,0.0,0.2646134088783672,0.0,9.0
1774863690.0,10.432686255290516,2.276033955071465,26970947584.0,0.0,0.2931832403219059,0.0,9.0
1774863720.0,10.832425170094448,2.052365117756628,26969034752.0,0.0,0.249571295777696,0.0,9.0
1774863750.0,10.765977136367008,2.275029266668664,26970271744.0,0.0,0.2774131306326423,0.0,9.0
1774863780.0,11.300978436968707,2.264989072081809,20515991552.0,0.0,0.2457099889455344,0.0,9.0
1774863810.0,4.434199230566077,1.7279005779352143,18897100800.0,0.0,0.246292708795864,0.0,9.0
1774863840.0,0.0,0.0184511710698972,17321193472.0,0.0,0.0,0.0,9.0
1774863870.0,0.0,0.0180507344901234,14418579456.0,0.0,0.0,0.0,9.0
1774863900.0,0.0,0.0190864431744774,15639384064.0,0.0,0.0,0.0,9.0
1774863930.0,0.0,0.2733281514314835,19055964160.0,0.0,0.0,0.0,6.0
1774863960.0,0.0,0.4424576170046899,21938704384.0,0.0,0.0,0.0,5.0
1774863990.0,0.0,1.2948245118628507,25031532544.0,0.0,0.0,0.0,6.0
1774864020.0,0.0,0.6576432543544983,25129013248.0,0.0,0.0,0.0,5.0
1774864050.0,3.666994750656168,1.1524177366104853,28454969344.0,0.0,0.6376949796009147,0.0,6.0
1774864080.0,5.299646690220651,0.0333018135929468,30442074112.0,0.0,0.6295969627909722,0.0,6.0
1774864110.0,5.30035335689046,0.0134760689016058,30443585536.0,0.0,0.6377944551099033,0.0,8.0
1774864140.0,5.166666666666667,1.0065793714177105,30444015616.0,0.0,0.6837299342105263,0.0,9.0
1774864170.0,5.266666666666667,1.006577105293307,27187171328.0,0.0,0.6118421052631579,0.0,9.0
1774864200.0,5.166666666666667,1.0035640446854628,25565941760.0,0.0,0.6352272727272726,0.0,9.0
1774864230.0,5.2,1.0109373855602055,22415269888.0,0.0,0.6661290322580644,0.0,9.0
1774864260.0,5.0,1.0089306290477824,20787871744.0,0.0,0.6986979166666666,0.0,9.0
1774864290.0,5.1,0.982649148844287,15971905536.0,0.0,0.6768939393939393,0.0,7.0
1774864320.0,5.166666666666667,0.9969847805187094,14344945664.0,0.0,0.5899999999999999,0.0,7.0
1774864350.0,5.333333333333333,1.0066594683869927,14345158656.0,0.0,0.6499999999999999,0.0,7.0
1774864380.0,5.266666666666667,1.0044622807346926,14345433088.0,0.0,0.6339287698280432,0.0,7.0
1774864410.0,5.366666666666666,0.6810616174850036,14345322496.0,0.0,0.6014702940980378,0.0,7.0
1774864440.0,5.266666666666667,1.0021728478724126,14345408512.0,0.0,0.6738281249999999,0.0,7.0
1774864470.0,5.232810052328101,1.0066155204760774,14345515008.0,0.0,0.6650846982758619,0.0,7.0
1774864500.0,5.367203387005367,0.0125874449348934,14345515008.0,0.0,0.6190810526315789,0.0,7.0
1774864530.0,3.8,0.0123425090825856,14345551872.0,0.0,0.5093750000000005,0.0,7.0
1774864560.0,0.0,0.1642581636868479,11196002304.0,0.0,0.0,0.0,7.0
1774864590.0,0.0,0.0141209042762918,11195961344.0,0.0,0.0,0.0,7.0
1774864620.0,0.0,0.0168346668080963,11195957248.0,0.0,0.0,0.0,7.0
1774864650.0,0.0,0.1152329309340822,11244003328.0,0.0,0.0,0.0,7.0
1774864680.0,4.691811111111111,0.7633637928392565,11245289472.0,0.0,0.4981331168831168,0.0,7.0
1774864710.0,5.466666666666667,1.007780944157198,11245420544.0,0.0,0.5678571428571424,0.0,7.0
1774864740.0,5.3,1.0094238697613596,11245441024.0,0.0,0.5968749999999998,0.0,7.0
1774864770.0,5.333333333333333,0.9955168850588052,11246182400.0,0.0,0.5937499999999998,0.0,7.0
1774864800.0,5.4,0.9928421954768708,11246231552.0,0.0,0.5723214285714284,0.0,7.0
1774864830.0,5.1329911339244045,0.999704289521595,11246485504.0,0.0,0.6633918154761904,0.0,7.0
1774864860.0,5.0003333555570375,0.6659182157458879,11246456832.0,0.0,0.6956401356589147,0.0,7.0
1774864890.0,5.033333333333333,1.0035125727163354,11246649344.0,0.0,0.6992021276595745,0.0,7.0
1774864920.0,5.066666666666666,1.003259486064328,11246612480.0,0.0,0.6685344827586206,0.0,7.0
1774864950.0,5.033333333333333,0.9961208003865524,11246682112.0,0.0,0.6753906249999999,0.0,7.0
1774864980.0,5.033333333333333,0.6387020879132308,11246759936.0,0.0,0.6808823529411765,0.0,7.0
1774865010.0,5.2,0.6188093443489092,11247673344.0,0.0,0.6519999999999999,0.0,7.0
1774865040.0,5.033333333333333,0.6699424690589767,11247681536.0,0.0,0.6912499999999999,0.0,7.0
1774865070.0,5.233333333333333,0.0124542000139565,11248521216.0,0.0,0.6679166666666666,0.0,7.0
1774865100.0,5.033333333333333,1.0023139216094243,11249319936.0,0.0,0.6689655172413793,0.0,7.0
1774865130.0,5.0,0.9850897597071572,11249528832.0,0.0,0.6947674418604651,0.0,7.0
1774865160.0,4.866666666666666,0.6369939137208959,11249537024.0,0.0,0.7091519196294656,0.0,7.0
1774865190.0,4.766666666666667,0.4860223317063217,11249369088.0,0.0,0.7131047378931441,0.0,7.0
1774865220.0,5.1,0.6499646409230496,11249438720.0,0.0,0.6875,0.0,7.0
1774865250.0,2.2333333333333334,0.0151900859359894,11249516544.0,0.0,0.6756944444444444,0.0,7.0
1774865280.0,0.0,0.0128680802386689,11249274880.0,0.0,0.0,0.0,7.0
1774865310.0,0.0,0.011200656816487,11249205248.0,0.0,0.0,0.0,7.0
1774865340.0,0.0,0.0157156743119837,11249184768.0,0.0,0.0,0.0,7.0
1774865370.0,0.8666666666666667,0.0120016989082784,11262566400.0,0.0,0.2687681169001628,0.0,7.0
1774865400.0,9.313584178693242,0.632306664690163,11875270656.0,0.0,0.3035754712885938,0.0,7.0
1774865430.0,6.2334066973348445,2.0750452604700063,14140420096.0,0.0,0.7487413368208572,0.0,7.0
1774865460.0,5.398045877467635,1.9825274009484375,17436147712.0,0.0,0.4655382077628777,0.0,5.0
1774865490.0,10.217153929810516,1.8807612785706984,18188922880.0,0.0,0.3165663585630728,0.0,7.0
1774865520.0,10.5992800719928,1.8991646357029532,18189635584.0,0.0,0.2492225748858292,0.0,9.0
1774865550.0,11.132160649091698,1.5125117809853252,18190823424.0,0.0,0.245777182227596,0.0,9.0
1774865580.0,10.501784225446055,1.2839923092409438,18191024128.0,0.0,0.2470174333784987,0.0,9.0
1774865610.0,10.565513557507735,1.4732502464037032,18192257024.0,0.0,0.329626431380296,0.0,9.0
1774865640.0,10.066521207513366,2.242425298991442,18192142336.0,0.0,0.3317318413687374,0.0,9.0
1774865670.0,10.66560862056659,2.228815067740513,18193227776.0,0.0,0.2983760913423693,0.0,9.0
1774865700.0,10.5663200346632,1.7817072350302547,16011022336.0,0.0,0.2498412275233396,0.0,9.0
1774865730.0,10.701210543329594,1.152335780511497,14394261504.0,0.0,0.3211659387472845,0.0,9.0
1774865760.0,5.950175404085112,0.999317558251772,15936004096.0,0.0,0.6625360776647493,0.0,9.0
1774865790.0,0.0,0.3600114257853534,18358943744.0,0.0,0.0,0.0,7.0
1774865820.0,0.0,0.7980661795306682,21323702272.0,0.0,0.0,0.0,4.0
1774865850.0,7.361825949261593,1.7003708313348078,24328568832.0,0.0,0.4661734112810992,0.0,5.0
1774865880.0,9.533333333333331,0.6891175440307434,24293855232.0,0.0,0.4520690631812885,0.0,7.0
1774865910.0,8.59784054475088,1.0106691025584706,24276738048.0,0.0,0.4720853196049955,0.0,9.0
1774865940.0,8.835549447178291,1.7540719188371372,24254939136.0,0.0,0.4692979773401571,0.0,9.0
1774865970.0,5.966666666666667,1.4788617398327344,24244629504.0,0.0,0.4583335563155308,0.0,9.0
1774866000.0,0.0,0.2883775864051521,24241328128.0,0.0,0.0,0.0,9.0
1774866030.0,0.0,0.0138080242275973,22617513984.0,0.0,0.0,0.0,9.0
1774866060.0,0.0,0.0202180820492096,19374051328.0,0.0,0.0,0.0,9.0
1774866090.0,2.4985611510791363,0.0223712821415153,16206540800.0,0.0,0.2425931825166838,0.0,9.0
1774866120.0,9.374892951959358,1.9248989058426584,14620901376.0,0.0,0.2928499180727593,0.0,9.0
1774866150.0,2.7666666666666666,1.6475689143225984,15993970688.0,0.0,0.4619001767551774,0.0,9.0
1774866180.0,4.0,1.543853859512461,17529630720.0,0.0,0.4669803684998209,0.0,7.0
1774866210.0,9.2,1.0086680711004623,17531564032.0,0.0,0.4690311024369945,0.0,8.0
1774866240.0,9.466666666666669,1.060079983800616,17532825600.0,0.0,0.4553900089419024,0.0,9.0
1774866270.0,9.3,0.495492617549339,17532850176.0,0.0,0.4531252556051366,0.0,9.0
1774866300.0,9.466666666666663,1.4041631684606353,17532981248.0,0.0,0.4548922864470046,0.0,9.0
1774866330.0,9.298420473857842,1.4137043091440726,17533194240.0,0.0,0.4455497248586777,0.0,9.0
1774866360.0,9.434873795471974,1.389638414987039,17533841408.0,0.0,0.4572873259392703,0.0,9.0
1774866390.0,9.133333333333333,1.4649343916459387,17534447616.0,0.0,0.4614898105652333,0.0,9.0
1774866420.0,9.265461392341786,1.3636654399741277,15913172992.0,0.0,0.460272800950613,0.0,9.0
1774866450.0,9.101159159359405,1.4511995286240391,14287540224.0,0.0,0.4595794724471057,0.0,9.0
1774866480.0,9.266666666666666,1.277832550407962,13240725504.0,0.0,0.4798825780663898,0.0,9.0
1774866510.0,4.766666666666667,1.53900769239461,14806028288.0,0.0,0.4694353115698784,0.0,8.0
1774866540.0,9.366666666666667,1.1304259627557838,14807363584.0,0.0,0.4579694243608281,0.0,9.0
1774866570.0,9.268545258500907,0.5546838679695641,14808674304.0,0.0,0.4600440473426488,0.0,9.0
1774866600.0,9.46483301680383,1.0041065087261172,14810562560.0,0.0,0.4545411640288644,0.0,9.0
1774866630.0,9.366102297471448,1.352878114464024,14810791936.0,0.0,0.4575271082391247,0.0,9.0
1774866660.0,9.466120072879171,0.7891683222824649,14811062272.0,0.0,0.4507466861610908,0.0,9.0
1774866690.0,7.002918709763502,1.4761740371485872,14810939392.0,0.0,0.4302946903293533,0.0,9.0
1774866720.0,0.3,0.022533622749222,14810963968.0,0.0,0.1659992499249924,0.0,9.0
1774866750.0,0.0,0.0186831726548244,14810619904.0,0.0,0.0,0.0,9.0
1774866780.0,0.0,0.019130408374015,14281383936.0,0.0,0.0,0.0,9.0
1774866810.0,0.0,0.0217403995459419,14282723328.0,0.0,0.0,0.0,9.0
1774866840.0,3.777241307036955,1.1792023206073394,18020073472.0,0.0,0.6483171320564547,0.0,7.0
1774866870.0,3.2962794122803944,1.868051359167152,20728696832.0,0.0,0.3263996141038673,0.0,5.0
1774866900.0,10.32877777777778,1.700534111762115,20729634816.0,0.0,0.2480578460251089,0.0,7.0
1774866930.0,10.594386815917854,1.2393005183071713,20730269696.0,0.0,0.2453762322109083,0.0,9.0
1774866960.0,10.702458850902747,1.6922698555527291,20730650624.0,0.0,0.2478928787541356,0.0,9.0
1774866990.0,10.364478692529485,0.7588551081157284,20732076032.0,0.0,0.2611763054614338,0.0,9.0
1774867020.0,10.938733160357634,2.270056773252561,20732825600.0,0.0,0.2456182249286835,0.0,9.0
1774867050.0,10.66463629406919,1.5096506689026326,20732899328.0,0.0,0.255260316204153,0.0,9.0
1774867080.0,10.267682960112866,1.5156494608161364,19107332096.0,0.0,0.3225014451185357,0.0,9.0
1774867110.0,10.564225725499291,2.0173626851095947,15955304448.0,0.0,0.2803578212991431,0.0,9.0
1774867140.0,10.835233372241824,1.510520048596986,14332256256.0,0.0,0.247148636405748,0.0,9.0
1774867170.0,6.834433083714354,2.4839880804030336,15804747776.0,0.0,0.3687446523475058,0.0,9.0
1774867200.0,2.8,1.4555233800074456,17428705280.0,0.0,0.4757589642173369,0.0,8.0
1774867230.0,0.0,0.7211373218538443,19165540352.0,0.0,0.0,0.0,6.0
1774867260.0,0.0,0.6546385357455309,23726915584.0,0.0,0.0,0.0,6.0
1774867290.0,0.0,1.1860905427532895,24939069440.0,0.0,0.0,0.0,5.0
1774867320.0,1.9686663104818511,1.9224152694132508,27274907648.0,0.0,0.4147488547475051,0.0,6.0
1774867350.0,10.133443337000124,2.084298590878128,28902838272.0,0.0,0.3484170802232715,0.0,7.0
1774867380.0,10.599167971917662,1.284916542140501,28903923712.0,0.0,0.2474024358835706,0.0,8.0
1774867410.0,9.134204647751142,1.5329590829945103,28905459712.0,0.0,0.2736026854038519,0.0,9.0
1774867440.0,1.1,0.644541818844192,28905447424.0,0.0,0.2379995999433248,0.0,9.0
1774867470.0,0.0,0.0189147010486036,25643704320.0,0.0,0.0,0.0,9.0
1774867500.0,0.0,0.0192388020984175,20830965760.0,0.0,0.0,0.0,9.0
1774867530.0,0.0,0.2331579365286127,17629220864.0,0.0,0.0,0.0,9.0
1774867560.0,5.050266666666667,1.3946970744876293,17721581568.0,0.0,0.3143260305196691,0.0,9.0
1774867590.0,10.4,1.2673360001914964,14476214272.0,0.0,0.2833308316695754,0.0,9.0
1774867620.0,8.766666666666666,0.7205909257607003,15561138176.0,0.0,0.4529311797197024,0.0,9.0
1774867650.0,6.0326046387629955,1.1480069979188572,19144052736.0,0.0,0.4622203638824892,0.0,7.0
1774867680.0,8.834426958299991,1.7736438722628265,19144785920.0,0.0,0.472534976071098,0.0,6.0
1774867710.0,9.133333333333333,1.752586467412624,19147157504.0,0.0,0.4592852624925007,0.0,9.0
1774867740.0,9.433333333333334,1.7499904753228597,19148128256.0,0.0,0.4545590146191407,0.0,9.0
1774867770.0,9.166666666666668,1.7427472060707043,19148279808.0,0.0,0.4611112710123497,0.0,9.0
1774867800.0,8.833333333333332,1.4189173453984107,19148480512.0,0.0,0.4618872303668305,0.0,9.0
1774867830.0,9.1,0.751248461783813,19149414400.0,0.0,0.4566486390914267,0.0,9.0
1774867860.0,9.366666666666667,1.763225191494498,19149520896.0,0.0,0.457421875,0.0,9.0
1774867890.0,9.433333333333334,1.7773562579209332,15890587648.0,0.0,0.4487805792591472,0.0,9.0
1774867920.0,9.766666666666666,1.7736061018918012,14271778816.0,0.0,0.4419525169690403,0.0,9.0
1774867950.0,9.133333333333333,1.0976365092607725,14271832064.0,0.0,0.4599269311474149,0.0,9.0
1774867980.0,3.7553472879861545,0.2311622671353293,15883997184.0,0.0,0.249730919702461,0.0,9.0
1774868010.0,6.133866745299857,1.5674689856908497,16186212352.0,0.0,0.4282915112690415,0.0,8.0
1774868040.0,7.366560003555437,1.5917512302239634,19093499904.0,0.0,0.4457434246423101,0.0,7.0
1774868070.0,8.765961228684109,1.527502072094349,19095568384.0,0.0,0.4736703320856783,0.0,8.0
1774868100.0,8.866666666666667,0.7000034436133864,19095719936.0,0.0,0.4722602604106577,0.0,9.0
1774868130.0,6.833841174713603,0.6603449045224278,19097505792.0,0.0,0.4734365772078087,0.0,9.0
1774868160.0,1.499950001666611,0.3325065358652514,19097497600.0,0.0,0.4544993166666666,0.0,9.0
1774868190.0,0.0,0.0168739008672985,19097284608.0,0.0,0.0,0.0,9.0
1774868220.0,0.0,0.0215818875238683,17473974272.0,0.0,0.0,0.0,9.0
1774868250.0,1.8000000000000005,0.0186831885128761,17474105344.0,0.0,0.2308088235294117,0.0,9.0
1774868280.0,5.866420024664201,1.631826690749488,15899054080.0,0.0,0.2533284130501925,0.0,9.0
1774868310.0,10.699749026727368,2.265601295992515,14323302400.0,0.0,0.2539600936421811,0.0,9.0
1774868340.0,6.966777781481605,2.271473122205859,14327857152.0,0.0,0.3169062674557806,0.0,9.0
1774868370.0,2.7990669776741086,1.412175430696076,17162686464.0,0.0,0.5063526738792995,0.0,7.0
1774868400.0,8.381166000148198,1.8021418777490128,17599647744.0,0.0,0.4759133593509995,0.0,7.0
1774868430.0,9.033333333333331,1.3845212298574998,17600929792.0,0.0,0.4608522122621959,0.0,8.0
1774868460.0,9.6995900409959,1.0037848239143703,17601318912.0,0.0,0.4461558438102056,0.0,9.0
1774868490.0,9.4004100410041,1.7608097641979807,17601691648.0,0.0,0.4528071206015733,0.0,9.0
1774868520.0,9.2,1.5234361700830463,17601892352.0,0.0,0.4598751249750049,0.0,9.0
1774868550.0,9.2,1.3639618809854048,17601642496.0,0.0,0.4676964606404425,0.0,9.0
1774868580.0,9.4,1.756699096169079,17602568192.0,0.0,0.4582909651183411,0.0,9.0
1774868610.0,9.264288014569525,1.008821740571355,17602809856.0,0.0,0.4603363257070743,0.0,9.0
1774868640.0,9.535657983968694,0.6481340917038868,14362640384.0,0.0,0.4489082960368413,0.0,9.0
1774868670.0,9.0,0.7869610670089489,14351745024.0,0.0,0.4564521772428935,0.0,9.0
1774868700.0,4.233333333333333,1.2314576444138303,16421404672.0,0.0,0.6062509362623913,0.0,8.0
1774868730.0,0.0,0.493253903489569,17864093696.0,0.0,0.0,0.0,6.0
1774868760.0,9.89946120091096,2.1460413410415144,19252563968.0,0.0,0.3547465585694659,0.0,8.0
1774868790.0,10.300195684159982,1.9237788684819763,19251720192.0,0.0,0.2463185724765879,0.0,9.0
1774868820.0,10.86666674,1.5097778846540943,19253231616.0,0.0,0.2444395822501806,0.0,9.0
1774868850.0,10.032477977360838,2.0391988991161343,19253313536.0,0.0,0.2670991005790402,0.0,9.0
1774868880.0,1.867077914860509,0.6301942491735696,19253563392.0,0.0,0.240158310773258,0.0,9.0
1774868910.0,0.0,0.0181993615351902,19253448704.0,0.0,0.0,0.0,9.0
1774868940.0,0.0,0.018117009259615,19253522432.0,0.0,0.0,0.0,9.0
1774868970.0,0.0,0.0212034374534532,17633472512.0,0.0,0.0,0.0,9.0
1774869000.0,3.466666666666667,1.0210870087985289,14431772672.0,0.0,0.4479168402546326,0.0,9.0
1774869030.0,3.996601315416811,1.0053794913178953,15018541056.0,0.0,0.5667387238630968,0.0,9.0
1774869060.0,6.484003585412833,1.176115649414556,18564624384.0,0.0,0.5611409271325553,0.0,7.0
1774869090.0,2.6998200119992,1.7557195570796276,22415556608.0,0.0,0.4815418444075742,0.0,5.0
1774869120.0,9.813649713584445,1.971863520136316,22453981184.0,0.0,0.3812973059106429,0.0,7.0
1774869150.0,10.7667888929631,1.1635607320031642,22454460416.0,0.0,0.2653012041423752,0.0,9.0
1774869180.0,10.066666666666666,1.262521697256202,22458138624.0,0.0,0.3388894288863459,0.0,9.0
1774869210.0,9.93300003333,2.1900195956799484,22460211200.0,0.0,0.3628963835645837,0.0,9.0
1774869240.0,10.433686702003534,2.264887535602197,22460297216.0,0.0,0.2756148002983581,0.0,9.0
1774869270.0,10.599766682221183,1.4947756815775088,22461362176.0,0.0,0.2483996123546753,0.0,9.0
1774869300.0,10.265288195855987,1.484567146881294,20831350784.0,0.0,0.3156192386807915,0.0,9.0
1774869330.0,10.262278110994329,2.2212113251640395,15968374784.0,0.0,0.3037340728445992,0.0,9.0
1774869360.0,9.972328168103338,1.928619170729852,14392614912.0,0.0,0.3608996424377977,0.0,9.0
1774869390.0,9.550012036505905,1.52627903862167,14907535360.0,0.0,0.3889387437744681,0.0,9.0
1774869420.0,3.535627538948232,1.473130155856142,16590336000.0,0.0,0.4936122982989547,0.0,8.0
1774869450.0,2.185222955408918,1.8374540369711063,20718825472.0,0.0,0.4652576864880491,0.0,7.0
1774869480.0,5.506811311053943,1.878557479112816,22320803840.0,0.0,0.4293939000698064,0.0,6.0
1774869510.0,10.135067533766884,2.034342277571605,22442450944.0,0.0,0.3724782535044916,0.0,8.0
1774869540.0,10.4,1.953703041620884,22443888640.0,0.0,0.2481971614442666,0.0,9.0
1774869570.0,9.0,1.5191248715856889,22444978176.0,0.0,0.2450234836109909,0.0,9.0
1774869600.0,1.3,0.7360506224711255,22442762240.0,0.0,0.2424991824598695,0.0,9.0
1774869630.0,0.0,0.0213599359658454,22442618880.0,0.0,0.0,0.0,9.0
1774869660.0,0.0,0.0156068327795627,22442663936.0,0.0,0.0,0.0,9.0
1774869690.0,0.899850024995834,0.0132532984685346,19189313536.0,0.0,0.2298840795507549,0.0,9.0
1774869720.0,5.900516768349761,0.9932545274560228,16036704256.0,0.0,0.2483728484256511,0.0,9.0
1774869750.0,10.334467044570411,2.241484304075964,14421864448.0,0.0,0.3114670874340702,0.0,9.0
1774869780.0,6.599675617325715,1.4913542362690155,14399336448.0,0.0,0.3846598603224753,0.0,9.0
1774869810.0,2.7999066697776738,1.2755757385052076,18694406144.0,0.0,0.4565002859454401,0.0,7.0
1774869840.0,5.6819161450703595,0.4673515893393446,19753570304.0,0.0,0.4314768988785205,0.0,7.0
1774869870.0,8.3,0.0778632798752609,20802469888.0,0.0,0.4746622626677256,0.0,8.0
1774869900.0,5.133333333333333,1.509704151047959,24587567104.0,0.0,0.4621607911413684,0.0,7.0
1774869930.0,6.133333333333333,1.585103165538474,27185577984.0,0.0,0.4147871184568253,0.0,6.0
1774869960.0,10.365616842968109,1.886911874238863,27187105792.0,0.0,0.2470032719347829,0.0,8.0
1774869990.0,10.035334200420207,1.487455667243071,27187478528.0,0.0,0.381553801430284,0.0,9.0
1774870020.0,10.397221183470046,1.498383979976177,27187503104.0,0.0,0.2948727562798944,0.0,9.0
1774870050.0,10.067740962418153,1.487152650253127,25561944064.0,0.0,0.3482660390943455,0.0,9.0
1774870080.0,10.233623166991578,2.017430707726874,23940673536.0,0.0,0.2494825231649648,0.0,9.0
1774870110.0,10.298294959714612,1.5071222669098834,22321946624.0,0.0,0.248786578967652,0.0,9.0
1774870140.0,10.703110276113526,1.917517748494699,19082952704.0,0.0,0.2483482529558052,0.0,9.0
1774870170.0,10.6663100356631,1.2505087114999909,15930834944.0,0.0,0.2797636066387109,0.0,9.0
1774870200.0,9.569775679351746,2.2617176246091057,14362476544.0,0.0,0.4240352822987396,0.0,9.0
1774870230.0,5.550310370495481,1.357322477559214,17491660800.0,0.0,0.4446920274455683,0.0,8.0
1774870260.0,3.8666666666666663,1.14676728017822,19065278464.0,0.0,0.4867692917685906,0.0,7.0
1774870290.0,3.3333333333333335,1.282252048129653,20641738752.0,0.0,0.6759672176588383,0.0,7.0
1774870320.0,2.2,0.5990861216303781,22218297344.0,0.0,0.4781474184782608,0.0,6.0
1774870350.0,0.0,0.4504058556085993,24737742848.0,0.0,0.0,0.0,7.0
1774870380.0,0.0,0.2389972438260185,28015173632.0,0.0,0.0,0.0,5.0
1774870410.0,0.0,,28015173632.0,0.0,0.0,0.0,0.0
1774870440.0,0.0,,28015173632.0,0.0,0.0,0.0,0.0
1774870470.0,0.0,0.0,28015173632.0,0.0,0.0,0.0,0.0
1774870500.0,0.0,0.0,24792494080.0,0.0,0.0,0.0,0.0
1774870530.0,0.0,0.0,24792494080.0,0.0,0.0,0.0,0.0
1774870560.0,0.0,0.0,20020490240.0,0.0,0.0,0.0,0.0
1774870590.0,0.0,0.0,20020490240.0,0.0,0.0,0.0,0.0
1774870620.0,0.0,0.0,15249416192.0,0.0,0.0,0.0,0.0
1774870650.0,0.0,0.0,12099760128.0,0.0,0.0,0.0,0.0
1774870680.0,0.0,0.0,0.0,0.0,0.0,0.0,0.0
1774870710.0,0.0,0.0,0.0,0.0,0.0,0.0,0.0
1774870740.0,0.0,0.0,11081007104.0,0.0,0.0,0.0,0.0
1774870770.0,5.166666666666667,0.9854092261690272,12657405952.0,0.0,0.6634261573842615,0.0,0.0
1774870800.0,5.133333333333333,0.9868751257866092,12658475008.0,0.0,0.6548074038173046,0.0,8.0
1774870830.0,5.1,0.6218448632649024,12658573312.0,0.0,0.626875,0.0,8.0
1774870860.0,5.066666666666666,0.0122360103528956,12659257344.0,0.0,0.6709677419354838,0.0,8.0
1774870890.0,5.133333333333333,0.9753279901777586,12660338688.0,0.0,0.6768939393939393,0.0,8.0
1774870920.0,5.0,0.5880443929343219,12660301824.0,0.0,0.676171875,0.0,7.0
1774870950.0,5.066666666666666,0.0135997494352721,12660449280.0,0.0,0.6871710526315788,0.0,7.0
1774870980.0,4.966666666666667,0.9660219880107108,12660641792.0,0.0,0.6915626874812518,0.0,7.0
1774871010.0,5.1,1.0004929833757588,12660502528.0,0.0,0.6855261512993404,0.0,7.0
1774871040.0,1.1666666666666667,0.5270126836550137,12660322304.0,0.0,0.6359374999999998,0.0,7.0
1774871070.0,0.0,0.0143580253830066,12660232192.0,0.0,0.0,0.0,7.0
1774871100.0,0.0,0.0119115474332439,12660232192.0,0.0,0.0,0.0,7.0
1774871130.0,0.0,0.0154297663241082,12660408320.0,0.0,0.0,0.0,7.0
1774871160.0,0.0,1.296278635385946,12803944448.0,0.0,0.0,0.0,7.0
1774871190.0,7.299103529618602,2.082792039452233,14492565504.0,0.0,0.672221135730511,0.0,7.0
1774871220.0,8.866531847049899,2.0197607177344192,17423020032.0,0.0,0.4728007307182597,0.0,6.0
1774871250.0,10.367134124599808,1.505690064403148,17422921728.0,0.0,0.3089899812920759,0.0,8.0
1774871280.0,10.634266915621945,2.2405153657391312,17424257024.0,0.0,0.2497429545001737,0.0,9.0
1774871310.0,10.09957339021464,1.1474535938685284,17425670144.0,0.0,0.3302814660571133,0.0,9.0
1774871340.0,10.533333333333331,0.8774913467581212,17426628608.0,0.0,0.2498364921746527,0.0,9.0
1774871370.0,10.367133395563853,1.9511742817121749,17427460096.0,0.0,0.285116754419098,0.0,9.0
1774871400.0,10.3996600339966,1.241146160720987,17427750912.0,0.0,0.2493295683279902,0.0,9.0
1774871430.0,9.867003367003369,1.4606188087653411,17427976192.0,0.0,0.3604834855677681,0.0,9.0
1774871460.0,11.02506485731391,2.2516780233151756,15788892160.0,0.0,0.248586862893673,0.0,9.0
1774871490.0,10.741197300728269,2.0188118780133837,14320136192.0,0.0,0.2496007328231825,0.0,9.0
1774871520.0,10.065652376902062,1.5533024885964393,14368067584.0,0.0,0.3703317311732622,0.0,9.0
1774871550.0,2.533755625937656,0.644569534034728,17802813440.0,0.0,0.4723265097810015,0.0,8.0
1774871580.0,0.0,0.9796016639488262,20908326912.0,0.0,0.0,0.0,6.0
1774871610.0,0.0,1.2094254118204293,25108127744.0,0.0,0.0,0.0,5.0
1774871640.0,0.0,1.1187983937220685,27910791168.0,0.0,0.0,0.0,5.0
1774871670.0,2.466255624062656,1.1738119417499835,30435328000.0,0.0,0.528828049102325,0.0,5.0
1774871700.0,6.984462222222223,2.0185024728491228,30438154240.0,0.0,0.2751194286112544,0.0,8.0
1774871730.0,10.06722231483025,2.129582105137637,30439419904.0,0.0,0.2489774931422395,0.0,9.0
1774871760.0,4.8999999999999995,0.7866300384523612,30439317504.0,0.0,0.2979157983969492,0.0,9.0
1774871790.0,0.0,0.0135873374711744,28819742720.0,0.0,0.0,0.0,9.0
1774871820.0,0.0,0.017987569718233,23955525632.0,0.0,0.0,0.0,9.0
1774871850.0,0.0,0.0208242726139736,22339117056.0,0.0,0.0,0.0,9.0
1774871880.0,3.413611111111111,1.3720173399911924,19226107904.0,0.0,0.2484555202890607,0.0,9.0
1774871910.0,10.165666966576694,2.206936618109198,16032313344.0,0.0,0.3283635689504536,0.0,9.0
1774871940.0,10.46583463858433,1.498104195916201,14413635584.0,0.0,0.2499334517148644,0.0,9.0
1774871970.0,9.534613845538216,1.928618628385257,14417448960.0,0.0,0.4028330107920799,0.0,9.0
1774872000.0,8.891832153839662,1.3131365444526255,16645025792.0,0.0,0.4786441727075066,0.0,8.0
1774872030.0,3.799493400879882,0.0898870953192643,18749874176.0,0.0,0.4822249153522137,0.0,7.0
1774872060.0,3.733831177490332,1.0072409620675151,19997040640.0,0.0,0.6478861938435734,0.0,8.0
1774872090.0,3.5967629133779595,0.8788812289232388,22335188992.0,0.0,0.6484075717925968,0.0,8.0
1774872120.0,2.8385234429671096,0.8877536681382998,23961133056.0,0.0,0.3720402724765515,0.0,7.0
1774872150.0,10.175122662843746,1.4653874301663763,24010743808.0,0.0,0.2691622956722109,0.0,8.0
1774872180.0,10.302239195935204,2.235535313046888,24012050432.0,0.0,0.3059968494258008,0.0,9.0
1774872210.0,10.499199075771209,2.234461454367764,24012124160.0,0.0,0.2914761885267636,0.0,9.0
1774872240.0,10.133541390730436,1.717695967801968,22382551040.0,0.0,0.343304826220751,0.0,9.0
1774872270.0,10.200226795123454,2.2216832310589765,20762542080.0,0.0,0.3342588637465529,0.0,9.0
1774872300.0,10.4003433676701,2.242612615609791,17569361920.0,0.0,0.2756264154601153,0.0,9.0
1774872330.0,10.231983610126957,2.2585113422285095,17570930688.0,0.0,0.3109320089833943,0.0,9.0
1774872360.0,10.434733621171793,1.903319193783697,15995551744.0,0.0,0.2750013945384075,0.0,9.0
1774872390.0,10.266666666666666,1.4754078042905567,14377283584.0,0.0,0.3043473911775153,0.0,9.0
1774872420.0,6.098839314473582,2.2447830339388593,14380007424.0,0.0,0.5187052504721327,0.0,9.0
1774872450.0,0.7333333333333333,0.4372758863399408,17588920320.0,0.0,0.4988752000006059,0.0,7.0
1774872480.0,0.7666666666666666,1.2562879047462647,21266231296.0,0.0,0.6349207974498339,0.0,5.0
1774872510.0,0.0,0.0152667345323291,22662770688.0,0.0,0.0,0.0,6.0
1774872540.0,0.0,0.0163704147528975,22661443584.0,0.0,0.0,0.0,8.0
1774872570.0,0.0,0.0808041050176861,22662803456.0,0.0,0.0,0.0,9.0
1774872600.0,1.3666666666666667,0.8128713749304447,22714310656.0,0.0,0.319167023547603,0.0,9.0
1774872630.0,10.066666666666666,1.886722454208868,22713061376.0,0.0,0.3424125276874671,0.0,9.0
1774872660.0,10.532524633141156,1.9577204717441197,22712594432.0,0.0,0.249234281005626,0.0,9.0
1774872690.0,10.466309466432982,1.2894240644576525,22710902784.0,0.0,0.2485191462149393,0.0,9.0
1774872720.0,10.40115594086918,2.2633738004285253,17828884480.0,0.0,0.2954625335668415,0.0,9.0
1774872750.0,6.5,2.4144096055526534,15833710592.0,0.0,0.3961214934004341,0.0,9.0
1774872780.0,2.7,1.4911919137578589,16165093376.0,0.0,0.4618719141567484,0.0,8.0
1774872810.0,8.991197772042874,1.8554645952827324,17623453696.0,0.0,0.3136547752147278,0.0,7.0
1774872840.0,6.267335711666055,1.516984288472566,17617833984.0,0.0,0.4225698081132387,0.0,9.0
1774872870.0,4.680475297950067,0.7844668845573449,20235141120.0,0.0,0.4749659338336012,0.0,8.0
1774872900.0,4.567683621757752,1.5281937422526222,23337091072.0,0.0,0.5837158379578643,0.0,7.0
1774872930.0,3.7333333333333334,0.9925008293629696,26323218432.0,0.0,0.6941305729602312,0.0,6.0
1774872960.0,4.933333333333334,1.0442806463794174,27180802048.0,0.0,0.6923399687499999,0.0,7.0
1774872990.0,5.266666666666667,0.9733880471077152,27181420544.0,0.0,0.5987369117598041,0.0,9.0
1774873020.0,5.033333333333333,0.6987095305889678,27181666304.0,0.0,0.6792857142857143,0.0,9.0
1774873050.0,4.966666666666667,0.9921056535690068,23918387200.0,0.0,0.6838817105043877,0.0,9.0
1774873080.0,4.933333333333334,0.9886819381557754,22297989120.0,0.0,0.6890624478940961,0.0,9.0
1774873110.0,4.966666666666667,0.9656893111570846,22298578944.0,0.0,0.6941667499768527,0.0,9.0
1774873140.0,5.1,0.97432129378208,19060199424.0,0.0,0.6312498332819416,0.0,7.0
1774873170.0,5.0,0.9648554240016404,15847550976.0,0.0,0.6651785714047618,0.0,7.0
1774873200.0,0.1,0.4387439638383917,14225211392.0,0.0,0.3333333331481481,0.0,7.0
1774873230.0,0.0,0.0136451778841518,14225211392.0,0.0,0.0,0.0,7.0
1774873260.0,0.0,0.0126004559265937,14225104896.0,0.0,0.0,0.0,7.0
1774873290.0,0.0,0.0812091229245656,14274973696.0,0.0,0.0,0.0,7.0
1774873320.0,3.4,0.3419865522591391,14334025728.0,0.0,0.2493230326668687,0.0,7.0
1774873350.0,2.5666666666666664,1.7251268883379884,16084201472.0,0.0,0.5437957500498174,0.0,7.0
1774873380.0,2.1318518039988374,0.8965879010764117,21592432640.0,0.0,0.4948358161276278,0.0,5.0
1774873410.0,8.441817613144634,0.8273552519224842,19081302016.0,0.0,0.4673369510005176,0.0,4.0
1774873440.0,9.0,1.748432098869987,19081445376.0,0.0,0.4640020189857209,0.0,9.0
1774873470.0,8.966666666666667,1.463145616583588,19082301440.0,0.0,0.470874267619945,0.0,9.0
1774873500.0,9.433333333333334,0.5636645677180363,19082543104.0,0.0,0.4513232400177525,0.0,9.0
1774873530.0,9.366666666666667,0.7726610057048973,19083235328.0,0.0,0.4548911502496831,0.0,9.0
1774873560.0,9.433333333333334,1.7618283034436786,19083624448.0,0.0,0.4540277083263881,0.0,9.0
1774873590.0,9.1,1.4405840473669596,19083776000.0,0.0,0.4559781793396731,0.0,9.0
1774873620.0,8.866666666666667,1.004676641449838,19083874304.0,0.0,0.4646908762577381,0.0,9.0
1774873650.0,9.4,1.755453124322322,14266413056.0,0.0,0.4534224404454304,0.0,9.0
1774873680.0,8.633333333333333,1.7498185232502017,14266544128.0,0.0,0.4675006792760412,0.0,9.0
1774873710.0,4.3,1.1753253120096565,16267104256.0,0.0,0.5930597440717291,0.0,9.0
1774873740.0,2.1604907614190645,0.9662984801271324,18879811584.0,0.0,0.4899724534666546,0.0,6.0
1774873770.0,8.422490194117582,1.792712324611155,22422798336.0,0.0,0.4741092765938427,0.0,6.0
1774873800.0,9.067160049338266,2.0961255460848904,22396923904.0,0.0,0.4605537212254864,0.0,8.0
1774873830.0,8.731453978357553,1.4642754073277535,22397878272.0,0.0,0.4637435483012652,0.0,8.0
1774873860.0,9.368374920178532,1.352579857270109,22399332352.0,0.0,0.4565849738350926,0.0,9.0
1774873890.0,8.36681780140853,1.452448084360689,22401339392.0,0.0,0.4581869393917066,0.0,9.0
1774873920.0,0.5666666666666667,0.5964524079689287,22401282048.0,0.0,0.1949991665277545,0.0,9.0
1774873950.0,0.0,0.0197414483748078,22401142784.0,0.0,0.0,0.0,9.0
1774873980.0,0.0,0.0177946851573923,20778876928.0,0.0,0.0,0.0,9.0
1774874010.0,0.5333333333333333,0.0175812622282073,15960018944.0,0.0,0.205,0.0,9.0
1774874040.0,3.3333333333333335,0.9525421530661772,16060641280.0,0.0,0.3453964234934775,0.0,9.0
1774874070.0,10.100812365991091,1.9656503485742272,14371647488.0,0.0,0.3807426498860661,0.0,9.0
1774874100.0,5.674424666049914,1.1863394240648888,15983173632.0,0.0,0.4495080309615529,0.0,9.0
1774874130.0,6.667384615533356,1.6513800471874789,17555914752.0,0.0,0.3465540554407795,0.0,7.0
1774874160.0,9.833333333333332,0.4602375510862678,17556353024.0,0.0,0.3071391822113442,0.0,8.0
1774874190.0,9.933333333333334,1.4861914092115638,17556533248.0,0.0,0.3384253239706635,0.0,9.0
1774874220.0,10.366666666666667,2.2404742491124785,17557692416.0,0.0,0.3205025974989403,0.0,9.0
1774874250.0,10.4,1.481163658478427,17558183936.0,0.0,0.2611843809837069,0.0,9.0
1774874280.0,10.3,0.7511496727747599,17559244800.0,0.0,0.248777496622655,0.0,9.0
1774874310.0,10.466666666666669,2.220881772655332,17559400448.0,0.0,0.2827346613175682,0.0,9.0
1774874340.0,10.566666666666666,2.011526811118652,17559584768.0,0.0,0.2459061135371179,0.0,9.0
1774874370.0,10.333333333333332,1.5074355214513253,14361247744.0,0.0,0.2474475199498963,0.0,9.0
1774874400.0,10.43262680797174,2.2401351838358012,14366027776.0,0.0,0.2486393022831002,0.0,9.0
1774874430.0,6.199999999999999,1.4872878604591036,14367772672.0,0.0,0.4277890239476372,0.0,9.0
1774874460.0,3.6333333333333337,1.127973920295693,17567232000.0,0.0,0.5965432534457068,0.0,6.0
1774874490.0,5.133333333333333,1.1566842608180146,19166113792.0,0.0,0.6581209855630349,0.0,6.0
1774874520.0,5.233333333333333,0.9974217923562192,19166879744.0,0.0,0.6404534057826077,0.0,8.0
1774874550.0,5.233333333333333,0.9877729001853822,19167666176.0,0.0,0.6735350612418344,0.0,9.0
1774874580.0,4.966666666666667,0.6851119794721948,19167809536.0,0.0,0.6730465624583277,0.0,9.0
1774874610.0,5.066666666666666,0.0178348449991956,19167473664.0,0.0,0.6849358974358974,0.0,9.0
1774874640.0,2.4,0.7275753078459093,19165884416.0,0.0,0.6749999999999999,0.0,9.0
1774874670.0,0.0,0.0201553760627501,19165515776.0,0.0,0.0,0.0,9.0
1774874700.0,0.0,0.0167039380861443,17544065024.0,0.0,0.0,0.0,7.0
1774874730.0,0.0,0.0517575113187971,14395064320.0,0.0,0.0,0.0,7.0
1774874760.0,0.0,0.3389287750008789,14445260800.0,0.0,0.0,0.0,7.0
1774874790.0,8.9,1.017420908092212,14447738880.0,0.0,0.4611425394251192,0.0,7.0
1774874820.0,6.699743358997433,1.2803485052165344,18624901120.0,0.0,0.6808768234325302,0.0,7.0
1774874850.0,9.033713371337134,1.2947371866680633,20344836096.0,0.0,0.4604633890218919,0.0,6.0
1774874880.0,9.266666666666666,1.740829746711329,20345139200.0,0.0,0.4591014356876509,0.0,8.0
1774874910.0,8.831767188714872,1.7560968078324612,20346597376.0,0.0,0.464143219926375,0.0,9.0
1774874940.0,9.4351339335334,1.7399090390590533,18758758400.0,0.0,0.4513316175931476,0.0,9.0
1774874970.0,9.7,1.750601125575994,17183002624.0,0.0,0.4478657011941014,0.0,9.0
1774875000.0,9.733333333333334,1.754325364415301,17183043584.0,0.0,0.4527777777777777,0.0,9.0
1774875030.0,9.131047733280026,1.7670763515097063,17184043008.0,0.0,0.4668649333441662,0.0,9.0
1774875060.0,9.501980726266297,1.3219363907349473,17184120832.0,0.0,0.4479781770920141,0.0,9.0
1774875090.0,9.265620209291477,1.2408594781443998,15563161600.0,0.0,0.45670628947807,0.0,9.0
1774875120.0,9.10151045313594,1.1684162748476867,14328229888.0,0.0,0.4581916666845274,0.0,9.0
1774875150.0,8.76586679997778,0.8944248009307081,14385356800.0,0.0,0.4720692128205445,0.0,9.0
1774875180.0,0.0,0.6237587066414226,16750985216.0,0.0,0.0,0.0,7.0
1774875210.0,5.0282494444444445,1.6955186143977734,20004782080.0,0.0,0.4374652459226944,0.0,5.0
1774875240.0,10.298367428533352,2.3617326178482467,20865277952.0,0.0,0.3283887917621015,0.0,7.0
1774875270.0,10.43462936410017,1.8157401655800565,20866211840.0,0.0,0.3017638581958241,0.0,9.0
1774875300.0,10.430885047133671,1.504577591634472,20866727936.0,0.0,0.25070024670247,0.0,9.0
1774875330.0,10.469198607821552,2.277903373994548,20867678208.0,0.0,0.3165226243637435,0.0,9.0
1774875360.0,3.3666666666666667,1.5718012397023116,20867682304.0,0.0,0.2493432964365553,0.0,9.0
1774875390.0,0.0,0.0211201442731647,20867665920.0,0.0,0.0,0.0,9.0
1774875420.0,0.0,0.0189279913994246,20867747840.0,0.0,0.0,0.0,9.0
1774875450.0,0.0,0.0164764954955223,15991463936.0,0.0,0.0,0.0,9.0
1774875480.0,3.2995600586588454,0.4107398877941997,14414974976.0,0.0,0.3682934495121681,0.0,9.0
1774875510.0,6.500444503711606,1.5271533154772503,15561338880.0,0.0,0.4568380869232665,0.0,8.0
1774875540.0,4.333333333333333,1.7485630839301431,18153476096.0,0.0,0.6025008332222369,0.0,7.0
1774875570.0,0.0,0.8263798587140948,22372618240.0,0.0,0.0,0.0,5.0
1774875600.0,8.123092571257125,1.4974068988780491,22416465920.0,0.0,0.4780971495746584,0.0,7.0
1774875630.0,8.932856714328569,0.6541578898444667,22417211392.0,0.0,0.4606619511683673,0.0,8.0
1774875660.0,8.900476714338101,0.7597272721235119,22418366464.0,0.0,0.4648217139175257,0.0,9.0
1774875690.0,9.233333333333333,1.412484678849564,22418788352.0,0.0,0.4623786812270767,0.0,9.0
1774875720.0,9.364889481284017,0.998368561622095,22418980864.0,0.0,0.449528667678496,0.0,9.0
1774875750.0,9.201667222407467,1.7629250336848925,20824870912.0,0.0,0.4632211507936506,0.0,9.0
1774875780.0,8.766666666666666,1.7615699919440428,20825194496.0,0.0,0.4659199528018924,0.0,9.0
1774875810.0,9.566666666666666,0.6235323908786619,17588383744.0,0.0,0.457499874974995,0.0,9.0
1774875840.0,8.999183469421762,0.0168767564805161,14352105472.0,0.0,0.4620159455128205,0.0,9.0
1774875870.0,9.267539034283493,1.7787661983028265,14363152384.0,0.0,0.4582105808114479,0.0,9.0
1774875900.0,0.0,0.2898377740986929,17553620992.0,0.0,0.0,0.0,7.0
1774875930.0,9.46687611111111,1.530167976293371,17628712960.0,0.0,0.3664633723281357,0.0,7.0
1774875960.0,10.53077433913642,1.9800022133038475,17629319168.0,0.0,0.2505327483402504,0.0,9.0
1774875990.0,10.435075993295625,1.5155506114750523,17631801344.0,0.0,0.3370512822632435,0.0,9.0
1774876020.0,10.129896014588637,2.062393328226854,17633398784.0,0.0,0.2806138111656387,0.0,9.0
1774876050.0,10.500711377843771,2.249331688817613,17634455552.0,0.0,0.3235494936266737,0.0,9.0
1774876080.0,5.136197514960489,0.9680174638296648,17634521088.0,0.0,0.3067330051241955,0.0,9.0
1774876110.0,0.0,0.0152276014259402,17635086336.0,0.0,0.0,0.0,9.0
1774876140.0,0.0,0.0215759421134291,17634914304.0,0.0,0.0,0.0,9.0
1774876170.0,0.0,0.0208317702587173,14372945920.0,0.0,0.0,0.0,9.0
1774876200.0,1.2333333333333334,0.942875020746054,15157731328.0,0.0,0.4031006421704253,0.0,9.0
1774876230.0,5.765990718195422,1.1992957280589562,15622660096.0,0.0,0.4689162565520317,0.0,8.0
1774876260.0,5.610462518617317,1.004596916490311,19126996992.0,0.0,0.4730785040244065,0.0,7.0
1774876290.0,10.204387500653093,2.0874158874580364,19243671552.0,0.0,0.2840604942345843,0.0,8.0
1774876320.0,10.202020606181854,1.90102481495515,19245047808.0,0.0,0.2564345706763047,0.0,9.0
1774876350.0,10.132880060436388,1.032192791422624,19245187072.0,0.0,0.3215037679621231,0.0,9.0
1774876380.0,9.999546727103052,1.4944261514507582,19246100480.0,0.0,0.355832971423019,0.0,9.0
1774876410.0,10.165008789351871,2.2444916364507748,19246092288.0,0.0,0.3556563412960962,0.0,9.0
1774876440.0,10.03530183640543,1.9722518139771796,19247222784.0,0.0,0.3504289681554792,0.0,9.0
1774876470.0,10.09341815564228,0.747302075060697,19247316992.0,0.0,0.2527865745508992,0.0,9.0
1774876500.0,9.93954367622947,1.5126992221507416,17596715008.0,0.0,0.3925175704751267,0.0,9.0
1774876530.0,10.16686018979559,2.039600535747909,14357843968.0,0.0,0.3342610381989731,0.0,9.0
1774876560.0,6.9,2.2453084397191883,14365077504.0,0.0,0.327778240640448,0.0,9.0
1774876590.0,5.200355602969284,1.4786471285888243,15934947328.0,0.0,0.4710422650245249,0.0,8.0
1774876620.0,0.0,0.8345336857329411,19765633024.0,0.0,0.0,0.0,6.0
1774876650.0,6.123127169219474,1.9698506404707747,20857413632.0,0.0,0.4129101962794676,0.0,7.0
1774876680.0,10.597645613724266,1.498846060132372,20857737216.0,0.0,0.273438836186249,0.0,9.0
1774876710.0,10.235463922596162,2.2066091186507713,20860739584.0,0.0,0.3504143600870106,0.0,9.0
1774876740.0,10.566817107246267,2.244783856961603,20861472768.0,0.0,0.2492282776854732,0.0,9.0
1774879950.0,0.0,0.0017075234218832,3150426112.0,0.0,0.0,0.0,2.0
1774879980.0,0.0,0.0052715250342347,3150426112.0,0.0,0.0,0.0,2.0
1774880010.0,0.0,0.0025396298893759,3150426112.0,0.0,0.0,0.0,2.0
1774880040.0,0.0,0.0026720406822208,3150426112.0,0.0,0.0,0.0,2.0
1774880070.0,0.0,0.0053129252192985,3150430208.0,0.0,0.0,0.0,2.0
1774880100.0,0.0,0.0044398044370305,3150434304.0,0.0,0.0,0.0,2.0
1774880130.0,0.0,0.0053595777109076,3150426112.0,0.0,0.0,0.0,2.0
1774880160.0,0.0,0.0054509961720208,3150438400.0,0.0,0.0,0.0,2.0
1774880190.0,0.0,0.0048126120589861,3150438400.0,0.0,0.0,0.0,2.0
1774880220.0,0.0,0.0025938296962317,3150438400.0,0.0,0.0,0.0,2.0
1774880250.0,0.0,0.0054258217225962,3150446592.0,0.0,0.0,0.0,2.0
1774880280.0,0.0,0.005363873924259,3150446592.0,0.0,0.0,0.0,2.0
1774880310.0,2.6235,0.7731308285331433,3250429952.0,0.0,0.4739795918367347,0.0,2.0
1774880340.0,7.6,1.721483941512934,3257970688.0,0.0,0.578846153846154,0.0,2.0
1774880370.0,6.600000000000001,1.4300423558298654,8150437888.0,0.0,1.249999999999999,0.0,2.0
1774880400.0,8.039919584024013,1.76694476930147,14198497280.0,0.0,0.4891187120623189,0.0,2.0
1774880430.0,3.891442181891375,0.715640076189957,15883567104.0,0.0,0.652386851976363,0.0,3.0
1774880460.0,3.0465425886430286,0.9096105837940665,20660056064.0,0.0,0.4625499825619784,0.0,7.0
1774880490.0,4.501200320085356,1.2355115497160618,20902162432.0,0.0,0.6947484829019065,0.0,6.0
1774880520.0,5.2,1.0106341517399071,20902526976.0,0.0,0.6575907175925926,0.0,8.0
1774880550.0,5.066666666666666,1.0017727788010753,20902891520.0,0.0,0.6833308552609647,0.0,9.0
1774880580.0,4.966666666666667,0.9739598442344312,20903006208.0,0.0,0.6849265318607027,0.0,9.0
1774880610.0,4.933333333333334,0.993377123696839,20903145472.0,0.0,0.6722662499114714,0.0,9.0
1774880640.0,5.2,0.5651754471172206,20903243776.0,0.0,0.6615381409989292,0.0,9.0
1774880670.0,5.166666666666667,0.0171791544631887,20904607744.0,0.0,0.646999499943326,0.0,9.0
1774880700.0,5.133333333333333,0.991745763928906,19277770752.0,0.0,0.6797794730371731,0.0,7.0
1774880730.0,5.066666666666666,0.9813773644296458,15840923648.0,0.0,0.6725806451612902,0.0,7.0
1774880760.0,5.033333333333333,0.6933345645250361,14230540288.0,0.0,0.6808824387136443,0.0,7.0
1774880790.0,5.066666666666666,0.9731231922148464,14231642112.0,0.0,0.6814285237992058,0.0,7.0
1774880820.0,4.966666666666667,0.9776505541876932,14231678976.0,0.0,0.6773437499999999,0.0,7.0
1774880850.0,5.033333333333333,0.9876757159437732,14231613440.0,0.0,0.6776515151515151,0.0,7.0
1774880880.0,4.933333333333334,0.5932832567245074,14231605248.0,0.0,0.690705074784544,0.0,7.0
1774880910.0,3.033333333333333,0.0132127788808264,14231658496.0,0.0,0.6722223611064819,0.0,7.0
1774880940.0,0.0,0.0165079839543399,12655136768.0,0.0,0.0,0.0,7.0
1774880970.0,0.0,0.0127829637979551,11078955008.0,0.0,0.0,0.0,7.0
1774881000.0,0.0,0.0177809811988411,11078987776.0,0.0,0.0,0.0,7.0
1774881030.0,0.0,0.7643386073524517,11221880832.0,0.0,0.0,0.0,7.0
1774881060.0,5.566435570961936,2.2210788935834684,11236081664.0,0.0,0.4725842921155025,0.0,7.0
1774881090.0,4.033451118963487,2.3168970238701103,19244015616.0,0.0,0.7308653087411844,0.0,5.0
1774881120.0,4.664790514887098,1.537633395181791,19806760960.0,0.0,0.4792688393725124,0.0,4.0
1774881150.0,2.866666666666667,0.9606595622432188,23254798336.0,0.0,0.4552103681596093,0.0,7.0
1774881180.0,6.0969537931800515,2.3979660712472315,25598754816.0,0.0,0.393453572077019,0.0,6.0
1774881210.0,10.5548979422092,1.706492934772578,25599356928.0,0.0,0.2733349042648414,0.0,8.0
1774881240.0,10.379216419865056,0.7588796941254345,25599770624.0,0.0,0.2639523538244719,0.0,9.0
1774881270.0,10.695950418129591,2.209240043771876,25601601536.0,0.0,0.244330694000726,0.0,9.0
1774881300.0,10.370160072007309,1.9916978909208536,25603080192.0,0.0,0.3130335339390034,0.0,9.0
1774881330.0,10.39532642091594,2.243298771049691,25604009984.0,0.0,0.2499020216492615,0.0,9.0
1774881360.0,10.004599805497236,1.5127174551554377,20776984576.0,0.0,0.3500029855638161,0.0,9.0
1774881390.0,10.230056638550952,1.5103050353044214,19201372160.0,0.0,0.3278753054160466,0.0,9.0
1774881420.0,10.37119017422068,2.034526600209644,14395621376.0,0.0,0.3452649345199202,0.0,9.0
1774881450.0,9.732871172732525,2.0345055757519273,14374477824.0,0.0,0.3979197410832534,0.0,9.0
1774881480.0,5.667071165044229,1.4488704688712732,16550219776.0,0.0,0.4362493073916466,0.0,8.0
1774881510.0,2.7997200279972003,0.4593213826753388,17305399296.0,0.0,0.6165743397987217,0.0,7.0
1774881540.0,2.188712829274285,1.0373041679017905,20736532480.0,0.0,0.3981973630585723,0.0,6.0
1774881570.0,2.6671111851975327,1.0676882479957852,22363402240.0,0.0,0.4296824381729814,0.0,6.0
1774881600.0,3.9,0.843913211108893,23989080064.0,0.0,0.4596895695732331,0.0,6.0
1774881630.0,2.6336800462283856,1.234815798812272,25650917376.0,0.0,0.4796183689207011,0.0,7.0
1774881660.0,0.0,0.0177365371225054,25650929664.0,0.0,0.0,0.0,8.0
1774881690.0,0.0,0.0147357450417095,25651245056.0,0.0,0.0,0.0,9.0
1774881720.0,0.0,0.0150031256994321,25651376128.0,0.0,0.0,0.0,9.0
1774881750.0,0.0,0.3517757460182954,22575538176.0,0.0,0.0,0.0,9.0
1774881780.0,9.911875214121231,2.006259225862728,19339038720.0,0.0,0.3541781322120743,0.0,9.0
1774881810.0,9.966666666666669,1.9555721563344757,17755885568.0,0.0,0.3254952280034463,0.0,9.0
1774881840.0,10.130978315179377,1.5143504560616456,16130588672.0,0.0,0.3478392513937033,0.0,9.0
1774881870.0,9.86657188573632,2.248710369997718,14510620672.0,0.0,0.3764163198034809,0.0,9.0
1774881900.0,7.901110824980087,1.510471127428794,14446821376.0,0.0,0.4709995429265945,0.0,9.0
1774881930.0,5.900333377783705,1.7117739340380862,17607036928.0,0.0,0.4123285696226317,0.0,7.0
1774881960.0,10.110555,2.2549161134554008,17616752640.0,0.0,0.3554245628616622,0.0,7.0
1774881990.0,9.9301350989329,1.5037377550383075,17616912384.0,0.0,0.3719974655836107,0.0,9.0
1774882020.0,9.868990331337375,0.7683537706968037,17617887232.0,0.0,0.3834501497936189,0.0,9.0
1774882050.0,9.833542257929002,2.252451399356223,17620152320.0,0.0,0.3921895094686686,0.0,9.0
1774882080.0,9.632135994579766,1.9104649576912789,17620619264.0,0.0,0.3969528564904717,0.0,9.0
1774882110.0,9.767960517540349,1.492224971047304,17620615168.0,0.0,0.370071426112859,0.0,9.0
1774882140.0,9.966556670333212,1.5042437862488,17620598784.0,0.0,0.3912514670117664,0.0,9.0
1774882170.0,9.896829625682695,2.2387417429946512,14361935872.0,0.0,0.3795199467660236,0.0,9.0
1774882200.0,10.201323165248803,1.500367042887121,14361952256.0,0.0,0.383222361133254,0.0,9.0
1774882230.0,6.399442372635207,1.833728935469794,14363430912.0,0.0,0.3934620604899592,0.0,9.0
1774882260.0,5.537047960999552,1.232134244245736,15943372800.0,0.0,0.4606193606006729,0.0,8.0
1774882290.0,0.0,0.3608603875680142,19761176576.0,0.0,0.0,0.0,6.0
1774882320.0,0.0,0.5173049861425616,24853041152.0,0.0,0.0,0.0,4.0
1774882350.0,0.7929206688011384,1.3441638342722848,28152193024.0,0.0,0.6046553834810604,0.0,5.0
1774882380.0,0.0,0.0447684229922507,28567195648.0,0.0,0.0,0.0,7.0
1774882410.0,0.0,0.0204440892298841,28567490560.0,0.0,0.0,0.0,8.0
1774882440.0,0.0,0.0192233287534792,28567756800.0,0.0,0.0,0.0,9.0
1774882470.0,0.0,0.2891373631307476,28668985344.0,0.0,0.0,0.0,9.0
1774882500.0,8.736824500116679,1.7655862244504898,28670111744.0,0.0,0.4648083239879366,0.0,9.0
1774882530.0,8.566666666666666,1.4495646010263117,25422860288.0,0.0,0.4740827598955258,0.0,9.0
1774882560.0,8.666066746656004,0.4621045590754147,22225768448.0,0.0,0.4663165151855684,0.0,9.0
1774882590.0,8.833973418678045,1.0099774348941992,17412485120.0,0.0,0.4672706379686506,0.0,9.0
1774882620.0,8.499408967693197,1.766979533878209,14463598592.0,0.0,0.4768723700095131,0.0,9.0
1774882650.0,4.533937858381117,1.7569617006370437,14464671744.0,0.0,0.4855591220239209,0.0,9.0
1774882680.0,4.766666666666667,0.9147649521048484,16753733632.0,0.0,0.552777083263882,0.0,7.0
1774882710.0,0.4,0.4962099107182146,19679924224.0,0.0,0.3857196401799101,0.0,6.0
1774882740.0,2.9,0.1585587031140959,21340303360.0,0.0,0.4667350684022566,0.0,6.0
1774882770.0,2.498810090433127,1.1328865544138405,25495769088.0,0.0,0.2482956322125191,0.0,6.0
1774882800.0,0.0,1.475444141671019,27280580608.0,0.0,0.0,0.0,5.0
1774882830.0,9.632281253615272,2.2475112233099215,29068943360.0,0.0,0.4032426142005691,0.0,7.0
1774882860.0,10.433854945143466,1.9552415065564133,29065814016.0,0.0,0.326915718509743,0.0,8.0
1774882890.0,10.067913194005232,1.5103017014363982,29065879552.0,0.0,0.2496552325540665,0.0,9.0
1774882920.0,9.635294510039358,2.2121442614320426,29065691136.0,0.0,0.3715852652141094,0.0,9.0
1774882950.0,10.033333333333331,2.0071379530025006,25783226368.0,0.0,0.3491383612933883,0.0,9.0
1774882980.0,10.026644484313042,2.0349092695295,22542753792.0,0.0,0.3171760576890392,0.0,9.0
1774883010.0,10.03891211133794,2.0253526015248102,19370778624.0,0.0,0.2490967274591169,0.0,9.0
1774883040.0,9.899026358313074,1.5026947340039036,17794818048.0,0.0,0.3795030236300354,0.0,9.0
1774883070.0,7.435297910899124,1.707948626405025,14596288512.0,0.0,0.3300086618769982,0.0,9.0
1774883100.0,0.0,0.0635485417766505,15363502080.0,0.0,0.0,0.0,8.0
1774883130.0,0.0,0.4031828969851186,17467494400.0,0.0,0.0,0.0,7.0
1774883160.0,0.0,0.2581512961928343,18244431872.0,0.0,0.0,0.0,8.0
1774883190.0,0.0,0.7791130090593473,19137384448.0,0.0,0.0,0.0,8.0
1774883220.0,9.31542220295654,1.5050145915031563,19188555776.0,0.0,0.385683157532303,0.0,9.0
1774883250.0,10.165663500969774,2.235979297332406,19189489664.0,0.0,0.2781185054011348,0.0,9.0
1774883280.0,9.93299779629519,1.9708275422519144,19189583872.0,0.0,0.350433801948686,0.0,9.0
1774883310.0,9.76730231379256,1.506516434222538,19190697984.0,0.0,0.4067934853890186,0.0,9.0
1774883340.0,10.198399149475264,2.037312183523343,19190878208.0,0.0,0.3415087738932419,0.0,9.0
1774883370.0,10.269351467009102,2.236385571098747,17564749824.0,0.0,0.3721348802449462,0.0,9.0
1774883400.0,9.764925373134329,2.009457825404246,14325202944.0,0.0,0.3620928145928535,0.0,9.0
1774883430.0,9.9684987548915,1.2483260314517726,14325387264.0,0.0,0.3103275980080177,0.0,9.0
1774883460.0,10.2,1.4932977810232486,14326423552.0,0.0,0.3485587326847619,0.0,9.0
1774883490.0,5.9330300303303005,1.539339728729573,14941777920.0,0.0,0.4404101109124274,0.0,9.0
1774883520.0,3.3000000000000007,1.5098958676915233,17520132096.0,0.0,0.4686175402781916,0.0,7.0
1774883550.0,4.833333333333334,1.7282648692935862,19140329472.0,0.0,0.4686443288656614,0.0,7.0
1774883580.0,8.766666666666667,0.7643681146396208,19141365760.0,0.0,0.4672932868080314,0.0,8.0
1774883610.0,8.833333333333336,0.7541570366182796,19142225920.0,0.0,0.466477178018307,0.0,9.0
1774883640.0,8.933333333333334,1.7648693973795118,19143565312.0,0.0,0.4632426485008267,0.0,9.0
1774883670.0,9.2,1.7602545620216938,19143393280.0,0.0,0.4566489140063533,0.0,9.0
1774883700.0,8.400000000000002,1.755774018283277,19143757824.0,0.0,0.4736905039445787,0.0,9.0
1774883730.0,8.5,1.7355578490192394,19144536064.0,0.0,0.4713009140936757,0.0,9.0
1774883760.0,8.466666666666669,1.757503672608213,17519497216.0,0.0,0.4726354954099314,0.0,9.0
1774883790.0,2.966666666666667,1.1050877295829915,15897366528.0,0.0,0.3663434288620257,0.0,9.0
1774883820.0,0.0,0.0224183211137218,14273843200.0,0.0,0.0,0.0,9.0
1774883850.0,0.0,0.092835786726129,15155163136.0,0.0,0.0,0.0,9.0
1774883880.0,0.0,0.5663213222584329,20269568000.0,0.0,0.0,0.0,6.0
1774883910.0,0.0,0.6793883757436998,21113262080.0,0.0,0.0,0.0,5.0
1774883940.0,2.242754685140776,1.3769715950878525,22534873088.0,0.0,0.4796328128668742,0.0,7.0
1774883970.0,1.5933994334277617,1.0983241486588662,25363156992.0,0.0,0.464844937354774,0.0,7.0
1774884000.0,1.8795540438397575,1.2577403361722064,28738637824.0,0.0,0.4771146552628948,0.0,7.0
1774884030.0,5.732453567937439,1.4731344050711703,29880188928.0,0.0,0.4654559560316877,0.0,6.0
1774884060.0,10.121214142761842,2.2982057057715406,30361092096.0,0.0,0.2544994681782908,0.0,8.0
1774884090.0,10.49849418734884,2.2646095710749687,28735373312.0,0.0,0.2727244728141342,0.0,9.0
1774884120.0,10.10111859253223,2.047321300109738,28736270336.0,0.0,0.3302721294449372,0.0,9.0
1774884150.0,9.967652501211932,1.4865984539440975,23963967488.0,0.0,0.3022673793590057,0.0,9.0
1774884180.0,10.032884592270603,1.948760113052991,22388281344.0,0.0,0.3092420071397988,0.0,9.0
1774884210.0,9.60063346002534,1.5122026738432992,20763406336.0,0.0,0.3972572537214867,0.0,9.0
1774884240.0,10.064754030160085,1.499475969355943,19135242240.0,0.0,0.2904780800073615,0.0,9.0
1774884270.0,10.168342863827936,2.291795948560962,15901204480.0,0.0,0.3298071734652244,0.0,9.0
1774884300.0,9.864379691532484,2.006286985209832,14325178368.0,0.0,0.368941517204514,0.0,9.0
1774884330.0,9.068959766595846,0.7771318563493022,14328889344.0,0.0,0.428356327300466,0.0,9.0
1774884360.0,7.566666666666666,1.6474256544010388,15902715904.0,0.0,0.450897810112643,0.0,8.0
1774884390.0,8.45585143080741,1.020004173362266,15906058240.0,0.0,0.4623296009845854,0.0,8.0
1774884420.0,2.4239354581961576,1.1139818343820156,18241925120.0,0.0,0.4607183872763322,0.0,8.0
1774884450.0,4.574712585034012,1.5167735856779463,19213574144.0,0.0,0.4611106312965214,0.0,7.0
1774884480.0,5.799226769764031,1.173120931201827,20783357952.0,0.0,0.3932261154732709,0.0,7.0
1774884510.0,6.234685115610576,0.9276847012367696,20810387456.0,0.0,0.2927380412169481,0.0,8.0
1774884540.0,0.0,0.0183497530737853,20810506240.0,0.0,0.0,0.0,9.0
1774884570.0,0.0,0.0177297193819084,20810407936.0,0.0,0.0,0.0,9.0
1774884600.0,0.0,0.0173568342612587,20810620928.0,0.0,0.0,0.0,9.0
1774884630.0,1.2331689108118915,0.3046752766478319,19231727616.0,0.0,0.4681563787444077,0.0,9.0
1774884660.0,8.151622293935489,1.7507609991616322,17612079104.0,0.0,0.4741140737855962,0.0,9.0
1774884690.0,8.299733351109925,1.4472943850687197,17611943936.0,0.0,0.4948622221419803,0.0,9.0
1774884720.0,8.466917794519635,1.010985733091827,15992524800.0,0.0,0.4768740986780139,0.0,9.0
1774884750.0,8.866666666666667,1.0068903426908002,14369337344.0,0.0,0.4657501457701551,0.0,9.0
1774884780.0,7.7,1.754002274152507,15298879488.0,0.0,0.4874998773717138,0.0,9.0
1774884810.0,8.0,1.7974764707790287,15958200320.0,0.0,0.4748203359102945,0.0,8.0
1774884840.0,8.5,1.747219544390185,15958450176.0,0.0,0.4715559598403294,0.0,8.0
1774884870.0,8.9,1.7621068310096746,15959715840.0,0.0,0.4625002974703124,0.0,9.0
1774884900.0,8.8,1.4465807964728958,15959658496.0,0.0,0.4576608868950604,0.0,9.0
1774884930.0,8.665653603483515,1.757859875494348,15960670208.0,0.0,0.4747356439904515,0.0,9.0
1774884960.0,8.867662487774517,1.0034964235129462,15961034752.0,0.0,0.4622579830965542,0.0,9.0
1774884990.0,8.7,1.0062522919150787,15961042944.0,0.0,0.4670343137254901,0.0,9.0
1774885020.0,8.899999999999999,1.765146733904289,15961473024.0,0.0,0.4649457065126819,0.0,9.0
1774885050.0,8.733333333333333,1.3995416811137755,14336233472.0,0.0,0.463750166638894,0.0,9.0
1774885080.0,9.033333333333331,0.766454765726786,14336950272.0,0.0,0.4614794897125814,0.0,9.0
1774885110.0,0.0,0.2463328552254179,16468713472.0,0.0,0.0,0.0,9.0
1774885140.0,3.4456869444087124,2.460219227779752,18703249408.0,0.0,0.4966887076612885,0.0,6.0
1774885170.0,6.766784448370501,2.013539126580964,20801351680.0,0.0,0.407286814864082,0.0,6.0
1774885200.0,10.1,1.5166969589641968,20803485696.0,0.0,0.3235495835859841,0.0,8.0
1774885230.0,6.1,1.7955285347530725,20804886528.0,0.0,0.3630925187700023,0.0,9.0
1774885260.0,0.0333333333333333,0.0236966712063288,20804751360.0,0.0,0.0096826930103343,0.0,9.0
1774885290.0,0.0,0.0212907291275381,20804587520.0,0.0,0.0,0.0,9.0
1774885320.0,0.0,0.0214222853165512,20804653056.0,0.0,0.0,0.0,9.0
1774885350.0,0.0,0.3259204971600524,20899790848.0,0.0,0.0,0.0,9.0
1774885380.0,9.237178120204982,2.234972065645608,17655422976.0,0.0,0.3545801833236169,0.0,9.0
1774885410.0,9.967538010136035,1.683836017236113,16032063488.0,0.0,0.350862571675222,0.0,9.0
1774885440.0,10.03209250033852,1.2695192451373698,14416310272.0,0.0,0.3739324500456565,0.0,9.0
1774885470.0,5.200981332240097,1.5726408026747705,15768576000.0,0.0,0.4780464911179625,0.0,9.0
1774885500.0,4.492312889198785,2.4302485047657485,17606807552.0,0.0,0.4764048207976279,0.0,7.0
1774885530.0,6.46959133828619,1.4465195870770784,20859506688.0,0.0,0.4241444787890794,0.0,6.0
1774885560.0,9.965330333573329,2.265748831446601,20866596864.0,0.0,0.3665752546575994,0.0,8.0
1774885590.0,10.09996755187458,2.0630029412506947,20867862528.0,0.0,0.3533952614787257,0.0,9.0
1774885620.0,9.867556148353668,1.9690565575502683,20866506752.0,0.0,0.3689355204230576,0.0,9.0
1774885650.0,9.766891126075071,1.4821772784863505,20866654208.0,0.0,0.3931237377773084,0.0,9.0
1774885680.0,9.566560003555436,2.231827060848687,20866543616.0,0.0,0.3891435545725636,0.0,9.0
1774885710.0,10.0333400673334,2.2602861217071273,20866572288.0,0.0,0.3317324700169056,0.0,9.0
1774885740.0,9.866020323249291,1.7489194432329966,19238416384.0,0.0,0.3689384403161432,0.0,9.0
1774885770.0,10.201010303090928,1.975740907181094,15996604416.0,0.0,0.315106683749147,0.0,9.0
1774885800.0,9.862599354044017,1.8489588222008453,14377181184.0,0.0,0.3689224633326905,0.0,9.0
1774885830.0,5.001892562075369,1.4528360521777393,16373145600.0,0.0,0.4490787181327175,0.0,9.0
1774885860.0,5.826313713727059,1.518003050836902,17381363712.0,0.0,0.3654924974603687,0.0,7.0
1774885890.0,10.164171397244498,2.0127809635629745,17564254208.0,0.0,0.3751799406219405,0.0,8.0
1774885920.0,10.700950198156562,2.271786221205625,17565814784.0,0.0,0.2989479432221046,0.0,9.0
1774885950.0,3.6338136215062375,1.6877956070764173,17567485952.0,0.0,0.2425941906683539,0.0,9.0
1774885980.0,0.0,0.019620389331022,17567698944.0,0.0,0.0,0.0,9.0
1774886010.0,0.0,0.0143047267975945,17567805440.0,0.0,0.0,0.0,9.0
1774886040.0,0.0,0.0189130499527786,17567903744.0,0.0,0.0,0.0,9.0
1774886070.0,2.6664889007399504,0.3098715994575302,17664278528.0,0.0,0.2496134559066116,0.0,9.0
1774886100.0,9.523092721632109,1.081062120626641,14420004864.0,0.0,0.2948739045894947,0.0,9.0
1774886130.0,9.702776644810642,2.2363037852238334,14420250624.0,0.0,0.3816000102566171,0.0,9.0
1774886160.0,8.464601868203882,2.192337138686683,14423420928.0,0.0,0.4610940789445383,0.0,9.0
1774886190.0,5.000168472403068,2.6829354962177647,17569206272.0,0.0,0.4809089358090441,0.0,8.0
1774886220.0,7.902456947825991,1.6411762809552202,19140268032.0,0.0,0.4792414017184551,0.0,6.0
1774886250.0,8.733333333333334,0.7553824348525248,19141021696.0,0.0,0.4654881043032568,0.0,8.0
1774886280.0,7.899511176287607,1.7574179365902778,19142762496.0,0.0,0.4922352807569602,0.0,9.0
1774886310.0,7.767146730675203,1.732864097122849,19142868992.0,0.0,0.4793731792379944,0.0,9.0
1774886340.0,8.733333333333334,1.434965786976369,19143344128.0,0.0,0.4638748537437569,0.0,9.0
1774886370.0,8.600000000000001,1.080871457914097,19143364608.0,0.0,0.4696605820390965,0.0,9.0
1774886400.0,8.533333333333335,0.0183683341266214,19143540736.0,0.0,0.4642682189797112,0.0,9.0
1774886430.0,8.331800613088099,1.733436750918124,19143491584.0,0.0,0.4792155079233287,0.0,9.0
1774886460.0,8.6015606242497,1.73638067200644,15893995520.0,0.0,0.466385772062365,0.0,9.0
1774886490.0,8.8,1.010239957778062,14274015232.0,0.0,0.4633665304737489,0.0,9.0
1774886520.0,3.244626088041681,1.0014793608247508,14278692864.0,0.0,0.2469010644650575,0.0,9.0
1774886550.0,0.0,1.0735318955233957,17438167040.0,0.0,0.0,0.0,8.0
1774886580.0,4.8841088154269965,1.7385497076113638,19171921920.0,0.0,0.3852534767012069,0.0,6.0
1774886610.0,10.034103295316012,1.4889429290565246,19176337408.0,0.0,0.3499421341038298,0.0,8.0
1774886640.0,10.600491936848812,1.5963900580772543,19176640512.0,0.0,0.2719102373119612,0.0,9.0
1774886670.0,6.6678494408501745,0.5857623315859638,19177000960.0,0.0,0.3031038380767209,0.0,9.0
1774886700.0,0.0,0.2640471583090934,19176951808.0,0.0,0.0,0.0,9.0
1774886730.0,0.0,0.0170648166579216,19177058304.0,0.0,0.0,0.0,9.0
1774886760.0,0.0,0.0174889680036133,19177152512.0,0.0,0.0,0.0,9.0
1774886790.0,0.0,0.0904180540193686,19222630400.0,0.0,0.0,0.0,9.0
1774886820.0,9.110743267851785,1.463072872096531,16075366400.0,0.0,0.2500219906289312,0.0,9.0
1774886850.0,10.06621783762165,2.052568610768388,14457905152.0,0.0,0.3770819663652741,0.0,9.0
1774886880.0,7.332176432051294,2.2299428819350697,14458802176.0,0.0,0.4645840127007622,0.0,9.0
1774886910.0,4.246672041051298,2.478088685417772,16587300864.0,0.0,0.4714431539481118,0.0,8.0
1774886940.0,2.980881244432263,0.7617444871513976,19726659584.0,0.0,0.4744434891278105,0.0,6.0
1774886970.0,0.0,0.6232344231981526,21490917376.0,0.0,0.0,0.0,6.0
1774887000.0,2.810073681402947,1.911403626614154,24098615296.0,0.0,0.4147490596321799,0.0,7.0
1774887030.0,10.201043922551856,2.2169038734661872,24100630528.0,0.0,0.2781423480189543,0.0,8.0
1774887060.0,10.030995497631295,1.7973734249238924,24101888000.0,0.0,0.367792232440747,0.0,9.0
1774887090.0,10.202722177742194,1.4975362184884669,24102100992.0,0.0,0.3215063453069061,0.0,9.0
1774887120.0,9.898808040639109,2.221129153907225,24104058880.0,0.0,0.3608853399592869,0.0,9.0
1774887150.0,10.266466047249471,2.2443837023219277,24104681472.0,0.0,0.3397272725462559,0.0,9.0
1774887180.0,9.799685790226016,1.9527360635936732,20863934464.0,0.0,0.3355719552651445,0.0,9.0
1774887210.0,10.333809195317036,1.493903005079389,17624506368.0,0.0,0.3195078215202547,0.0,9.0
1774887240.0,9.967120060452505,0.7434932920254498,16001073152.0,0.0,0.3915580902522346,0.0,9.0
1774887270.0,9.9,0.753796542828231,14380257280.0,0.0,0.3388912489742947,0.0,9.0
1774887300.0,5.899493434646404,1.5763764846687534,14978437120.0,0.0,0.4092562296636363,0.0,9.0
1774887330.0,3.054101643005014,1.4308111636966516,16394211328.0,0.0,0.4566645704042635,0.0,8.0
1774887360.0,3.3356683011441346,1.7032399263827371,20711878656.0,0.0,0.5209530813446778,0.0,5.0
1774887390.0,0.0,0.2562979247715172,23294570496.0,0.0,0.0,0.0,5.0
1774887420.0,0.0,0.2958779929856285,25532665856.0,0.0,0.0,0.0,6.0
1774887450.0,0.0,0.5654235859887515,27105026048.0,0.0,0.0,0.0,6.0
1774887480.0,0.0,0.0873034398575028,28676071424.0,0.0,0.0,0.0,7.0
1774887510.0,0.0,0.0186912674775367,28676505600.0,0.0,0.0,0.0,8.0
1774887540.0,4.409136666666667,0.013722138482062,28725301248.0,0.0,0.6643813579648096,0.0,9.0
1774887570.0,5.0,0.9762502125637592,27096633344.0,0.0,0.6852564743532764,0.0,9.0
1774887600.0,4.933333333333334,0.9806872469266114,25471705088.0,0.0,0.698369655782006,0.0,9.0
1774887630.0,5.133333333333333,0.9656869091283694,20659695616.0,0.0,0.652999699969997,0.0,7.0
1774887660.0,5.1,0.9937796954808268,19041742848.0,0.0,0.6753906249999999,0.0,7.0
1774887690.0,4.966666666666667,0.9975821756164368,15846891520.0,0.0,0.68782940783115,0.0,7.0
1774887720.0,4.933333333333334,1.0004274820700585,14231003136.0,0.0,0.7018226128052598,0.0,7.0
1774887750.0,5.166666666666667,0.0159851285426701,14230917120.0,0.0,0.6841217679958728,0.0,7.0
1774887780.0,4.833333333333333,0.0135949448153394,14230913024.0,0.0,0.7062499278709924,0.0,7.0
1774887810.0,5.0,0.9862444094735828,14230962176.0,0.0,0.6891025641025641,0.0,7.0
1774887840.0,5.0,0.986183243155396,14231302144.0,0.0,0.6929878658516261,0.0,7.0
1774887870.0,5.1329911339244045,0.9663253583992616,14231220224.0,0.0,0.6786757965551475,0.0,7.0
1774887900.0,5.1003400226681785,0.9837456876877982,11081396224.0,0.0,0.6708340138819437,0.0,7.0
1774887930.0,5.133333333333333,0.7093612790716193,11081375744.0,0.0,0.6717743548279577,0.0,7.0
1774887960.0,4.999500049995,0.015947500059176,11081510912.0,0.0,0.691561395815971,0.0,7.0
1774887990.0,5.000500050005,0.987530050555734,11081392128.0,0.0,0.6972232777592604,0.0,7.0
1774888020.0,5.033333333333333,0.9874448525490246,11081388032.0,0.0,0.6977776851790118,0.0,7.0
1774888050.0,5.033333333333333,0.9692908240558428,11081424896.0,0.0,0.6854729729729729,0.0,7.0
1774888080.0,5.166666666666667,0.9927565268978976,11081416704.0,0.0,0.6868421052631578,0.0,7.0
1774888110.0,3.9,0.6088397761739367,11081306112.0,0.0,0.6823275862068965,0.0,7.0
1774888140.0,0.0,0.0171633143621638,11081318400.0,0.0,0.0,0.0,7.0
1774888170.0,0.0,0.0122069783475746,11081117696.0,0.0,0.0,0.0,7.0
1774888200.0,0.0,0.0153236896987942,11081199616.0,0.0,0.0,0.0,7.0
1774888230.0,0.7661814184349912,0.3436999820793509,11169103872.0,0.0,0.3855820185428354,0.0,7.0
1774888260.0,5.942781224098757,1.9074851531943704,11916816384.0,0.0,0.7011661217666773,0.0,7.0
1774888290.0,2.1921341070277243,1.9068393441909457,16561074176.0,0.0,0.4538077585316678,0.0,6.0
1774888320.0,0.0,0.5386178415253184,19753779200.0,0.0,0.0,0.0,4.0
1774888350.0,0.0,1.3238845036612856,24892391424.0,0.0,0.0,0.0,5.0
1774888380.0,3.400349386213409,1.974311421860064,26868523008.0,0.0,0.4988723082279948,0.0,5.0
1774888410.0,8.93069356090399,1.748687284005561,26862936064.0,0.0,0.4655612591228701,0.0,8.0
1774888440.0,8.935876912130915,1.752350279230133,26859167744.0,0.0,0.4645520238809771,0.0,9.0
1774888470.0,9.034116797243986,1.7615562866393504,26857660416.0,0.0,0.4701867507726811,0.0,9.0
1774888500.0,9.0,1.7682990216311738,26857672704.0,0.0,0.4607843790814272,0.0,9.0
1774888530.0,9.1,1.7646686308894406,26856398848.0,0.0,0.4605391176339852,0.0,9.0
1774888560.0,8.632715637914945,1.7689753222022242,25215893504.0,0.0,0.4738726706832811,0.0,9.0
1774888590.0,8.700158894185362,1.759183364230902,17202970624.0,0.0,0.466584774080978,0.0,9.0
1774888620.0,9.099832227814629,1.489953136294698,14519050240.0,0.0,0.4605462627922452,0.0,9.0
1774888650.0,8.2334811160372,1.905675494131421,16094568448.0,0.0,0.46754502195861,0.0,9.0
1774888680.0,8.167086708670867,1.3564369232577012,15964647424.0,0.0,0.4880387445972907,0.0,8.0
1774888710.0,9.533333333333331,0.7766337379954792,15966224384.0,0.0,0.4518936603519035,0.0,8.0
1774888740.0,8.633333333333333,1.5492330980193574,15967199232.0,0.0,0.4633332103001294,0.0,9.0
1774888770.0,8.933333333333334,0.9961341860977876,15968247808.0,0.0,0.4609209736657877,0.0,9.0
1774888800.0,9.065646870625876,1.367760959400684,15968403456.0,0.0,0.4632775156270421,0.0,9.0
1774888830.0,6.067593518703741,0.7610110172323177,15968489472.0,0.0,0.4776884578387323,0.0,9.0
1774888860.0,0.7,0.057040477712894,15968280576.0,0.0,0.4477941176470588,0.0,9.0
1774888890.0,0.0,0.0219964714806627,15968129024.0,0.0,0.0,0.0,9.0
1774888920.0,0.0,0.0193426730253399,15968112640.0,0.0,0.0,0.0,9.0
1774888950.0,0.0,0.016552370643763,14317252608.0,0.0,0.0,0.0,9.0
1774888980.0,5.165476666666667,0.5167043431079726,15972200448.0,0.0,0.4805993833633061,0.0,9.0
1774889010.0,6.798382976833034,1.992544509032962,15962820608.0,0.0,0.3006816874187386,0.0,8.0
1774889040.0,10.235062981241493,1.319094142589918,15963602944.0,0.0,0.381105867407608,0.0,8.0
1774889070.0,10.200120004000134,2.0295975691663575,15964606464.0,0.0,0.3465512760295781,0.0,9.0
1774889100.0,10.528110654289902,2.270218944766065,15964712960.0,0.0,0.2498070201640357,0.0,9.0
1774889130.0,10.068596861576443,2.2533774557102246,15966584832.0,0.0,0.3537689995739653,0.0,9.0
1774889160.0,10.03366803353696,2.2449721237128135,15967711232.0,0.0,0.3245189427731846,0.0,9.0
1774889190.0,10.100140315794851,2.229705768163857,15967891456.0,0.0,0.3166684353584792,0.0,9.0
1774889220.0,10.235600823875538,2.007478370059963,15967690752.0,0.0,0.3215052880701701,0.0,9.0
1774889250.0,10.331808346625683,2.25197299801937,14386434048.0,0.0,0.28631950373312,0.0,9.0
1774889280.0,10.324990823188257,2.2783665370190684,14386475008.0,0.0,0.2856648932310545,0.0,9.0
1774889310.0,8.624672542604596,1.904908911848909,15248388096.0,0.0,0.4528743806880963,0.0,9.0
1774889340.0,2.446982055464927,1.400764304904404,17582366720.0,0.0,0.4598769115673288,0.0,6.0
1774889370.0,2.936073668757507,0.9402410630094252,20165967872.0,0.0,0.4728154787471718,0.0,6.0
1774889400.0,9.998398525132716,2.0109232037594267,20820578304.0,0.0,0.3569924697536742,0.0,7.0
1774889430.0,10.53095073220286,1.5136595010128164,20821307392.0,0.0,0.2735156137051353,0.0,9.0
1774889460.0,10.137058878389745,2.0234665015589797,20822556672.0,0.0,0.3151224883835017,0.0,9.0
1774889490.0,10.166666666666668,1.529352862461665,20823240704.0,0.0,0.3298114360986628,0.0,9.0
1774889520.0,10.332993367329934,2.2579675442297074,20824301568.0,0.0,0.3388340697942693,0.0,9.0
1774889550.0,7.199903390999034,1.3632326151679175,20825026560.0,0.0,0.2480810261133283,0.0,9.0
1774889580.0,0.4333766710004333,0.0881732198177792,17576792064.0,0.0,0.2300037499999998,0.0,9.0
1774889610.0,0.0,0.0162670966482459,15950241792.0,0.0,0.0,0.0,9.0
1774889640.0,0.0,0.0175243800981426,14323818496.0,0.0,0.0,0.0,9.0
1774889670.0,1.3333333333333333,0.0661678301749281,14371356672.0,0.0,0.486978709018339,0.0,9.0
1774889700.0,5.723250108841425,1.5007320209252306,16796168192.0,0.0,0.4913681644356367,0.0,8.0
1774889730.0,7.10233707518095,1.162405573592444,17801187328.0,0.0,0.4962193994055327,0.0,7.0
1774889760.0,8.900794576873922,0.7582990142105854,19151413248.0,0.0,0.4678577676847331,0.0,7.0
1774889790.0,8.766666666666666,1.753544783120042,19153764352.0,0.0,0.4728400313401319,0.0,9.0
1774889820.0,8.533333333333333,1.750412085745984,19154239488.0,0.0,0.4675970024068203,0.0,9.0
1774889850.0,9.4,1.7565866731592985,19156852736.0,0.0,0.4556452105610817,0.0,9.0
1774889880.0,8.866666666666667,1.1134151945009112,19156971520.0,0.0,0.4622620555037123,0.0,9.0
1774889910.0,8.433333333333334,1.7480930820257548,19156811776.0,0.0,0.475841097706453,0.0,9.0
1774889940.0,9.433333333333334,1.7514766361434355,17534255104.0,0.0,0.4520117719747903,0.0,9.0
1774889970.0,9.166666666666666,1.39729487147027,17534427136.0,0.0,0.4588660852438587,0.0,9.0
1774890000.0,8.5,1.1726797209312043,14292811776.0,0.0,0.4692131133987951,0.0,9.0
1774890030.0,3.9,1.0016881640797568,14296322048.0,0.0,0.2464285633037517,0.0,9.0
1774890060.0,0.0,,14296322048.0,0.0,0.0,0.0,0.0
1774890090.0,0.0,,14296322048.0,0.0,0.0,0.0,0.0
1774890120.0,0.0,0.0,14296322048.0,0.0,0.0,0.0,0.0
1774890150.0,0.0,0.0,14296322048.0,0.0,0.0,0.0,0.0
1774890180.0,0.0,0.0,14296322048.0,0.0,0.0,0.0,0.0
1774890210.0,0.0,0.0,14296322048.0,0.0,0.0,0.0,0.0
1774890240.0,0.0,0.0,14296322048.0,0.0,0.0,0.0,0.0
1774890270.0,0.0,0.0,14296322048.0,0.0,0.0,0.0,0.0
1774890300.0,0.0,0.0,14296322048.0,0.0,0.0,0.0,0.0
1774890330.0,0.0,0.0,0.0,0.0,0.0,0.0,0.0
1774890360.0,0.0,0.0,0.0,0.0,0.0,0.0,0.0
1774890390.0,0.0,0.0,4728373248.0,0.0,0.0,0.0,0.0
1774890420.0,0.0,1.453324300067597,12806856704.0,0.0,0.0,0.0,0.0
1774890450.0,7.869278888888889,0.2732298124947337,14499749888.0,0.0,0.4634702036035828,0.0,7.0
1774890480.0,9.233333333333333,0.0166462633553313,14501822464.0,0.0,0.4550966923239546,0.0,8.0
1774890510.0,9.2,1.762442641360268,14502969344.0,0.0,0.4582461741835965,0.0,9.0
1774890540.0,9.133333333333333,1.756410727522299,14503649280.0,0.0,0.4588386362626666,0.0,9.0
1774890570.0,8.933333333333334,1.0899876354801057,14503415808.0,0.0,0.4627525038166586,0.0,9.0
1774890600.0,8.666666666666666,0.0165521321711364,14503903232.0,0.0,0.4645628758926931,0.0,9.0
1774890630.0,8.899999999999999,1.533752612626947,14504022016.0,0.0,0.4611384900192304,0.0,9.0
1774890660.0,9.433333333333334,1.7481582449944786,14504194048.0,0.0,0.4575622015346681,0.0,9.0
1774890690.0,8.666666666666666,1.0964439486363635,14503342080.0,0.0,0.4731316090277256,0.0,9.0
1774890720.0,7.1,0.0373660101660834,14698254336.0,0.0,0.4914194944498705,0.0,9.0
1774890750.0,0.0,1.732354479464398,17481228288.0,0.0,0.0,0.0,7.0
1774890780.0,1.9024372734125417,1.4680994250327144,20960849920.0,0.0,0.4746671065311688,0.0,6.0
1774890810.0,3.3333333333333335,1.8034541746851032,24436146176.0,0.0,0.6120356602599131,0.0,6.0
1774890840.0,8.766666666666666,0.7787541589338403,24388976640.0,0.0,0.4656011180332652,0.0,7.0
1774890870.0,8.133188893703542,1.738117284099473,24377339904.0,0.0,0.4736629973937423,0.0,9.0
1774890900.0,8.300147782703869,1.7434363919663076,24371859456.0,0.0,0.475607504676406,0.0,9.0
1774890930.0,7.666666666666666,1.4841173967560854,24364486656.0,0.0,0.4852277475722734,0.0,9.0
1774890960.0,7.7,0.9980539024036936,24362655744.0,0.0,0.4970355790614411,0.0,9.0
1774890990.0,7.6,0.7475613983919434,24361181184.0,0.0,0.4866896604526638,0.0,9.0
1774891020.0,1.2000388901852286,0.19320714679762,19462668288.0,0.0,0.4607149851190476,0.0,9.0
1774891050.0,0.0,0.0225515370041579,14592495616.0,0.0,0.0,0.0,9.0
1774891080.0,0.0,0.0187402305500595,14592651264.0,0.0,0.0,0.0,9.0
1774891110.0,0.0,0.1903537556114286,15831158784.0,0.0,0.0,0.0,9.0
1774891140.0,5.336594307270274,1.6557530756843195,17752010752.0,0.0,0.4449200983678574,0.0,7.0
1774891170.0,9.833333333333334,2.2446574444223826,17753620480.0,0.0,0.3893802057709045,0.0,8.0
1774891200.0,9.465831222503668,2.224437099298512,17754365952.0,0.0,0.4078774063838002,0.0,9.0
1774891230.0,10.067546901395929,1.9657040190499016,17754218496.0,0.0,0.3596777697073495,0.0,9.0
1774891260.0,9.966231404982375,1.4795875118622468,17754497024.0,0.0,0.3533343128745406,0.0,9.0
1774891290.0,9.330818893687104,2.228090492101888,17755107328.0,0.0,0.4073853650147487,0.0,9.0
1774891320.0,9.903024351294166,2.2756925422270933,17755103232.0,0.0,0.3848708764086864,0.0,9.0
1774891350.0,10.19954696527741,1.521150863567979,16038293504.0,0.0,0.3307643129793731,0.0,9.0
1774891380.0,10.16771803273381,2.0087363457278564,14410502144.0,0.0,0.2487717230238292,0.0,9.0
1774891410.0,9.046352589721852,1.534539007910396,14417928192.0,0.0,0.3932336204726213,0.0,9.0
1774891440.0,3.003003003003003,1.6351258211039004,15709130752.0,0.0,0.4594293502647925,0.0,7.0
1774891470.0,9.023692924323226,2.0392279690988464,17654218752.0,0.0,0.4234040495829748,0.0,7.0
1774891500.0,10.03167626005082,1.5100840349541602,17655697408.0,0.0,0.3849815020780834,0.0,9.0
1774891530.0,10.136555562706912,0.7661537156323217,17652830208.0,0.0,0.3005885355480793,0.0,9.0
1774891560.0,9.96577801475162,1.5043701293395957,17653690368.0,0.0,0.337506109824691,0.0,9.0
1774891590.0,10.601059144104187,2.2650793421228763,17654845440.0,0.0,0.3175007364609643,0.0,9.0
1774891620.0,9.99935786954077,1.5148059736701724,17654972416.0,0.0,0.3166614817604882,0.0,9.0
1774891650.0,10.03399231679303,1.510466340518867,17655259136.0,0.0,0.3326937179066925,0.0,9.0
1774891680.0,10.232426908379988,2.0037140040774717,17654525952.0,0.0,0.3337936531066146,0.0,9.0
1774891710.0,8.300403474592102,1.5320853279050164,14400385024.0,0.0,0.3149943754913219,0.0,9.0
1774891740.0,1.0000333344444816,0.3864299881474488,14390861824.0,0.0,0.235039055896148,0.0,9.0
1774891770.0,0.0,0.2431109658218636,15896776704.0,0.0,0.0,0.0,8.0
1774891800.0,0.0,0.0157168328055869,15896928256.0,0.0,0.0,0.0,8.0
1774891830.0,0.3666666666666666,0.2429353467869956,15957123072.0,0.0,0.1952304679898359,0.0,9.0
1774891860.0,3.433333333333333,1.198729120115865,15998459904.0,0.0,0.3402168468586803,0.0,9.0
1774891890.0,9.733333333333334,1.8772654690198112,16000278528.0,0.0,0.3789294038534053,0.0,9.0
1774891920.0,10.199773348443436,1.9875753435428252,16000331776.0,0.0,0.305433183841432,0.0,9.0
1774891950.0,10.03355779274174,1.2817816404732016,16000811008.0,0.0,0.2928734215509737,0.0,9.0
1774891980.0,9.727487611938423,2.241007732716822,16001028096.0,0.0,0.3735274773419966,0.0,9.0
1774892010.0,10.172752253672668,2.262586990590268,16001318912.0,0.0,0.3240307065759232,0.0,9.0
1774892040.0,10.130817400572912,1.513096246261833,14372204544.0,0.0,0.3215052125542103,0.0,9.0
1774892070.0,9.210518345086264,1.48801274738612,14376882176.0,0.0,0.4452825809426854,0.0,9.0
1774892100.0,3.0008002133902374,0.8959786393911293,16928555008.0,0.0,0.4891076626696049,0.0,8.0
1774892130.0,2.4224083333333333,1.6118605939320327,22850891776.0,0.0,0.4936564116316079,0.0,4.0
1774892160.0,8.4,1.7278822023300258,22698876928.0,0.0,0.4789601201785067,0.0,6.0
1774892190.0,8.433333333333334,1.763559675288703,22697897984.0,0.0,0.4696348270414048,0.0,9.0
1774892220.0,8.733333333333333,1.763366399429703,22697177088.0,0.0,0.4642047272106244,0.0,9.0
1774892250.0,8.666666666666668,1.761567163679972,22694567936.0,0.0,0.4683330951785547,0.0,9.0
1774892280.0,8.5,1.3411335933764117,22692679680.0,0.0,0.4731132311312892,0.0,9.0
1774892310.0,8.633333333333333,1.4113690027033623,22694051840.0,0.0,0.4690656144753085,0.0,9.0
1774892340.0,8.499700019998667,1.0092300652579207,22693425152.0,0.0,0.4752369126873035,0.0,9.0
1774892370.0,9.000337800297798,0.7665586343874063,17802510336.0,0.0,0.4601022432554696,0.0,9.0
1774892400.0,8.166666666666668,0.7676766447667842,14563553280.0,0.0,0.4945407182519553,0.0,9.0
1774892430.0,5.2,1.3943546705163612,15267086336.0,0.0,0.4728256792255066,0.0,9.0
1774892460.0,0.0,0.4304367772510497,15980126208.0,0.0,0.0,0.0,8.0
1774892490.0,0.0,0.0165722772254843,15980244992.0,0.0,0.0,0.0,9.0
1774892520.0,0.0,0.0134632693383919,15980187648.0,0.0,0.0,0.0,9.0
1774892550.0,0.0,0.0210446843690625,15980457984.0,0.0,0.0,0.0,9.0
1774892580.0,0.0,1.3791505387566765,16078372864.0,0.0,0.0,0.0,9.0
1774892610.0,8.6,1.5473280128063978,16080187392.0,0.0,0.469551282051282,0.0,9.0
1774892640.0,8.699731129035843,1.7527925980236374,16080216064.0,0.0,0.4662139809470624,0.0,9.0
1774892670.0,9.30026668444563,1.7652920650513004,14379384832.0,0.0,0.4557055026230355,0.0,9.0
1774892700.0,8.466666666666667,1.7654839507227191,14379487232.0,0.0,0.4701454490028277,0.0,9.0
1774892730.0,8.766666666666666,1.7628306164028833,14416297984.0,0.0,0.4596356336082416,0.0,9.0
1774892760.0,3.3333333333333335,0.8253078834751026,15827177472.0,0.0,0.4274999161638636,0.0,8.0
1774892790.0,9.874275236643,1.5204862051456984,16062611456.0,0.0,0.3395844180889134,0.0,8.0
1774892820.0,9.75955228058505,2.269113540592698,16063352832.0,0.0,0.334868412455451,0.0,9.0
1774892850.0,9.93971937416197,2.2350779406750605,16064466944.0,0.0,0.3609218407828805,0.0,9.0
1774892880.0,10.001360544217686,2.0849128038195315,16065429504.0,0.0,0.3926809867965939,0.0,9.0
1774892910.0,9.92325751914749,2.2722478818543954,16065662976.0,0.0,0.383411018168665,0.0,9.0
1774892940.0,9.808957210073542,2.2769150211131977,16066379776.0,0.0,0.3918898258318636,0.0,9.0
1774892970.0,9.73248022749489,1.5140566246228706,16066285568.0,0.0,0.3753700307993907,0.0,9.0
1774893000.0,10.001445574673062,1.5086531234595897,16067010560.0,0.0,0.358057390869158,0.0,9.0
1774893030.0,9.933333333333334,2.2637225586841345,14438907904.0,0.0,0.3767860713571571,0.0,9.0
1774893060.0,9.800457838822954,1.96706339859881,14438912000.0,0.0,0.3764288260890571,0.0,9.0
1774893090.0,5.1,1.2348909426755543,15770689536.0,0.0,0.4800797117864459,0.0,8.0
1774893120.0,6.773081955279964,1.830953676183384,18880598016.0,0.0,0.4472915244790283,0.0,7.0
1774893150.0,9.8,1.5537950906216256,19199406080.0,0.0,0.3007768947162569,0.0,7.0
1774893180.0,0.5666666666666667,0.289892264654218,19199934464.0,0.0,0.2210065624999999,0.0,9.0
1774893210.0,0.0,0.0223936399256689,19199733760.0,0.0,0.0,0.0,9.0
1774893240.0,0.0,0.0189062049306072,19199791104.0,0.0,0.0,0.0,9.0
1774893270.0,0.0,0.0211034866203529,19199541248.0,0.0,0.0,0.0,9.0
1774893300.0,4.538256606549332,1.7932124670236715,19340464128.0,0.0,0.4148146305754793,0.0,9.0
1774893330.0,9.26378781576465,1.929501806553911,19340742656.0,0.0,0.4216350777586312,0.0,9.0
1774893360.0,9.43111590576215,1.254884566174345,16088039424.0,0.0,0.4051003338503156,0.0,9.0
1774893390.0,9.97193919565556,2.0070727781808384,14465826816.0,0.0,0.3393543975955962,0.0,9.0
1774893420.0,8.065766887423251,1.5087821531006458,14471794688.0,0.0,0.4548242496640433,0.0,9.0
1774893450.0,5.980052054184013,2.353547636661893,16595984384.0,0.0,0.4781561358348161,0.0,8.0
1774893480.0,2.7324851565436545,1.8420321409714069,18953981952.0,0.0,0.4740366475081644,0.0,7.0
1774893510.0,5.3,1.7183529022022392,19848847360.0,0.0,0.6142562859358,0.0,7.0
1774893540.0,3.5,1.7021976538130454,25501319168.0,0.0,0.5347311322732023,0.0,6.0
1774893570.0,0.0,0.6379394864334899,26329628672.0,0.0,0.0,0.0,6.0
1774893600.0,7.433398826968604,1.7638586645109062,28171464704.0,0.0,0.436143110843374,0.0,7.0
1774893630.0,9.533464256827765,1.2536292617262517,28861874176.0,0.0,0.3998466034631611,0.0,8.0
1774893660.0,9.368760706462853,1.506563328844349,28862332928.0,0.0,0.4083348594015701,0.0,9.0
1774893690.0,9.999673365996737,2.060301966630878,28863737856.0,0.0,0.3915622251248745,0.0,9.0
1774893720.0,9.53165045665203,1.9434769805810788,25623535616.0,0.0,0.3792834727328759,0.0,9.0
1774893750.0,9.602029573651665,1.5143604009640048,22383149056.0,0.0,0.3389461426538808,0.0,9.0
1774893780.0,9.966666666666669,1.963078033687537,19187875840.0,0.0,0.3584696898987634,0.0,9.0
1774893810.0,9.429711140760764,1.800212044928306,19188105216.0,0.0,0.4191087618558606,0.0,9.0
1774893840.0,9.236348082096118,1.25701699553298,14390493184.0,0.0,0.4224012043252348,0.0,9.0
1774893870.0,7.400692383778438,1.1877716375284222,14394023936.0,0.0,0.4039286973487055,0.0,9.0
1774893900.0,0.0,0.6503022966504962,16587300864.0,0.0,0.0,0.0,8.0
1774893930.0,0.0,0.636620768920067,17471655936.0,0.0,0.0,0.0,7.0
1774893960.0,0.0,0.0188776870012135,17471361024.0,0.0,0.0,0.0,8.0
1774893990.0,0.0,0.0199748968645096,17471422464.0,0.0,0.0,0.0,9.0
1774894020.0,3.1273319341728296,1.1152602710019042,17572786176.0,0.0,0.4809473952251284,0.0,9.0
1774894050.0,7.802223408039843,1.4936367180308396,17572724736.0,0.0,0.4785471975349867,0.0,9.0
1774894080.0,7.865632463536285,0.0192455036591957,17573904384.0,0.0,0.4818024552717952,0.0,9.0
1774894110.0,7.967103377004367,1.750111849788041,17575124992.0,0.0,0.4742066988637895,0.0,9.0
1774894140.0,8.433333333333334,1.764276303239844,17575215104.0,0.0,0.4644856500459073,0.0,9.0
1774894170.0,8.633498894407591,0.0161220438262236,15948300288.0,0.0,0.4667829976851851,0.0,9.0
1774894200.0,7.967361226871144,1.0064108140657693,14330159104.0,0.0,0.4747629077817914,0.0,9.0
1774894230.0,0.0,1.810313710165249,15902470144.0,0.0,0.0,0.0,9.0
1774894260.0,2.670213176872662,0.697367350479527,18806665216.0,0.0,0.4047533610607695,0.0,7.0
1774894290.0,6.903662218804849,2.290559627888986,19476250624.0,0.0,0.3458965027174218,0.0,6.0
1774894320.0,9.63257906488486,2.0272447575811863,19452731392.0,0.0,0.3888095325423061,0.0,9.0
1774894350.0,9.899992579740337,0.7855905180161946,19430612992.0,0.0,0.3508676527746244,0.0,9.0
1774894380.0,9.298037303677358,1.5012307957287845,19428421632.0,0.0,0.4252248177612187,0.0,9.0
1774894410.0,9.20154158197488,2.2462010658469787,19427463168.0,0.0,0.4233499228627871,0.0,9.0
1774894440.0,9.299676698996768,2.2694488254935976,19428409344.0,0.0,0.4290951920805871,0.0,9.0
1774894470.0,9.501187394544525,2.260392545356875,19429777408.0,0.0,0.4130212324714868,0.0,9.0
1774894500.0,9.50010337922444,2.2715316330494453,19430092800.0,0.0,0.3868276822924934,0.0,9.0
1774894530.0,9.23281684918377,2.2210981750485304,14603575296.0,0.0,0.4132980975723763,0.0,9.0
1774894560.0,5.9337290801088045,0.9311153670981668,14602792960.0,0.0,0.4314019086010056,0.0,9.0
1775033880.0,0.0,0.0048160625486037,3161047040.0,0.0,0.0,0.0,2.0
1775033910.0,0.0,0.0048135787585865,3161083904.0,0.0,0.0,0.0,2.0
1775033940.0,0.0,0.0045361483137076,3161055232.0,0.0,0.0,0.0,2.0
1775033970.0,0.0,0.002965461922089,3161055232.0,0.0,0.0,0.0,2.0
1775034000.0,0.0,0.0049223301870059,3161088000.0,0.0,0.0,0.0,2.0
1775034030.0,0.0,0.0050464546059796,3161104384.0,0.0,0.0,0.0,2.0
1775034060.0,0.0,0.0049079734273375,3161092096.0,0.0,0.0,0.0,2.0
1775034090.0,0.0,0.0053378265700226,3161157632.0,0.0,0.0,0.0,2.0
1775034120.0,0.0,0.0051468173331602,3161141248.0,0.0,0.0,0.0,2.0
1775034150.0,0.0,0.0053629193230315,3161165824.0,0.0,0.0,0.0,2.0
1775034180.0,0.0,0.0039902679587502,3161174016.0,0.0,0.0,0.0,2.0
1775034210.0,0.0,0.8460568188460315,3251871744.0,0.0,0.0,0.0,2.0
1775034240.0,8.466666666666667,1.6226973925890305,6407131136.0,0.0,0.4649621212121211,0.0,2.0
1775034270.0,5.566146770645871,1.3110108121989963,12710006784.0,0.0,1.6070461017796442,0.0,2.0
1775034300.0,7.59505844493869,1.4721776382181295,13812842496.0,0.0,0.6604896678417956,0.0,4.0
1775034330.0,0.0,0.6891084621313959,17679470592.0,0.0,0.0,0.0,6.0
1775034360.0,0.0,0.500940767450683,19333197824.0,0.0,0.0,0.0,5.0
1775034390.0,0.0,0.7581943309518495,21241290752.0,0.0,0.0,0.0,5.0
1775034420.0,1.9673224408136047,1.593169536987561,23939334144.0,0.0,0.8729024648725991,0.0,7.0
1775034450.0,5.126694297290853,1.250548199999875,24027787264.0,0.0,0.8061546526105745,0.0,8.0
1775034480.0,5.437839649568777,1.562682116225483,24026394624.0,0.0,0.7142507693356972,0.0,9.0
1775034510.0,5.702942648383544,1.5787146878672824,24027672576.0,0.0,0.6986039986214211,0.0,9.0
1775034540.0,5.565127384998112,1.5351041846123243,24027742208.0,0.0,0.7124832483719526,0.0,9.0
1775034570.0,5.534818765537771,1.1938947965169135,24029470720.0,0.0,0.6768601293922338,0.0,9.0
1775034600.0,4.799606745317604,1.3999652986742483,20777074688.0,0.0,0.8194514151193703,0.0,9.0
1775034630.0,4.864909528802052,1.500981733481691,17581944832.0,0.0,0.7791566820288723,0.0,9.0
1775034660.0,5.147931032910494,1.513141396113336,14377005056.0,0.0,0.7438227542882371,0.0,9.0
1775034690.0,5.582090480055312,1.5777881910727796,14377070592.0,0.0,0.7085388832721478,0.0,9.0
1775034720.0,5.473561945475531,0.6196253023194833,14502383616.0,0.0,0.7657277462600831,0.0,8.0
1775034750.0,2.653663714465784,1.5889076904686408,16132124672.0,0.0,0.9689968302962728,0.0,8.0
1775034780.0,0.0,0.8816410519295218,17798443008.0,0.0,0.0,0.0,7.0
1775034810.0,0.5676864245435755,0.9593565672072132,19284754432.0,0.0,0.7133598440503415,0.0,8.0
1775034840.0,0.0,0.0250659817687092,19285209088.0,0.0,0.0,0.0,9.0
1775034870.0,0.0,0.0251542418068143,19285385216.0,0.0,0.0,0.0,9.0
1775034900.0,0.0,0.0240275909905098,19285602304.0,0.0,0.0,0.0,9.0
1775034930.0,3.6779722222222224,1.30138426974404,19326382080.0,0.0,0.4919314427238881,0.0,9.0
1775034960.0,6.756582101161104,1.752573670206392,19324743680.0,0.0,0.5851450437322038,0.0,9.0
1775034990.0,6.867634009099489,1.8286547319823137,17697402880.0,0.0,0.497455936896799,0.0,9.0
1775035020.0,6.767805393904222,1.818013616654738,17692241920.0,0.0,0.4967639314975475,0.0,9.0
1775035050.0,6.996833057589259,1.8336741616063952,14446247936.0,0.0,0.4832910211881619,0.0,9.0
1775035080.0,4.3015574975054545,1.2393212087263856,14635843584.0,0.0,0.6323803972255727,0.0,9.0
1775035110.0,4.09884069558265,1.669756965134065,15987335168.0,0.0,0.633524491850167,0.0,8.0
1775035140.0,7.374288436922661,1.8913401386044424,15987970048.0,0.0,0.4890610248170639,0.0,9.0
1775035170.0,8.134532741965963,1.965457092623026,15988023296.0,0.0,0.4492109343711358,0.0,9.0
1775035200.0,8.333979039553673,1.824372668593575,15989174272.0,0.0,0.4486105786514509,0.0,9.0
1775035230.0,8.331980631260967,1.973004073335298,15989628928.0,0.0,0.4429445638594049,0.0,9.0
1775035260.0,8.401213899819915,1.9768764870978957,15989874688.0,0.0,0.432821164660838,0.0,9.0
1775035290.0,7.529192340440433,1.9306099519919664,15990358016.0,0.0,0.4688973117828915,0.0,9.0
1775035320.0,6.9705966656808815,1.8279383239881184,15992303616.0,0.0,0.4864423994469773,0.0,9.0
1775035350.0,7.498702914001422,1.6948936218863184,14361948160.0,0.0,0.4676588656881601,0.0,9.0
1775035380.0,7.999488631174996,1.959208260255054,14361694208.0,0.0,0.4625003761153561,0.0,9.0
1775035410.0,7.831253518772126,1.9778220550044503,14365302784.0,0.0,0.4723432537707608,0.0,9.0
1775035440.0,4.527882445927734,1.039576941491677,17210142720.0,0.0,0.4845450960270762,0.0,7.0
1775035470.0,0.0,1.0675898416881668,19850047488.0,0.0,0.0,0.0,6.0
1775035500.0,0.0,2.00244335991826,22504968192.0,0.0,0.0,0.0,7.0
1775035530.0,3.300100010001,0.8768511139195284,22503022592.0,0.0,0.2834671063364605,0.0,8.0
1775035560.0,0.0,0.0205384999290726,22501294080.0,0.0,0.0,0.0,9.0
1775035590.0,0.0,0.0220178093221552,22501535744.0,0.0,0.0,0.0,9.0
1775035620.0,0.0,0.0226283184220605,22501580800.0,0.0,0.0,0.0,9.0
1775035650.0,1.9333333333333331,1.0929382615752832,22592143360.0,0.0,0.4079288708001219,0.0,9.0
1775035680.0,8.058421122816375,1.9324025353465548,22592954368.0,0.0,0.442969721290268,0.0,9.0
1775035710.0,8.132240241719956,1.948487553676029,19348205568.0,0.0,0.4542852202814044,0.0,9.0
1775035740.0,8.934538043915474,2.0317771667049476,16117358592.0,0.0,0.406246057925502,0.0,9.0
1775035770.0,9.999546727103052,1.8342822870235451,14498721792.0,0.0,0.245580485612193,0.0,9.0
1775035800.0,8.8,1.9728090886871772,14462050304.0,0.0,0.442953143051367,0.0,9.0
1775035830.0,1.4333333333333331,0.3054755906957217,17518325760.0,0.0,0.6899402833902704,0.0,6.0
1775035860.0,1.9054808686659777,1.8009961933076917,21403508736.0,0.0,0.4670737349754414,0.0,5.0
1775035890.0,5.465106666666666,1.988101328048032,23593189376.0,0.0,0.4550905955137754,0.0,7.0
1775035920.0,5.40314976663558,1.8228006994189467,25698738176.0,0.0,0.4196951169446495,0.0,7.0
1775035950.0,0.0,1.1584999418174502,29443764224.0,0.0,0.0,0.0,6.0
1775035980.0,8.967780869083445,2.261886436464693,30848835584.0,0.0,0.3726510946355316,0.0,6.0
1775036010.0,10.299455646281174,2.0465402686427554,30839103488.0,0.0,0.2451135960013123,0.0,8.0
1775036040.0,9.533113627886705,1.9123629213432605,30837968896.0,0.0,0.2446577925559315,0.0,9.0
1775036070.0,8.867520227616252,1.7000770440132622,30838853632.0,0.0,0.2411054904000162,0.0,9.0
1775036100.0,9.465666966576691,1.5279168491459938,25934295040.0,0.0,0.2487810047689551,0.0,9.0
1775036130.0,9.867676969757593,1.9538375625098627,22682935296.0,0.0,0.2463361593730908,0.0,9.0
1775036160.0,10.665556999566796,2.0196319925964197,21061754880.0,0.0,0.2402368316456472,0.0,9.0
1775036190.0,10.534423660431464,1.7105147047225129,19442712576.0,0.0,0.2413259608270055,0.0,9.0
1775036220.0,10.2,2.0466093542210277,14580953088.0,0.0,0.2440069905552195,0.0,9.0
1775036250.0,4.266487819508781,0.941907630813826,14562127872.0,0.0,0.2444806440813738,0.0,9.0
1775036280.0,0.0,0.2635233409781061,17479995392.0,0.0,0.0,0.0,7.0
1775036310.0,0.0,0.2789024533496124,19052371968.0,0.0,0.0,0.0,6.0
1775036340.0,0.0,0.0214782460909858,19052990464.0,0.0,0.0,0.0,9.0
1775036370.0,0.0,0.6509823351565089,19153022976.0,0.0,0.0,0.0,9.0
1775036400.0,7.4022452232546065,1.6741555080497297,19154046976.0,0.0,0.4433411258311557,0.0,9.0
1775036430.0,7.2663600306636,1.190647573299839,19154046976.0,0.0,0.4712914581875439,0.0,9.0
1775036460.0,8.132418021860836,1.6385006000128683,19154325504.0,0.0,0.4551868734484855,0.0,9.0
1775036490.0,7.967901563906765,1.1573295788588709,19154366464.0,0.0,0.4690166955664265,0.0,9.0
1775036520.0,8.6,1.6500142335366317,19156197376.0,0.0,0.44924284711723,0.0,9.0
1775036550.0,7.299276835405072,1.6521706328934054,15899820032.0,0.0,0.4836758065941436,0.0,9.0
1775037870.0,0.0,0.0049958350432277,3149955072.0,0.0,0.0,0.0,2.0
1775037900.0,0.0,0.0055193766413618,3149930496.0,0.0,0.0,0.0,2.0
1775037930.0,0.0,0.0056356393786286,3149963264.0,0.0,0.0,0.0,2.0
1775037960.0,0.0,0.0051585150531833,3149987840.0,0.0,0.0,0.0,2.0
1775037990.0,0.0,0.0051230920234995,3149987840.0,0.0,0.0,0.0,2.0
1775038020.0,0.0,0.004084052965673,3149955072.0,0.0,0.0,0.0,2.0
1775038050.0,0.0,0.0055430193103723,3149987840.0,0.0,0.0,0.0,2.0
1775038080.0,0.0,0.0051262965969025,3149963264.0,0.0,0.0,0.0,2.0
1775038110.0,0.0,0.0049434736474451,3149996032.0,0.0,0.0,0.0,2.0
1775038140.0,0.0,0.0054944017112444,3150004224.0,0.0,0.0,0.0,2.0
1775038170.0,0.0,0.0038341154176244,3149975552.0,0.0,0.0,0.0,2.0
1775038200.0,0.0,0.004285484782819,3149959168.0,0.0,0.0,0.0,2.0
1775038230.0,0.0,0.0054787168614474,3150024704.0,0.0,0.0,0.0,2.0
1775038260.0,0.0,0.0054723737417313,3149971456.0,0.0,0.0,0.0,2.0
1775216880.0,0.0,0.0052596058779463,3161628672.0,0.0,0.0,0.0,2.0
1775216910.0,0.0,0.0027178918443684,3161624576.0,0.0,0.0,0.0,2.0
1775216940.0,0.0,0.0043029726127589,3161640960.0,0.0,0.0,0.0,2.0
1775216970.0,0.0,0.0052107439007272,3161632768.0,0.0,0.0,0.0,2.0
1775217000.0,0.0,0.0052815773418759,3161616384.0,0.0,0.0,0.0,2.0
1775217030.0,0.0,0.0053099951675808,3161636864.0,0.0,0.0,0.0,2.0
1775217060.0,0.0,0.0051206757083105,3161608192.0,0.0,0.0,0.0,2.0
1775217090.0,0.0,0.0051818976982244,3161649152.0,0.0,0.0,0.0,2.0
1775217120.0,0.0,0.0048783247586008,3161653248.0,0.0,0.0,0.0,2.0
1775217150.0,0.0,0.0051599197287313,3161653248.0,0.0,0.0,0.0,2.0
1775217180.0,0.0,0.0024670559857299,3161653248.0,0.0,0.0,0.0,2.0
1775217210.0,0.0,0.0495985817283452,3206242304.0,0.0,0.0,0.0,2.0
1775217240.0,2.3313278446274017,0.7955184592553906,4831268864.0,0.0,0.425522727083339,0.0,2.0
1775217270.0,7.767227871311885,1.6977377538847735,7986388992.0,0.0,0.5744288508415981,0.0,2.0
1775217300.0,3.432532409104542,0.977593510839148,12643475456.0,0.0,0.9910161688877396,0.0,1.0
1775217330.0,0.0,0.8658790142274025,17892532224.0,0.0,0.0,0.0,4.0
1775217360.0,5.433333333333334,0.0129408513688169,17752797184.0,0.0,0.545287017231269,0.0,8.0
1775217390.0,5.333333333333333,0.0117299313203694,17739075584.0,0.0,0.5669168424164022,0.0,9.0
1775217420.0,5.3,0.990041818653876,17739698176.0,0.0,0.6244044046547582,0.0,9.0
1775217450.0,5.333333333333333,0.9910496199995608,17724588032.0,0.0,0.6062506479753252,0.0,9.0
1775217480.0,5.333333333333333,1.0080208223436202,17724948480.0,0.0,0.6027770832175731,0.0,9.0
1775217510.0,5.366666666666666,0.993501110667974,17724907520.0,0.0,0.5333338888587981,0.0,9.0
1775217540.0,5.3,0.974259887014332,17725304832.0,0.0,0.5364575693935152,0.0,7.0
1775217570.0,5.466666666666667,1.0000378172647404,14481813504.0,0.0,0.5215922724545995,0.0,7.0
1775217600.0,5.5,1.0016416251313032,14481838080.0,0.0,0.6151307015204054,0.0,7.0
1775217630.0,5.033333333333333,0.9654354697160584,14482075648.0,0.0,0.6787881312794657,0.0,7.0
1775217660.0,5.033333333333333,0.9947682892493444,14482153472.0,0.0,0.6931547916438501,0.0,7.0
1775217690.0,5.0,0.9827272128540702,14482079744.0,0.0,0.6900639102229325,0.0,7.0
1775217720.0,4.766666666666667,0.9548230952869772,14482063360.0,0.0,0.7142578125,0.0,7.0
1775217750.0,4.966666666666667,0.944548163622222,14482128896.0,0.0,0.6971589962058076,0.0,7.0
1775217780.0,4.866666666666666,0.013732910276759,14482141184.0,0.0,0.6903846153846154,0.0,7.0
1775217810.0,4.733333333333333,0.0154358338402013,11330523136.0,0.0,0.7013588043405802,0.0,7.0
1775217840.0,1.5333333333333332,0.4935099933964774,11330056192.0,0.0,0.6783330555370357,0.0,7.0
1775217870.0,0.0,0.0168948461525496,11329929216.0,0.0,0.0,0.0,7.0
1775217900.0,0.0,0.0148028955286373,11330072576.0,0.0,0.0,0.0,6.0
1775217930.0,0.0,0.0121423479227146,11337715712.0,0.0,0.0,0.0,6.0
1775217960.0,1.7443472513801417,1.093945575344825,11442974720.0,0.0,0.2635383599536746,0.0,6.0
1775217990.0,5.932689054559491,1.9883490662285963,14569738240.0,0.0,0.9633448095846446,0.0,5.0
1775218020.0,5.1012403521091905,1.6050382151910862,20174794752.0,0.0,0.6430553695183328,0.0,4.0
1775218050.0,4.400000000000001,1.3125977868517351,22420889600.0,0.0,0.5887774640924234,0.0,6.0
1775218080.0,7.924791111111112,1.6896396717844009,22421721088.0,0.0,0.4584719823621335,0.0,8.0
1775218110.0,7.966666666666667,1.6420269477806533,22422040576.0,0.0,0.4699819413438615,0.0,9.0
1775218140.0,7.233333333333334,1.664151529710202,22422818816.0,0.0,0.4876147406943021,0.0,9.0
1775218170.0,8.599500049995001,0.9672584664165668,20752384000.0,0.0,0.4675955384412799,0.0,9.0
1775218200.0,9.1005567223389,1.3533945786411432,20753756160.0,0.0,0.4570496930459786,0.0,9.0
1775218230.0,8.0,1.7304511778755918,20753985536.0,0.0,0.493413933609625,0.0,9.0
1775218260.0,7.700000000000001,1.710830905767754,19126792192.0,0.0,0.4926687177906558,0.0,9.0
1775218290.0,7.133333333333335,1.0072818724667338,17506721792.0,0.0,0.5673590035327194,0.0,9.0
1775218320.0,7.500000000000002,1.4040341800810114,14273015808.0,0.0,0.4869317575542917,0.0,9.0
1775218350.0,6.932953371329534,1.4186261823205222,14276902912.0,0.0,0.6369732807294268,0.0,9.0
1775218380.0,4.100410041004101,0.4444281714148673,15898193920.0,0.0,0.63124968531169,0.0,9.0
1775218410.0,1.6660993877165498,0.8125415279618915,17523126272.0,0.0,0.4938680253946391,0.0,0.0
1775218440.0,0.0,0.7529271297633522,19150528512.0,0.0,0.0,0.0,0.0
1775218470.0,0.0,,19150528512.0,0.0,0.0,0.0,0.0
1775218500.0,0.0,,19150528512.0,0.0,0.0,0.0,0.0
1775218530.0,0.0,,19150528512.0,0.0,0.0,0.0,0.0
1775218560.0,0.0,,19150528512.0,0.0,0.0,0.0,0.0
1775218590.0,0.0,,19150528512.0,0.0,0.0,0.0,0.0
1775218620.0,0.0,0.0,19150528512.0,0.0,0.0,0.0,0.0
1775218650.0,0.0,0.0,15907106816.0,0.0,0.0,0.0,0.0
1775218680.0,0.0,0.0,12755247104.0,0.0,0.0,0.0,0.0
1775218710.0,0.0,0.0,3206586368.0,0.0,0.0,0.0,0.0
1775218740.0,0.0,0.0,0.0,0.0,0.0,0.0,0.0
1775218770.0,0.0,0.0,0.0,0.0,0.0,0.0,0.0
1775218800.0,0.0,0.0,0.0,0.0,0.0,0.0,0.0
1775218830.0,0.0,0.0,0.0,0.0,0.0,0.0,0.0
1775218860.0,0.0,0.0,0.0,0.0,0.0,0.0,0.0
1775218890.0,0.0,0.0,9559478272.0,0.0,0.0,0.0,9.0
1775218920.0,0.0,0.9212584977206452,15973318656.0,0.0,0.0,0.0,7.0
1775218950.0,2.0764511470310505,0.8249435901308048,17717051392.0,0.0,0.500923192363579,0.0,7.0
1775218980.0,0.0,0.2981149335274177,19856588800.0,0.0,0.0,0.0,6.0
1775219010.0,2.19941348973607,1.1242428106745646,22727512064.0,0.0,0.6632547600239737,0.0,6.0
1775219040.0,2.0979851608775517,2.1131912822250465,25681223680.0,0.0,0.4963509862891329,0.0,6.0
1775219070.0,4.482693494364627,1.194622328590794,27647094784.0,0.0,0.5541566951679274,0.0,7.0
1775219100.0,5.364118959603024,0.7213584508662118,28744556544.0,0.0,0.477509010613022,0.0,8.0
1775219130.0,5.3696209289909245,1.1786948434033289,30323314688.0,0.0,0.4785831941691727,0.0,8.0
1775219160.0,9.348671135235502,2.12859574038631,30366789632.0,0.0,0.3876675936939375,0.0,9.0
1775219190.0,9.799765821343543,2.1929834058475257,27108749312.0,0.0,0.3845623339089551,0.0,9.0
1775219220.0,9.26706908722102,1.450191575530708,25483784192.0,0.0,0.4351725806832059,0.0,9.0
1775219250.0,9.265540289694083,0.7222797560991914,23864979456.0,0.0,0.4122125550357552,0.0,9.0
1775219280.0,2.933477805194127,0.4075147815930084,20663275520.0,0.0,0.4319978604635576,0.0,9.0
1775219310.0,0.0,0.0135679521279536,19087233024.0,0.0,0.0,0.0,9.0
1775219340.0,0.0,0.0211296226411685,15890894848.0,0.0,0.0,0.0,9.0
1775219370.0,0.0,0.0184197124015327,15890894848.0,0.0,0.0,0.0,9.0
1775219400.0,1.9335266860019331,0.987261599242241,14420299776.0,0.0,0.2436887364696346,0.0,9.0
1775219430.0,10.713376666666663,2.008049781347367,14420086784.0,0.0,0.2880662484656633,0.0,9.0
1775219460.0,7.465590609765577,2.3203890696654823,15990558720.0,0.0,0.4613808338153233,0.0,8.0
1775219490.0,4.9,1.7819174914055669,18479632384.0,0.0,0.4890926068939913,0.0,6.0
1775219520.0,8.185937347621023,0.778752226310049,18558717952.0,0.0,0.4496249814167362,0.0,7.0
1775219550.0,2.7,0.2006924538539064,20887228416.0,0.0,0.5298982721302082,0.0,7.0
1775219580.0,5.423917609443478,0.6573493930839133,22943285248.0,0.0,0.4560423811848162,0.0,7.0
1775219610.0,2.5998266782214516,1.951981103779852,24045391872.0,0.0,0.6101559249331668,0.0,7.0
1775219640.0,3.629163333333334,1.0187783246507116,27196366848.0,0.0,0.6318551497118399,0.0,8.0
1775219670.0,3.3945466666666664,0.7460615275104879,29695586304.0,0.0,0.3334207963010064,0.0,7.0
1775219700.0,2.2576905555555555,1.4306013578424102,30635393024.0,0.0,0.4659046362734585,0.0,7.0
1775219730.0,10.66593602313327,1.2819155039224723,28999614464.0,0.0,0.2498720236161275,0.0,9.0
1775219760.0,10.898700516077962,1.9593078506632648,25761411072.0,0.0,0.2482775735704298,0.0,9.0
1775219790.0,10.834918234237952,1.8371722321834552,24141516800.0,0.0,0.2487330246439358,0.0,9.0
1775219820.0,10.16655733030028,0.7404899047808569,24142077952.0,0.0,0.3370428891777554,0.0,9.0
1775219850.0,10.867944870512392,0.7549224535769538,20900458496.0,0.0,0.2467857277672707,0.0,9.0
1775219880.0,10.733333333333334,1.488642947285676,19282882560.0,0.0,0.2466359606468526,0.0,9.0
1775219910.0,10.431747406765732,2.23363439648263,17664765952.0,0.0,0.2925985107121459,0.0,9.0
1775219940.0,9.831167067772068,1.272879931004714,16046899200.0,0.0,0.3282759401886215,0.0,9.0
1775219970.0,9.469749544018862,0.943706415366913,14428463104.0,0.0,0.4084200110185374,0.0,9.0
1775220000.0,2.833793425351737,0.3774483844163195,14314754048.0,0.0,0.453676895195217,0.0,8.0
1775220030.0,0.0,0.0149140357835565,15885828096.0,0.0,0.0,0.0,8.0
1775220060.0,0.0,0.0096543897955212,15889170432.0,0.0,0.0,0.0,9.0
1775220090.0,0.0,0.0275786219756759,16712994816.0,0.0,0.0,0.0,7.0
1775220120.0,0.0,0.1407574190031664,19103023104.0,0.0,0.0,0.0,6.0
1775220150.0,0.0,1.5066774105108955,23022272512.0,0.0,0.0,0.0,6.0
1775220180.0,1.788477906706121,1.4790588967968772,23961120768.0,0.0,0.4906417747517991,0.0,6.0
1775220210.0,4.371024247279001,1.6086317135370678,27153129472.0,0.0,0.7157292057825649,0.0,7.0
1775220240.0,6.611998691997825,1.317358656180918,27157049344.0,0.0,0.6064984758981611,0.0,9.0
1775220270.0,7.066283371662834,1.6784512412162702,25533104128.0,0.0,0.531058801250945,0.0,9.0
1775220300.0,6.598120717020055,1.3708592035494491,25533145088.0,0.0,0.6375136090673146,0.0,9.0
1775220330.0,6.935490719031808,1.6982995654492166,25533509632.0,0.0,0.5952314045816646,0.0,9.0
1775220360.0,7.831234382808596,0.5072084432607826,25537064960.0,0.0,0.4801381604706417,0.0,9.0
1775220390.0,7.1635257413760565,0.9747982130140228,22291869696.0,0.0,0.5347654161817534,0.0,8.0
1775220420.0,2.8,1.833265143035495,22364647424.0,0.0,0.4663601453147727,0.0,7.0
1775220450.0,7.565822503609908,1.347230131168204,20747542528.0,0.0,0.485138040957807,0.0,9.0
1775220480.0,7.500644884892587,1.7432459450399322,19128946688.0,0.0,0.481303506507461,0.0,9.0
1775220510.0,8.49706316190206,1.7484454181798867,17505619968.0,0.0,0.4541628592288123,0.0,9.0
1775220540.0,7.602727003804823,0.881527618909114,17506422784.0,0.0,0.4750008301462191,0.0,9.0
1775220570.0,9.866640263998944,1.8636437198605236,17507860480.0,0.0,0.3685518359499357,0.0,9.0
1775220600.0,9.3668846243141,1.455679984346384,17508110336.0,0.0,0.4178963361539033,0.0,9.0
1775220630.0,8.965655892480285,1.8375751434957228,17508052992.0,0.0,0.4492754559248009,0.0,9.0
1775220660.0,8.299891189403347,1.7535293456690533,15932088320.0,0.0,0.4608247926613882,0.0,9.0
1775220690.0,8.301382646218476,1.175149167086581,14313824256.0,0.0,0.4627654402190513,0.0,9.0
1775220720.0,4.366666666666667,0.5153726316249877,14317318144.0,0.0,0.4440620831075633,0.0,7.0
1775220750.0,0.0,0.2475895894234959,18377465856.0,0.0,0.0,0.0,6.0
1775220780.0,0.0,0.014078166378919,19886321664.0,0.0,0.0,0.0,7.0
1775220810.0,0.0,0.2284610225355941,22185586688.0,0.0,0.0,0.0,7.0
1775220840.0,0.0,1.1852658264117424,23861719040.0,0.0,0.0,0.0,8.0
1775220870.0,6.571601666666666,0.7037490506803621,23862095872.0,0.0,0.4916617427889543,0.0,8.0
1775220900.0,5.866666666666667,0.6951386358975821,23862157312.0,0.0,0.7015267866086158,0.0,8.0
1775220930.0,5.932583558265853,0.971544008685834,23862546432.0,0.0,0.6753752247771682,0.0,8.0
1775220960.0,5.900810243072922,0.687473074399977,23866114048.0,0.0,0.7131011839504919,0.0,8.0
1775220990.0,5.899594512025773,0.9334708781706824,21925273600.0,0.0,0.6887966517149507,0.0,8.0
1775221020.0,6.200013471560462,0.9796613105888962,20308180992.0,0.0,0.6683456707929187,0.0,8.0
1775221050.0,6.099506732435675,1.28792511466312,17448480768.0,0.0,0.6296538457853895,0.0,9.0
1775221080.0,5.933367140209143,0.6598323771113958,15872786432.0,0.0,0.7040783892030635,0.0,9.0
1775221110.0,5.96545810301822,0.6838874462152489,15877402624.0,0.0,0.6804862605844574,0.0,9.0
1775221140.0,0.0,0.9563631943584774,14291939328.0,0.0,0.0,0.0,7.0
1775221170.0,0.0,1.3058221262424152,19628249088.0,0.0,0.0,0.0,6.0
1775221200.0,6.873067102031926,1.6312965201367202,21222191104.0,0.0,0.4861016281728245,0.0,8.0
1775221230.0,3.863786446545067,0.0072360797347738,20994514944.0,0.0,0.6908224604428844,0.0,7.0
1775221260.0,2.788693116998352,1.6922580994590877,24237412352.0,0.0,0.9147895790371025,0.0,7.0
1775221290.0,4.76564989820865,0.6252249584089224,24236732416.0,0.0,0.7076972233072041,0.0,7.0
1775221320.0,2.1,0.3460035965501067,26587451392.0,0.0,0.489697281512182,0.0,7.0
1775221350.0,6.40215749011243,0.7702364259261937,27420979200.0,0.0,0.4887438568620716,0.0,9.0
1775221380.0,6.833382589953069,1.3796952057392635,27421896704.0,0.0,0.6234028531031272,0.0,9.0
1775221410.0,6.332498731444939,1.3974379415596727,25793183744.0,0.0,0.6666957307485923,0.0,9.0
1775221440.0,2.0336179295624333,0.5109287768718292,22582394880.0,0.0,0.4664589612733136,0.0,9.0
1775221470.0,0.0,0.028589310917455,20756815872.0,0.0,0.0,0.0,9.0
1775221500.0,0.0,0.0172462257849299,19131441152.0,0.0,0.0,0.0,9.0
1775221530.0,0.0,0.021126146681991,17514151936.0,0.0,0.0,0.0,9.0
1775221560.0,4.632786775978138,0.9268953960611188,14271746048.0,0.0,0.6859905649454587,0.0,9.0
1775221590.0,6.534293589401618,0.710972893720323,14271684608.0,0.0,0.6393015171309934,0.0,9.0
1775221620.0,2.832011727860332,0.0415631498061758,14275678208.0,0.0,0.4437394788198849,0.0,7.0
1775221650.0,0.0,0.4934185260086921,17506230272.0,0.0,0.0,0.0,7.0
1775221680.0,1.866728890963032,0.7859950682422118,20454010880.0,0.0,0.7338591520260156,0.0,6.0
1775221710.0,1.6867679260173176,1.0854773524566226,22061690880.0,0.0,0.5359524358845217,0.0,6.0
1775221740.0,5.735258449427606,1.0943713348004735,23721586688.0,0.0,0.7123463741168891,0.0,7.0
1775221770.0,6.601200400133378,0.7023985988725858,23722815488.0,0.0,0.6064718234171466,0.0,9.0
1775221800.0,6.833333333333334,1.6953031441214754,23724003328.0,0.0,0.5421980236562256,0.0,9.0
1775221830.0,6.566044548130868,1.203403053190789,23724154880.0,0.0,0.594985374095626,0.0,9.0
1775221860.0,6.367233427793521,0.0174639585529257,23724462080.0,0.0,0.6697677008640188,0.0,9.0
1775221890.0,6.432722324057102,1.6738529267557876,22103592960.0,0.0,0.5974956185052541,0.0,9.0
1775221920.0,6.033190110101383,1.4378954992446973,20479983616.0,0.0,0.6894284465360678,0.0,9.0
1775221950.0,8.067524554979222,0.0155710560303814,18840064000.0,0.0,0.476847054386702,0.0,9.0
1775221980.0,6.599760015998934,1.2479145863897134,14361960448.0,0.0,0.627167517588625,0.0,9.0
1775222010.0,6.566906682667734,1.1171873800888033,14365696000.0,0.0,0.6351909716652864,0.0,9.0
1775222040.0,3.2362459546925564,1.607563072429819,15841685504.0,0.0,0.726604159513756,0.0,8.0
1775222070.0,4.10525607376001,1.0697872176789174,19096608768.0,0.0,0.6981795015513346,0.0,6.0
1775222100.0,2.02742,1.225821230405883,20660981760.0,0.0,0.6044803277238138,0.0,7.0
1775222130.0,3.8333333333333335,1.4424297002916648,21858295808.0,0.0,0.6840690390996975,0.0,8.0
1775222160.0,3.271115334177946,0.5696248222172725,22283137024.0,0.0,0.4397822402942278,0.0,9.0
1775222190.0,0.0,0.015162498295232,22283599872.0,0.0,0.0,0.0,9.0
1775222220.0,0.0,0.0152438575674733,22283759616.0,0.0,0.0,0.0,9.0
1775222250.0,0.0,0.0191648817055117,22283481088.0,0.0,0.0,0.0,9.0
1775222280.0,2.8,1.124132403530196,22343143424.0,0.0,0.4568361458449592,0.0,9.0
1775222310.0,7.4994988554792545,0.7360791698038454,20767141888.0,0.0,0.4789358431708295,0.0,9.0
1775222340.0,7.432153687227165,0.7195326452526359,17528586240.0,0.0,0.4960402999465028,0.0,9.0
1775222370.0,8.201380414124237,1.492389650703846,14326173696.0,0.0,0.475131781453918,0.0,9.0
1775222400.0,7.964482855955746,1.737276226268152,14326206464.0,0.0,0.4990757235303028,0.0,9.0
1775222430.0,7.901056983527773,1.0057644884700792,14329614336.0,0.0,0.4746408108854609,0.0,9.0
1775222460.0,4.233615574371625,0.6047851675207075,19546038272.0,0.0,0.703811529972556,0.0,6.0
1775222490.0,0.0,1.616169706026959,20610211840.0,0.0,0.0,0.0,7.0
1775222520.0,9.201523606384775,2.2440483402742837,21034463232.0,0.0,0.4042270065993091,0.0,8.0
1775222550.0,9.997468165686207,0.2848630944044306,21034283008.0,0.0,0.3401903116878396,0.0,9.0
1775222580.0,10.4307960077253,0.9041365592678756,21035794432.0,0.0,0.2470433647422639,0.0,9.0
1775222610.0,10.204045093955916,1.830737853106307,21037240320.0,0.0,0.248235883342545,0.0,9.0
1775222640.0,10.26827605232096,1.9207537346321684,21038116864.0,0.0,0.3512543748143357,0.0,9.0
1775222670.0,10.599400099983336,2.2287916334630267,21038313472.0,0.0,0.2497381499703198,0.0,9.0
1775222700.0,10.36612241921796,1.4882455071772156,17782292480.0,0.0,0.2481404662452211,0.0,9.0
1775222730.0,10.733562309926906,0.0128049042599349,16161771520.0,0.0,0.247692030081393,0.0,9.0
1775222760.0,10.733078310627173,1.8155473614528297,14363783168.0,0.0,0.2559173578360744,0.0,9.0
1775222790.0,10.433817842378984,2.238590213424384,14364512256.0,0.0,0.2731234067649174,0.0,9.0
1775222820.0,6.499483520516324,0.8396519236075519,14873837568.0,0.0,0.4325676319959129,0.0,8.0
1775222850.0,0.0,0.59100479088893,17535692800.0,0.0,0.0,0.0,6.0
1775222880.0,0.0,0.1836982963771933,20633018368.0,0.0,0.0,0.0,5.0
1775222910.0,0.0,0.3478243566432074,25175142400.0,0.0,0.0,0.0,6.0
1775222940.0,0.0,0.0324574223803581,26397417472.0,0.0,0.0,0.0,7.0
1775222970.0,0.0,0.0512885982496376,26985598976.0,0.0,0.0,0.0,9.0
1775223000.0,0.0,0.0164126191180457,26985955328.0,0.0,0.0,0.0,9.0
1775223030.0,7.9520937225109956,1.030588658853134,27087908864.0,0.0,0.4650798883193994,0.0,9.0
1775223060.0,6.233215787138118,0.9051149511840512,27087953920.0,0.0,0.6596774688166774,0.0,9.0
1775223090.0,4.967138967605711,0.949235983614528,23834439680.0,0.0,0.8259797831224434,0.0,9.0
1775223120.0,4.508000443669639,1.05125663717411,20629037056.0,0.0,0.8943977659372118,0.0,9.0
1775223150.0,4.827071657419396,0.9737627015468868,17431379968.0,0.0,0.8382015822796463,0.0,9.0
1775223180.0,5.3675870348139245,1.1658656408079404,14279942144.0,0.0,0.7127495171024978,0.0,9.0
1775223210.0,5.764577499750969,1.2990950623997648,14280802304.0,0.0,0.6828891027680555,0.0,9.0
1775223240.0,5.368809887337221,0.8507024023287066,14989750272.0,0.0,0.6981155366771523,0.0,9.0
1775223270.0,2.8666666666666667,0.971833038474354,15897313280.0,0.0,0.7439128733997341,0.0,8.0
1775223300.0,3.3627138549660405,0.6140125541097768,17179365376.0,0.0,1.4169777268337589,0.0,8.0
1775223330.0,0.0,1.5934898369781083,19233976320.0,0.0,0.0,0.0,8.0
1775223360.0,4.9608814557051,1.1542413885463196,19234316288.0,0.0,0.7431154994171664,0.0,9.0
1775223390.0,5.372509106898693,1.116983522672805,19234430976.0,0.0,0.7404743050933525,0.0,9.0
1775223420.0,5.367055620381175,1.590304959611588,19234324480.0,0.0,0.7415656630188274,0.0,9.0
1775223450.0,5.7324047849122,1.3043644226364424,19235979264.0,0.0,0.6958486078844421,0.0,9.0
1775223480.0,6.234262562939744,1.577687060474939,19236913152.0,0.0,0.6100994552295274,0.0,9.0
1775223510.0,6.330869029454267,1.646865525542121,17610342400.0,0.0,0.6715051442440443,0.0,9.0
1775223540.0,6.266644780124602,0.5385405439025462,17610489856.0,0.0,0.6461668508422187,0.0,9.0
1775223570.0,7.001814361471501,1.3282717492614144,14369038336.0,0.0,0.5491156386305901,0.0,9.0
1775223600.0,6.867689229743248,0.6155518117355341,14369124352.0,0.0,0.4830764952817236,0.0,9.0
1775223630.0,0.0,0.0151720120880054,15002411008.0,0.0,0.0,0.0,8.0
1775223660.0,0.0,0.6801609899313199,18754134016.0,0.0,0.0,0.0,6.0
1775223690.0,0.0,0.2339817700499203,21972213760.0,0.0,0.0,0.0,5.0
1775223720.0,0.0,0.2308214300854206,23961280512.0,0.0,0.0,0.0,6.0
1775223750.0,2.94619,1.1079897726388657,27527184384.0,0.0,0.4692006942182787,0.0,6.0
1775223780.0,3.8666666666666663,1.1808462914315894,28573794304.0,0.0,0.6694579068642882,0.0,7.0
1775223810.0,4.063957361758828,2.2844596920589773,30654164992.0,0.0,0.5844062475565884,0.0,7.0
1775223840.0,0.0,1.051934483722495,30778646528.0,0.0,0.0,0.0,7.0
1775223870.0,8.799875559703565,1.4423402632392877,31916027904.0,0.0,0.4606338971849495,0.0,9.0
1775223900.0,8.5,1.7136576486124349,30281224192.0,0.0,0.4644991627492258,0.0,9.0
1775223930.0,7.966781114926054,1.67954795829374,27078070272.0,0.0,0.4778297238941837,0.0,9.0
1775223960.0,8.433218892703575,1.7272188224608298,22349897728.0,0.0,0.4661833424977207,0.0,9.0
1775223990.0,7.799576708995767,0.746817040001358,19197915136.0,0.0,0.4847759072391157,0.0,9.0
1775224020.0,7.600413374670801,1.3986568593217348,17622708224.0,0.0,0.4838800724570474,0.0,9.0
1775224050.0,8.232993367329934,0.9827883952314592,17622732800.0,0.0,0.4708666764199609,0.0,9.0
1775224080.0,8.767173400897898,1.0137555512733007,16005111808.0,0.0,0.463735637548274,0.0,9.0
1775224110.0,8.93271116429128,1.7609706119915085,14383337472.0,0.0,0.4613265885818851,0.0,9.0
1775224140.0,3.6003600360036003,1.0727592237862298,15937761280.0,0.0,0.6653445796231843,0.0,8.0
1775224170.0,0.0,0.2967415713966307,17569959936.0,0.0,0.0,0.0,6.0
1775224200.0,2.6040616666666665,2.1162690349620763,20193898496.0,0.0,0.4335512558881064,0.0,7.0
1775224230.0,8.337527430140096,1.1242828226291248,21495853056.0,0.0,0.4570493509217401,0.0,7.0
1775224260.0,3.5671422856380848,0.8967529855249883,24071966720.0,0.0,0.5850496631753572,0.0,7.0
1775224290.0,8.74974881353295,0.5333988177096473,24108818432.0,0.0,0.4866982245899267,0.0,8.0
1775224320.0,4.7,0.7018577293680847,24109260800.0,0.0,0.4777961244282724,0.0,9.0
1775224350.0,0.0,0.1207764938207997,24109469696.0,0.0,0.0,0.0,9.0
1775224380.0,0.0,0.0112934227546443,24109551616.0,0.0,0.0,0.0,9.0
1775224410.0,0.0,0.0166267508326298,20844318720.0,0.0,0.0,0.0,9.0
1775224440.0,2.6000000000000005,0.6599138383915112,19267334144.0,0.0,0.2441190936315895,0.0,9.0
1775224470.0,9.931934444444446,2.007099741694883,17706176512.0,0.0,0.2472234468024831,0.0,9.0
1775224500.0,10.566666666666666,2.210303590175629,14450880512.0,0.0,0.2441974382401114,0.0,9.0
1775224530.0,11.0,2.2219113957769374,14449197056.0,0.0,0.243072199069747,0.0,9.0
1775224560.0,8.833333333333334,0.7025262395945673,14449709056.0,0.0,0.4492064207859749,0.0,8.0
1775224590.0,4.900078891518607,0.6075351843329118,16653541376.0,0.0,0.4618290075213782,0.0,7.0
1775224620.0,9.116816174439755,1.958813643066875,17585434624.0,0.0,0.379823721606255,0.0,9.0
1775224650.0,8.932224690087642,2.176056969678399,17586470912.0,0.0,0.434025359794166,0.0,9.0
1775224680.0,7.528769568402288,1.3531706344609744,17586634752.0,0.0,0.4844151456094626,0.0,9.0
1775224710.0,5.635825383069437,1.5729122688279336,17586880512.0,0.0,0.6977725364687004,0.0,9.0
1775224740.0,6.130421881056377,1.4562097358888506,17587179520.0,0.0,0.6208466184699059,0.0,9.0
1775224770.0,6.596924150323581,0.6623197746510368,17587056640.0,0.0,0.5481495032513892,0.0,9.0
1775224800.0,6.607960023890941,1.2757120657078913,17588441088.0,0.0,0.5491734723854096,0.0,9.0
1775224830.0,5.965792504084414,1.8361770927647276,14322470912.0,0.0,0.6526148344029531,0.0,9.0
1775224860.0,6.133940228371551,1.811174526633578,14322470912.0,0.0,0.653111945686247,0.0,9.0
1775224890.0,5.431807385817305,1.1884726134357466,14838243328.0,0.0,0.7003275403862503,0.0,9.0
1775224920.0,3.3012295013836663,1.3004091605325458,16583655424.0,0.0,0.7250100681912041,0.0,7.0
1775224950.0,1.7070154379647229,1.2212549601589269,18856497152.0,0.0,1.1402089141361302,0.0,7.0
1775224980.0,1.4659336998167585,1.809469990951406,20800495616.0,0.0,1.0399487354022117,0.0,7.0
1775225010.0,4.36458910066645,0.8097374376619884,20802899968.0,0.0,0.669325166014624,0.0,8.0
1775225040.0,9.808423795049936,0.1153644063042578,20805169152.0,0.0,0.2452496704434786,0.0,9.0
1775225070.0,0.5333333333333333,0.0788502782182269,20804993024.0,0.0,0.2264285714285713,0.0,9.0
1775225100.0,0.0,0.0178036749815372,20805079040.0,0.0,0.0,0.0,9.0
1775225130.0,0.0,0.0149229173887422,20805058560.0,0.0,0.0,0.0,9.0
1775225160.0,0.7333155602950324,0.4077299034221509,19178647552.0,0.0,0.2401502662481971,0.0,9.0
1775225190.0,10.708011936960968,2.117081507428651,17609240576.0,0.0,0.2425032239956945,0.0,9.0
1775225220.0,11.199253482636808,2.189696841881148,15990525952.0,0.0,0.2429752765705913,0.0,9.0
1775225250.0,11.134100153364006,0.7359350507966663,15990448128.0,0.0,0.2432666189428114,0.0,9.0
1775225280.0,11.233333333333334,1.2398914134635357,14371143680.0,0.0,0.239663698433233,0.0,9.0
1775225310.0,6.259056741834631,2.000893393784949,16299577344.0,0.0,0.4326665879594601,0.0,7.0
1775225340.0,2.5997400259974004,1.8792163753316264,18987663360.0,0.0,0.6541806677256351,0.0,6.0
1775225370.0,6.333686702003535,1.1814269279243506,21138518016.0,0.0,0.4101170673460619,0.0,7.0
1775225400.0,11.097397836560528,1.2219872291809977,21143359488.0,0.0,0.2481816190358586,0.0,9.0
1775225430.0,11.334374692065987,2.214898669175749,21144621056.0,0.0,0.2421500131148813,0.0,9.0
1775225460.0,11.033634303288908,2.2095469863153983,21144948736.0,0.0,0.2409995423327079,0.0,9.0
1775225490.0,11.13095080915435,2.208371427519978,21145554944.0,0.0,0.240420360753014,0.0,9.0
1775225520.0,11.30176562389897,1.2688658754197584,21146521600.0,0.0,0.2437057175466019,0.0,9.0
1775225550.0,11.001456340290783,1.3038843139500949,21147471872.0,0.0,0.2461050468721515,0.0,9.0
1775225580.0,11.029536576095762,1.465686393382271,17900863488.0,0.0,0.243391733100209,0.0,9.0
1775225610.0,11.202594708551384,0.3128595493749428,14402146304.0,0.0,0.2427256423758028,0.0,9.0
1775225640.0,11.434613555595504,1.2309600879692268,14402740224.0,0.0,0.2439153638093167,0.0,9.0
1775225670.0,10.80050673423123,1.53256677764554,14403514368.0,0.0,0.3768313281688926,0.0,8.0
1775225700.0,0.0,0.6349390683906115,17816465408.0,0.0,0.0,0.0,6.0
1775225730.0,1.5204572850812157,1.2392498572446446,19471597568.0,0.0,0.4948947770244367,0.0,8.0
1775225760.0,3.031052135850066,0.5810894982460351,21069217792.0,0.0,0.2848757867692269,0.0,9.0
1775225790.0,0.0,0.0463077895709466,21070983168.0,0.0,0.0,0.0,9.0
1775225820.0,0.0,0.0146704090999335,21070450688.0,0.0,0.0,0.0,9.0
1775225850.0,0.0,0.0098886995316688,21070331904.0,0.0,0.0,0.0,9.0
1775225880.0,1.2992204677193684,0.236247197057629,21039722496.0,0.0,0.2431685566481057,0.0,9.0
1775225910.0,10.11683133014416,1.992091965352798,21138034688.0,0.0,0.2433729905397219,0.0,9.0
1775225940.0,10.833720409052544,1.9490939854979703,19513937920.0,0.0,0.2432278096541268,0.0,9.0
1775225970.0,11.297123518942833,1.9994074287409185,17883144192.0,0.0,0.2435567798100141,0.0,9.0
1775226000.0,11.202363304232252,0.9528859061291068,16262066176.0,0.0,0.2465174867779689,0.0,9.0
1775226030.0,10.99936952436637,0.7388552312521542,14638133248.0,0.0,0.2479645576331258,0.0,9.0
1775226060.0,6.501567450391863,1.6221982221007225,15182815232.0,0.0,0.4107099817032938,0.0,7.0
1775226090.0,4.533776977217386,0.7991214661503567,20094554112.0,0.0,0.6140326314904826,0.0,7.0
1775226120.0,3.1,1.655228156624059,22331650048.0,0.0,0.4388017907050278,0.0,6.0
1775226150.0,7.220694444444444,1.7524435028172851,22334398464.0,0.0,0.4719527060513175,0.0,8.0
1775226180.0,9.933333333333334,1.4943786425094605,22335541248.0,0.0,0.4404665103338914,0.0,9.0
1775226210.0,10.266666666666666,1.4480542006876111,22336086016.0,0.0,0.4241526271129947,0.0,9.0
1775226240.0,10.1,1.0050708549917744,22336253952.0,0.0,0.4258929910357155,0.0,9.0
1775226270.0,10.033333333333331,1.4626816979160722,22337245184.0,0.0,0.4390623437297434,0.0,9.0
1775226300.0,9.99882697947214,1.7602728580429736,22337331200.0,0.0,0.4447846186094448,0.0,9.0
1775226330.0,10.334524762158797,1.528270410461398,22337372160.0,0.0,0.4274117518320984,0.0,9.0
1775226360.0,9.8662300436623,0.7454144791173667,17471041536.0,0.0,0.4456689385468778,0.0,9.0
1775226390.0,9.767093376004269,1.3242917691798262,14276763648.0,0.0,0.4446897368660609,0.0,9.0
1775226420.0,9.898710386883934,0.5347823240405327,14276743168.0,0.0,0.4434096676601646,0.0,9.0
1775226450.0,0.0,0.4975673832069723,15955111936.0,0.0,0.0,0.0,7.0
1775226480.0,3.239975275702597,0.5361292782422578,17611198464.0,0.0,0.4781761559334501,0.0,7.0
1775226510.0,0.0,0.0175201713625868,17613938688.0,0.0,0.0,0.0,9.0
1775226540.0,0.0,0.0187947522692879,17613840384.0,0.0,0.0,0.0,9.0
1775226570.0,0.0,0.0160254426622742,17614168064.0,0.0,0.0,0.0,9.0
1775226600.0,0.0,1.2215081023685768,17748860928.0,0.0,0.0,0.0,9.0
1775226630.0,6.255892032359837,1.4811411852920116,17749999616.0,0.0,0.243141287024982,0.0,9.0
1775226660.0,11.066584909998046,0.0120087008382829,17750634496.0,0.0,0.2425918876533283,0.0,9.0
1775226690.0,11.134453669434164,1.6346071193047509,16130711552.0,0.0,0.2453247034377703,0.0,9.0
1775226720.0,11.163845543638852,1.983965060351654,16131268608.0,0.0,0.2451557803315047,0.0,9.0
1775226750.0,10.902765519461754,1.2549312745433787,14510997504.0,0.0,0.2487515102540524,0.0,9.0
1775226780.0,3.133124458369442,1.1593406695167534,16121270272.0,0.0,0.4091481206265472,0.0,7.0
1775226810.0,5.2107099125207075,1.8409689740073836,19286134784.0,0.0,0.43167892610835,0.0,7.0
1775226840.0,11.065005549950872,2.0299367422192667,19282796544.0,0.0,0.2669884989905973,0.0,8.0
1775226870.0,11.068253302738029,2.209933648398989,19283501056.0,0.0,0.2442672949836813,0.0,9.0
1775226900.0,11.29987667077764,1.4935299281810772,19284574208.0,0.0,0.2394030314897572,0.0,9.0
1775226930.0,11.330960769522395,1.9469039341860264,19285749760.0,0.0,0.2455197837982822,0.0,9.0
1775226960.0,11.29964054046018,1.1802107136496114,19285848064.0,0.0,0.2392728089689798,0.0,9.0
1775226990.0,11.068233674741483,1.219519986366379,19286122496.0,0.0,0.2453824522184463,0.0,9.0
1775227020.0,11.133660177357603,1.9561403735913725,19287027712.0,0.0,0.2455720227239322,0.0,9.0
1775227050.0,10.6005889870534,2.1761286454299738,15985704960.0,0.0,0.2484540780220542,0.0,9.0
1775227080.0,11.131518893488895,2.2148332648570226,15986913280.0,0.0,0.2422470044332951,0.0,9.0
1775227110.0,10.623850303279532,0.7295324495436208,14374371328.0,0.0,0.2464575944805818,0.0,9.0
1775227140.0,3.0692630358421717,0.3486431256349843,16373673984.0,0.0,0.2811229196858446,0.0,7.0
1775227170.0,2.1747583333333336,1.2203297589363915,19565412352.0,0.0,0.4006918905431427,0.0,7.0
1775227200.0,7.076373333333334,1.5407917995845526,20841447424.0,0.0,0.2462110603462872,0.0,8.0
1775227230.0,0.0,0.2678482691289593,20841443328.0,0.0,0.0,0.0,9.0
1775227260.0,0.0,0.0177277450809839,20841672704.0,0.0,0.0,0.0,9.0
1775227290.0,0.0,0.0188420154000569,20841754624.0,0.0,0.0,0.0,9.0
1775227320.0,1.73328666822217,0.8950345134748076,20843159552.0,0.0,0.4451093472405992,0.0,9.0
1775227350.0,9.699473385994734,1.7150671501739363,20845056000.0,0.0,0.4480150454612653,0.0,9.0
1775227380.0,9.866852228407613,1.7456007466809125,19222867968.0,0.0,0.4392622590744864,0.0,9.0
1775227410.0,10.333724470520258,1.7466185206507834,17602170880.0,0.0,0.4318197282113355,0.0,9.0
1775227440.0,10.397487501255316,0.75745295599605,14406770688.0,0.0,0.3994302045085759,0.0,9.0
1775227470.0,0.4333333333333334,0.878252174715985,17415827456.0,0.0,0.9687170945175324,0.0,7.0
1775227500.0,9.741865547953893,1.2726246687007876,19530027008.0,0.0,0.2496763854797875,0.0,6.0
1775227530.0,10.80596179644188,1.930185712152659,19443101696.0,0.0,0.2424116722175522,0.0,9.0
1775227560.0,10.933333333333334,2.209922307818848,19428425728.0,0.0,0.2438926682003267,0.0,9.0
1775227590.0,11.599206825301607,2.0403810247885605,19428458496.0,0.0,0.239319223943114,0.0,9.0
1775227620.0,11.533848957638796,2.1973478269088034,19429163008.0,0.0,0.240308743803097,0.0,9.0
1775227650.0,10.865200586432096,2.1377304181818255,19429175296.0,0.0,0.2449682627049093,0.0,9.0
1775227680.0,11.233977885203087,0.0120074981914546,19428986880.0,0.0,0.2417529244821159,0.0,9.0
1775227710.0,11.033343833444638,0.9090361456180218,19429756928.0,0.0,0.2440129110485229,0.0,9.0
1775227740.0,11.43445905991518,1.8075592954684423,17801498624.0,0.0,0.2426901499212752,0.0,9.0
1775227770.0,11.399616704996168,2.2102308410389857,14601699328.0,0.0,0.2420204195096497,0.0,9.0
1775227800.0,10.466310176308571,2.204312794239713,15527833600.0,0.0,0.2862449517390441,0.0,8.0
1775227830.0,3.067075610081344,0.5941460404286583,17094467584.0,0.0,0.4922715929588511,0.0,6.0
1775227860.0,0.0,1.2628476338946817,20880977920.0,0.0,0.0,0.0,6.0
1775227890.0,9.177261372601308,1.5068618158317189,20943654912.0,0.0,0.4552027987367525,0.0,8.0
1775227920.0,6.433333333333333,0.1588603041064517,20944949248.0,0.0,0.4090153535353534,0.0,9.0
1775227950.0,0.0,0.1421023757156577,20943958016.0,0.0,0.0,0.0,9.0
1775227980.0,0.0,0.013628955205227,20943872000.0,0.0,0.0,0.0,9.0
1775228010.0,0.0,0.0166005290670759,20944285696.0,0.0,0.0,0.0,9.0
1775228040.0,2.2333333333333334,0.2842610354919838,20987138048.0,0.0,0.2405941120312993,0.0,9.0
1775228070.0,9.37507819967418,1.1264977572769723,21031931904.0,0.0,0.247686661308501,0.0,9.0
1775228100.0,11.567944870512394,1.101107823332743,14444695552.0,0.0,0.2402630606785077,0.0,9.0
1775228130.0,11.262189386180358,1.5862333868125205,14446227456.0,0.0,0.2438425134921773,0.0,9.0
1775228160.0,9.867143214033018,1.6243168854790004,15219421184.0,0.0,0.4033911222754837,0.0,8.0
1775228190.0,5.933333333333334,0.5508035648326407,15946039296.0,0.0,0.4614291920964108,0.0,7.0
1775228220.0,4.333766710004333,1.794774757778328,19753508864.0,0.0,0.4974510257053286,0.0,7.0
1775228250.0,2.95156,1.123840148805077,21324996608.0,0.0,0.6701052051271097,0.0,6.0
1775228280.0,4.766666666666667,1.5095999353625018,23307116544.0,0.0,0.482342726948133,0.0,7.0
1775228310.0,10.235953039748418,0.7959720502918718,23910490112.0,0.0,0.3976392109711079,0.0,9.0
1775228340.0,10.066666666666666,0.7449835570251561,23911780352.0,0.0,0.4416189555090634,0.0,9.0
1775228370.0,9.9,1.4738657519675469,23911804928.0,0.0,0.4523352518069305,0.0,9.0
1775228400.0,10.166666666666668,1.6944044490814172,23913029632.0,0.0,0.4385417128811869,0.0,9.0
1775228430.0,9.797784441112777,0.99064638555887,22280159232.0,0.0,0.4482029916928592,0.0,9.0
1775228460.0,10.035040682939842,1.4630392034123183,20660506624.0,0.0,0.4270730437861836,0.0,9.0
1775228490.0,10.0004367103377,1.7476388283181898,19040976896.0,0.0,0.4374973263383005,0.0,9.0
1775228520.0,9.966666666666669,1.7435219482133275,14271627264.0,0.0,0.4445939184681678,0.0,9.0
1775228550.0,9.833333333333332,0.7414104706666906,14271885312.0,0.0,0.4515451123258494,0.0,9.0
1775228580.0,4.333333333333333,0.0383626070252429,14967582720.0,0.0,0.2443025626217929,0.0,9.0
1775228610.0,0.0,0.7824660950805228,17555951616.0,0.0,0.0,0.0,7.0
1775228640.0,3.754245,0.5595307748502525,17592668160.0,0.0,0.4594327728393864,0.0,8.0
1775228670.0,1.2666666666666666,0.1926338917088731,17592967168.0,0.0,0.2094418281249999,0.0,9.0
1775228700.0,0.0,0.017382142786523,17591443456.0,0.0,0.0,0.0,9.0
1775228730.0,0.0,0.0175712463776934,17588981760.0,0.0,0.0,0.0,9.0
1775228760.0,0.0,0.5503658098740498,17677844480.0,0.0,0.0,0.0,9.0
1775228790.0,5.999856666666666,1.467080878694199,17721565184.0,0.0,0.247339876427079,0.0,9.0
1775228820.0,11.732097349412404,2.2291366406831794,17722437632.0,0.0,0.2419958175692846,0.0,9.0
1775228850.0,11.267830650575064,1.840602028318171,16099160064.0,0.0,0.2442800086448938,0.0,9.0
1775228880.0,11.262250701698925,1.2110828607554474,14477914112.0,0.0,0.2431892690898081,0.0,9.0
1775228910.0,3.1692020282892983,0.968770071360162,14942924800.0,0.0,0.3986011078558999,0.0,7.0
1775228940.0,3.697658149838436,0.9004789051272458,20059619328.0,0.0,0.5400852812888934,0.0,6.0
1775228970.0,3.0666666666666664,0.7101715225700399,20109295616.0,0.0,0.4877072903958867,0.0,6.0
1775229000.0,9.798013564046142,1.5647536274959604,22476247040.0,0.0,0.4437530056088771,0.0,8.0
1775229030.0,10.233333333333334,1.734220456303451,22477606912.0,0.0,0.4265332092954631,0.0,9.0
1775229060.0,10.166666666666666,0.4853325916070006,22477770752.0,0.0,0.4429492945941631,0.0,9.0
1775229090.0,10.2,0.5369469998017994,22477926400.0,0.0,0.4339545393425487,0.0,9.0
1775229120.0,9.8,1.728586617097354,22479224832.0,0.0,0.4509943181818181,0.0,9.0
1775229150.0,10.132756724327566,1.7600026625110057,22479609856.0,0.0,0.4301562495981381,0.0,9.0
1775229180.0,9.9005567223389,0.7140008566944898,19209834496.0,0.0,0.4435095886468421,0.0,9.0
1775229210.0,9.566666666666666,1.425271123200763,17591422976.0,0.0,0.4572698978341517,0.0,9.0
1775229240.0,9.966666666666669,1.7266840846470564,14347788288.0,0.0,0.4408782995334064,0.0,9.0
1775229270.0,5.032159162861999,0.9861120634432536,15297347584.0,0.0,0.4815930809382236,0.0,8.0
1775229300.0,0.0,0.5289099265508431,17414758400.0,0.0,0.0,0.0,7.0
1775229330.0,2.9555167636464397,0.995248809305316,18143293440.0,0.0,0.5115057382302268,0.0,8.0
1775229360.0,4.976479239186618,0.4460940303213784,20672630784.0,0.0,0.3371889852497872,0.0,8.0
1775229390.0,0.4666822227407581,0.2544806300850866,20718342144.0,0.0,0.2015343967979171,0.0,9.0
1775229420.0,0.0,0.0156343304515069,20718530560.0,0.0,0.0,0.0,9.0
1775229450.0,0.0,0.0140349157457797,20718706688.0,0.0,0.0,0.0,9.0
1775229480.0,1.6997733635515264,0.652538225407246,20815187968.0,0.0,0.2428948292827169,0.0,9.0
1775229510.0,9.42149422560643,1.771451774373995,20816310272.0,0.0,0.2454675809836861,0.0,9.0
1775229540.0,11.369056240195288,1.5011896933960094,19188764672.0,0.0,0.2390793683795447,0.0,9.0
1775229570.0,10.967527880049415,2.2074944337126405,17567354880.0,0.0,0.2461365600709633,0.0,9.0
1775229600.0,11.299497844731814,1.4791640179794936,14415523840.0,0.0,0.2422173864115283,0.0,9.0
1775229630.0,11.333448991412366,1.4868869377975305,14416347136.0,0.0,0.2411185023400681,0.0,9.0
1775229660.0,9.999266813304006,1.5342110343168045,14993485824.0,0.0,0.3793009420080743,0.0,8.0
1775229690.0,2.9,0.3368650613806449,18143182848.0,0.0,0.471532948261724,0.0,7.0
1775229720.0,2.7,0.6601806118912872,19297505280.0,0.0,0.4655740509709603,0.0,6.0
1775229750.0,10.2043810848726,1.8351617763847177,20910350336.0,0.0,0.2447172368118217,0.0,8.0
1775229780.0,10.902070540110769,2.210181610887219,20911812608.0,0.0,0.2475890633415408,0.0,9.0
1775229810.0,11.067393478695738,1.85990580105752,20912082944.0,0.0,0.2455193998743122,0.0,9.0
1775229840.0,10.833333333333334,1.4704656496169914,20913348608.0,0.0,0.2426867665890402,0.0,9.0
1775229870.0,11.431813669845353,1.4776074966045551,20913471488.0,0.0,0.2431104379060848,0.0,9.0
1775229900.0,11.134813661115516,1.501087931608908,20914929664.0,0.0,0.2485200930734555,0.0,9.0
1775229930.0,11.228853808444926,1.5029483195090334,20915535872.0,0.0,0.2457814785247789,0.0,9.0
1775229960.0,11.03422539948587,1.2915966940877723,16048037888.0,0.0,0.2479749338312028,0.0,9.0
1775229990.0,11.33327977066003,2.222925546267792,14428418048.0,0.0,0.2403431903731422,0.0,9.0
1775230020.0,7.100134773630819,1.8905940701523336,15072550912.0,0.0,0.2705495033233642,0.0,8.0
1775230050.0,2.399421509334736,1.1234286528923976,17611382784.0,0.0,0.4721359715449335,0.0,7.0
1775230080.0,2.8439198694087273,0.925916839124766,19362541568.0,0.0,0.4934737507897289,0.0,6.0
1775230110.0,0.0,0.0981092487829031,21702299648.0,0.0,0.0,0.0,7.0
1775230140.0,0.0,0.049794865725825,22337556480.0,0.0,0.0,0.0,8.0
1775230170.0,0.0,0.0149946504884274,22337765376.0,0.0,0.0,0.0,9.0
1775230200.0,0.0,0.5192460132634863,22432960512.0,0.0,0.0,0.0,9.0
1775230230.0,2.9140377777777777,1.7580036351614032,22484897792.0,0.0,0.24104627382199,0.0,9.0
1775230260.0,11.40011561007666,2.2000597625370717,22485090304.0,0.0,0.2410066926075621,0.0,9.0
1775230290.0,11.099243694830284,1.4938315783117508,20854251520.0,0.0,0.2411248569056286,0.0,9.0
1775230320.0,11.36824663673796,1.945669610027987,17615290368.0,0.0,0.2433828532611003,0.0,9.0
1775230350.0,10.964438514402056,2.2020793247087105,15990509568.0,0.0,0.2449030025350699,0.0,9.0
1775230380.0,10.968723260181244,1.4629670405160573,14369517568.0,0.0,0.2450002845890737,0.0,9.0
1775230410.0,10.699630300748016,1.979665916488463,14373036032.0,0.0,0.2465002774954975,0.0,9.0
1775230440.0,6.866893348445452,1.2232718944389305,14370705408.0,0.0,0.3801196064728233,0.0,8.0
1775230470.0,3.3,0.609657365426654,18769342464.0,0.0,0.4999479547474553,0.0,5.0
1775230500.0,4.031851833083292,0.9637278429074256,20182646784.0,0.0,0.3845509024567621,0.0,6.0
1775230530.0,3.6666666666666665,0.6821996554454555,22475821056.0,0.0,0.2404171199150767,0.0,7.0
1775230560.0,8.914565555555555,1.684634167507251,24056496128.0,0.0,0.4580433674867031,0.0,8.0
1775230590.0,9.2,0.3524483375499496,24056647680.0,0.0,0.4593215631279037,0.0,9.0
1775230620.0,10.333333333333332,0.0149863034437183,24059719680.0,0.0,0.430992809884956,0.0,9.0
1775230650.0,9.833333333333332,1.7208325112776948,24060583936.0,0.0,0.4522063381341728,0.0,9.0
1775230680.0,10.233333333333334,1.7496257633654149,24061939712.0,0.0,0.4345582412411758,0.0,9.0
1775230710.0,10.46646445118496,1.4885117742393057,20807606272.0,0.0,0.4107828431290843,0.0,9.0
1775230740.0,9.833516672777982,0.9810876257195692,19188555776.0,0.0,0.4455705643407176,0.0,9.0
1775230770.0,10.4,0.0119717317368908,14359859200.0,0.0,0.4281751981522373,0.0,9.0
1775230800.0,8.0,0.8110062242615442,14359904256.0,0.0,0.4536856035514376,0.0,9.0
1775230830.0,0.8333333333333334,0.409697795527246,15933841408.0,0.0,0.4269219229102294,0.0,8.0
1775230860.0,0.0,0.0109535673555938,15935082496.0,0.0,0.0,0.0,8.0
1775230890.0,0.0,0.0160396358705767,15935168512.0,0.0,0.0,0.0,9.0
1775230920.0,1.6333333333333333,0.6269348691413641,16032247808.0,0.0,0.243003175,0.0,9.0
1775230950.0,6.3019,0.8679396481273058,16032247808.0,0.0,0.2875016663241459,0.0,9.0
1775230980.0,11.03260681197094,0.477681952684965,16032337920.0,0.0,0.2448152088767388,0.0,9.0
1775231010.0,11.366176120928952,1.2030973993931324,16032571392.0,0.0,0.2423352224274622,0.0,9.0
1775231040.0,10.767900411248192,1.8819201701732,16032817152.0,0.0,0.2464276021488854,0.0,9.0
1775231070.0,11.123614716605305,2.2150742326999193,16033640448.0,0.0,0.2451675425543448,0.0,9.0
1775231100.0,11.309315630016007,2.04227764113051,14394036224.0,0.0,0.2411774556777026,0.0,9.0
1775231130.0,11.033696703003631,1.468771434425096,14397960192.0,0.0,0.2446478361956515,0.0,9.0
1775231160.0,6.199999999999999,0.733231870647769,15021182976.0,0.0,0.4312491522810636,0.0,8.0
1775231190.0,2.5,0.703375568197333,16588632064.0,0.0,0.460983257169079,0.0,7.0
1775231220.0,2.6,0.8642261230983194,22352490496.0,0.0,0.4685127225034614,0.0,4.0
1775231250.0,2.656919769341022,2.2128284448001843,24136933376.0,0.0,0.452004581257302,0.0,7.0
1775231280.0,11.033333333333331,2.259610123420807,24137748480.0,0.0,0.2464732102288054,0.0,9.0
1775231310.0,10.928307368539702,1.4459581236872254,24138461184.0,0.0,0.2430739145749718,0.0,9.0
1775231340.0,10.402539397521837,1.2510978393906091,24137687040.0,0.0,0.2863013402560636,0.0,9.0
1775231370.0,11.135766374315242,1.4989680522645388,24135282688.0,0.0,0.2587715576747028,0.0,9.0
1775231400.0,11.3,2.229665445566117,24135643136.0,0.0,0.242878132201276,0.0,9.0
1775231430.0,11.595858200414352,1.2680702806096769,20883378176.0,0.0,0.2411760021497622,0.0,9.0
1775231460.0,11.070241222961531,1.2197183854200235,17687883776.0,0.0,0.2409578994341674,0.0,9.0
1775231490.0,11.128761979545963,0.7990132890916776,16069459968.0,0.0,0.2424691455121242,0.0,9.0
1775237730.0,0.0,0.0046808376823939,3193032704.0,0.0,0.0,0.0,2.0
1775237760.0,0.0,0.0048453980800867,3193032704.0,0.0,0.0,0.0,2.0
1775237790.0,0.0,0.0049100250014659,3193032704.0,0.0,0.0,0.0,2.0
1775237820.0,0.0,0.0023462505945003,3193032704.0,0.0,0.0,0.0,2.0
1775237850.0,0.0,0.0024220065531178,3193008128.0,0.0,0.0,0.0,2.0
1775237880.0,0.0,0.0049111733358749,3193036800.0,0.0,0.0,0.0,2.0
1775237910.0,0.0,0.0023772240017551,3193036800.0,0.0,0.0,0.0,2.0
1775237940.0,0.0,0.0024585958551026,3193008128.0,0.0,0.0,0.0,2.0
1775237970.0,0.0,0.0049928953278026,3193040896.0,0.0,0.0,0.0,2.0
1775238000.0,0.0,0.0047730080278456,3193024512.0,0.0,0.0,0.0,2.0
1775238030.0,0.0,0.0048086586822329,3193024512.0,0.0,0.0,0.0,2.0
1775238060.0,0.0,0.0,3193024512.0,0.0,0.0,0.0,2.0
1775238090.0,8.286864444444443,1.405827771130333,4744810496.0,0.0,0.4413306451612903,0.0,2.0
1775238120.0,8.23048589602691,1.7711352345807596,6655696896.0,0.0,0.522803558632872,0.0,2.0
1775238150.0,4.701618210164021,0.6255532164419467,13383143424.0,0.0,1.6944788812151954,0.0,4.0
1775238180.0,8.5,0.4237553052810627,13384839168.0,0.0,0.5009785937499998,0.0,8.0
1775238210.0,8.8,1.423591201980245,15023558656.0,0.0,0.4805102146132047,0.0,8.0
1775238240.0,8.899920022443519,1.354084946211524,14406127616.0,0.0,0.4640841579777113,0.0,7.0
1775238270.0,5.600373358223882,1.1881668825135177,17198792704.0,0.0,0.4563349427857266,0.0,7.0
1775238300.0,10.037039516033284,0.5453986243780141,17534160896.0,0.0,0.4396023020352716,0.0,9.0
1775238330.0,9.6005133846718,0.7563189202685512,17534713856.0,0.0,0.4458819903647449,0.0,9.0
1775238360.0,10.033333333333331,1.6148451794364005,17535160320.0,0.0,0.4408022404599373,0.0,9.0
1775238390.0,10.433333333333334,1.7269541344849642,17535311872.0,0.0,0.4162033640673495,0.0,9.0
1775238420.0,10.466666666666669,1.7385859004597104,17536774144.0,0.0,0.4172727499825764,0.0,9.0
1775238450.0,10.266666666666666,0.9851495751487702,17537581056.0,0.0,0.4020347092848819,0.0,9.0
1775238480.0,10.266666666666666,0.9417128655791592,17537593344.0,0.0,0.4172223333259263,0.0,9.0
1775238510.0,10.333333333333332,1.4191506258834223,15917690880.0,0.0,0.4153311082498125,0.0,9.0
1775238540.0,10.333333333333332,0.7514055274465758,14279299072.0,0.0,0.4262285789858056,0.0,9.0
1775238570.0,10.266666666666666,0.0360690695247483,15029968896.0,0.0,0.4107502915486444,0.0,9.0
1775238600.0,0.0,1.2474257877249022,16603975680.0,0.0,0.0,0.0,7.0
1775238630.0,2.941400304414003,1.2261817902860956,20776202240.0,0.0,0.4265913091110208,0.0,6.0
1775238660.0,4.567123379004568,0.9376363955721784,20828282880.0,0.0,0.4516207566088913,0.0,8.0
1775238690.0,2.466666666666667,0.2097305648804621,20828819456.0,0.0,0.2097078067363472,0.0,9.0
1775238720.0,0.0,0.0093265467019957,20828581888.0,0.0,0.0,0.0,9.0
1775238750.0,0.0,0.0168790126649568,20828487680.0,0.0,0.0,0.0,9.0
1775238780.0,0.6000000000000001,0.2705275893053514,20872622080.0,0.0,0.2029545454545454,0.0,9.0
1775238810.0,4.933333333333334,0.7838920517356107,20874866688.0,0.0,0.2458604037851869,0.0,9.0
1775238840.0,11.1,1.4686043160399305,19248877568.0,0.0,0.2417841191877626,0.0,9.0
1775238870.0,10.79872264800622,1.8735001335394896,17641873408.0,0.0,0.2440005428630167,0.0,9.0
1775238900.0,8.399571247827907,1.431537220928225,16018407424.0,0.0,0.4718726221729973,0.0,9.0
1775238930.0,9.167683689297068,0.6262349554109565,14981709824.0,0.0,0.4550231019567144,0.0,9.0
1775238960.0,5.530125857361657,0.6580307791886194,15908356096.0,0.0,0.4786491301716994,0.0,7.0
1775238990.0,0.0,1.5232438311309229,19137015808.0,0.0,0.0,0.0,7.0
1775239020.0,9.798320671731307,1.2265682107613842,19137327104.0,0.0,0.4423808643512857,0.0,9.0
1775239050.0,10.30216775054194,1.3433599867732755,19141591040.0,0.0,0.4195400150529809,0.0,9.0
1775239080.0,10.632700063327,1.4252713680660545,19142184960.0,0.0,0.3749941216216216,0.0,9.0
1775239110.0,9.933880054672134,0.7265857209069433,19142017024.0,0.0,0.4423364832733453,0.0,9.0
1775239140.0,10.132330234056496,1.701760940931612,19143389184.0,0.0,0.4284337686797811,0.0,9.0
1775239170.0,10.167709132130833,1.72696665128595,19143516160.0,0.0,0.4341359808969587,0.0,9.0
1775239200.0,10.466666666666669,1.720986226587583,17520664576.0,0.0,0.3830118584933492,0.0,9.0
1775239230.0,9.698483594285378,1.7057566616395243,15897346048.0,0.0,0.4538551802388356,0.0,9.0
1775239260.0,10.062787639099664,1.719721324898579,14277648384.0,0.0,0.4299329342880649,0.0,9.0
1775239290.0,9.534966278516062,1.0034554595149272,14281003008.0,0.0,0.4577268512442056,0.0,9.0
1775239320.0,0.0,0.4883325001812991,17495588864.0,0.0,0.0,0.0,7.0
1775239350.0,4.61746881173835,1.260858707805355,17576701952.0,0.0,0.2435608914759627,0.0,7.0
1775239380.0,9.834299243055789,1.2615386947065903,17577066496.0,0.0,0.2384927112466438,0.0,9.0
1775239410.0,1.6333333333333333,0.3944718577603281,17578098688.0,0.0,0.2272648824985485,0.0,9.0
1775239440.0,0.0,0.0130536532202169,17578074112.0,0.0,0.0,0.0,9.0
1775239470.0,0.0,0.0132235709627413,17578340352.0,0.0,0.0,0.0,9.0
1775239500.0,0.0,0.0140777387588232,17578598400.0,0.0,0.0,0.0,9.0
1775239530.0,3.4329900343299005,1.1542967971044853,17671213056.0,0.0,0.2472521385047182,0.0,9.0
1775239560.0,10.934582467460007,1.237735076281565,16049807360.0,0.0,0.2442941157230468,0.0,9.0
1775239590.0,11.10036352102604,0.9941835629305508,14430339072.0,0.0,0.2415305282286477,0.0,9.0
1775239620.0,11.528799064769323,1.9765628180799693,14433918976.0,0.0,0.2400436358652602,0.0,9.0
1775239650.0,8.409898985150651,1.9475608728216895,15991140352.0,0.0,0.3762262516197482,0.0,8.0
1775239680.0,6.326689269797774,1.0997525480129322,19187605504.0,0.0,0.4381850034889684,0.0,6.0
1775239710.0,3.665444851716095,1.677618167107074,19238748160.0,0.0,0.2469421936264173,0.0,8.0
1775239740.0,11.36869610578102,2.2435532319237432,19239456768.0,0.0,0.2437917698050917,0.0,9.0
1775239770.0,11.297889473602035,0.7521197076928406,19239534592.0,0.0,0.2417923599731349,0.0,9.0
1775239800.0,11.235801645541471,0.7559767266944322,19242496000.0,0.0,0.2412952355445576,0.0,9.0
1775239830.0,11.5,2.2290030318071605,19244888064.0,0.0,0.2405207071338207,0.0,9.0
1775239860.0,11.298642569307292,2.2139027681462866,19245326336.0,0.0,0.2410123980064807,0.0,9.0
1775239890.0,10.968011457507524,2.176948544378322,19245445120.0,0.0,0.2405213745346543,0.0,9.0
1775239920.0,11.36533377762968,1.835664142730864,17617674240.0,0.0,0.2423486452846021,0.0,9.0
1775239950.0,11.366826324226771,0.7470535776386705,15994875904.0,0.0,0.2431837173600568,0.0,9.0
1775239980.0,11.40113033910173,1.4431065815388688,14377586688.0,0.0,0.2412877819420615,0.0,9.0
1775240010.0,3.6,1.9435827123733205,16628219904.0,0.0,0.3048204901962855,0.0,7.0
1775240040.0,3.3333333333333335,2.118390545051116,16635981824.0,0.0,0.3645215031417633,0.0,7.0
1775240070.0,11.132975821517835,2.1916862263529224,17626894336.0,0.0,0.2422749624743695,0.0,9.0
1775240100.0,11.03487758146245,1.3036504532753002,17628336128.0,0.0,0.2435034314141404,0.0,9.0
1775240130.0,4.8338378867655445,0.0171358936004668,17628364800.0,0.0,0.2359467217525592,0.0,9.0
1775240160.0,0.0,0.0177186042793946,17628536832.0,0.0,0.0,0.0,9.0
1775240190.0,0.0,0.0178273687072356,17628430336.0,0.0,0.0,0.0,9.0
1775240220.0,0.0,0.0163964475853113,17628487680.0,0.0,0.0,0.0,9.0
1775240250.0,0.5333333333333333,1.2348173449638584,17683001344.0,0.0,0.3556863624119672,0.0,9.0
1775240280.0,9.69059388888889,1.4819586200780523,14431166464.0,0.0,0.4484994887640382,0.0,9.0
1775240310.0,10.4,1.504646581534716,14433193984.0,0.0,0.4166664737332765,0.0,9.0
1775240340.0,8.533333333333335,0.9591729055608492,16005857280.0,0.0,0.4637158376001067,0.0,8.0
1775240370.0,3.365906514636261,1.447796998174064,18207100928.0,0.0,0.4546100829488015,0.0,5.0
1775240400.0,3.498993658114673,0.5647093425312305,21352189952.0,0.0,0.4954610678775409,0.0,6.0
1775240430.0,3.3412600463562203,1.4015505461053994,25602342912.0,0.0,0.64572036573224,0.0,4.0
1775240460.0,0.0,1.409772200834681,28200030208.0,0.0,0.0,0.0,6.0
1775240490.0,11.433333333333334,2.021527288625336,29004906496.0,0.0,0.2391955572051538,0.0,8.0
1775240520.0,11.232956704329569,2.2308019147373543,29002899456.0,0.0,0.2413373697424387,0.0,9.0
1775240550.0,11.6,1.4931228851325784,28995518464.0,0.0,0.2397639462329924,0.0,9.0
1775240580.0,11.466022329611732,0.009278404855558,28990230528.0,0.0,0.2462828953679056,0.0,9.0
1775240610.0,11.301010143243584,1.1861657261094627,25741553664.0,0.0,0.2418806888821374,0.0,9.0
1775240640.0,11.164324093636417,1.7812264047480908,24117239808.0,0.0,0.2433761835717491,0.0,9.0
1775240670.0,11.50078251681357,1.2103044452195502,20881158144.0,0.0,0.2428331794832055,0.0,9.0
1775240700.0,11.433593350667822,1.482863828511736,19252039680.0,0.0,0.2443174699876494,0.0,9.0
1775240730.0,6.433333333333334,1.7606908644369073,16100622336.0,0.0,0.3360987369147449,0.0,7.0
1775240760.0,4.3,0.5867756124603472,17590304768.0,0.0,0.5674891702748426,0.0,6.0
1775240790.0,2.9234431257500995,1.437824300134775,20185505792.0,0.0,0.4818840588444434,0.0,6.0
1775240820.0,9.395777886791612,1.735949613453366,20188262400.0,0.0,0.4470208165307535,0.0,8.0
1775240850.0,4.966666666666667,0.6149565031577928,20835741696.0,0.0,0.4184837429555355,0.0,9.0
1775240880.0,0.0,0.0170384044553682,20836155392.0,0.0,0.0,0.0,9.0
1775240910.0,0.0,0.0195267666989177,20836143104.0,0.0,0.0,0.0,9.0
1775240940.0,0.0,0.0153466940689761,20836151296.0,0.0,0.0,0.0,9.0
1775240970.0,3.7653649106428695,1.315493319857118,20882468864.0,0.0,0.2371148758132727,0.0,9.0
1775241000.0,11.03190642579322,2.2259233078280274,19254558720.0,0.0,0.243358522531785,0.0,9.0
1775241030.0,11.3651382203014,1.8144721118295288,14380589056.0,0.0,0.240759438261139,0.0,9.0
1775241060.0,11.43370284772092,1.4832226420481134,14381772800.0,0.0,0.2423342603173102,0.0,9.0
1775241090.0,7.366666666666667,1.56842037107172,15218077696.0,0.0,0.2616076458762531,0.0,8.0
1775241120.0,3.032928942807626,0.8074415263234223,15948795904.0,0.0,0.4883611539076212,0.0,6.0
1775241150.0,4.36724896652887,0.6975776631594078,17577050112.0,0.0,0.4582337183822513,0.0,8.0
1775241180.0,10.000185561740947,1.1846393487481417,19217539072.0,0.0,0.4406244190978158,0.0,8.0
1775241210.0,10.50019889551874,1.7388739067774164,19218378752.0,0.0,0.4218536956440049,0.0,9.0
1775241240.0,10.2,1.738785917381163,19218989056.0,0.0,0.4385415218990902,0.0,9.0
1775241270.0,10.03208922065227,1.4574634953140893,19218886656.0,0.0,0.4494310710937067,0.0,9.0
1775241300.0,10.267875878011914,1.7371404130494223,19219447808.0,0.0,0.4429421936010691,0.0,9.0
1775241330.0,9.866666666666667,0.0156005776071948,19216846848.0,0.0,0.4483633035029928,0.0,9.0
1775241360.0,10.364374250299878,1.0445459167837536,19215753216.0,0.0,0.4330085881539769,0.0,9.0
1775241390.0,10.502294251033746,1.7439151466691405,14346395648.0,0.0,0.4364717358010607,0.0,9.0
1775241420.0,10.466465562259035,0.9751090563168254,15263944704.0,0.0,0.4129789180608141,0.0,8.0
1775241450.0,0.0,0.4150564860496488,16892436480.0,0.0,0.0,0.0,6.0
1775241480.0,0.0,0.954385139761539,20305993728.0,0.0,0.0,0.0,5.0
1775241510.0,4.806087711100727,0.6242601120222127,25212047360.0,0.0,0.4676314264242355,0.0,6.0
1775241540.0,0.0,1.1024663402515835,25623498752.0,0.0,0.0,0.0,6.0
1775241570.0,10.544461537854277,0.6864869966803256,27255025664.0,0.0,0.2978844633875722,0.0,8.0
1775241600.0,0.3333333333333333,0.0722377022076292,27255095296.0,0.0,0.1641165999999999,0.0,9.0
1775241630.0,0.0,0.0162001583868491,27255275520.0,0.0,0.0,0.0,9.0
1775241660.0,0.0,0.0175989758077222,27255435264.0,0.0,0.0,0.0,9.0
1775241690.0,0.0,1.0811510762984002,25765613568.0,0.0,0.0,0.0,9.0
1775241720.0,3.3373499938829756,1.4155082615513126,24143413248.0,0.0,0.2436973640258098,0.0,9.0
1775241750.0,11.198472049382271,0.7247754609446265,22521597952.0,0.0,0.2378554886270403,0.0,9.0
1775241780.0,10.734276183921551,1.8562646903109576,16084344832.0,0.0,0.2402725519342526,0.0,9.0
1775241810.0,11.134669149461391,1.7681108934775625,14511677440.0,0.0,0.2409244007453646,0.0,9.0
1775241840.0,11.099520063991466,0.4304311084033316,15426904064.0,0.0,0.2446476415973872,0.0,8.0
1775241870.0,6.432816752763428,1.1793508988688082,19475554304.0,0.0,0.564432303755707,0.0,6.0
1775241900.0,4.167361226871145,1.063941313333324,20472836096.0,0.0,0.46635875833341,0.0,6.0
1775241930.0,2.533333333333333,1.251209298216534,20861480960.0,0.0,0.2466990236211352,0.0,7.0
1775241960.0,4.5,0.7217643942174682,24976883712.0,0.0,0.4807196863118343,0.0,6.0
1775241990.0,1.0666666666666669,0.8681587078315053,26599247872.0,0.0,0.4978567390461919,0.0,6.0
1775242020.0,4.6,0.9875688456696624,27250249728.0,0.0,0.4809531779795237,0.0,9.0
1775242050.0,10.166666666666668,1.4720326142386115,27248816128.0,0.0,0.4036247778678101,0.0,9.0
1775242080.0,9.933333333333334,1.686051262788099,27250352128.0,0.0,0.4356339240163408,0.0,9.0
1775242110.0,10.066666666666666,1.7117244874350412,23999356928.0,0.0,0.4180558795015804,0.0,9.0
1775242140.0,9.666666666666668,1.7045018299532344,23999852544.0,0.0,0.4389490639261028,0.0,9.0
1775242170.0,10.333333333333332,1.7032585811046903,20757114880.0,0.0,0.389634085363821,0.0,9.0
1775242200.0,10.033333333333331,1.7010313156140406,17512361984.0,0.0,0.4286884904360199,0.0,9.0
1775242230.0,9.8,1.696229917486859,15891787776.0,0.0,0.4402347265091226,0.0,9.0
1775242260.0,9.533333333333331,1.709178733554089,14273187840.0,0.0,0.4530452721591084,0.0,9.0
1775242290.0,9.833333333333332,0.3655307987804931,14277107712.0,0.0,0.4404103594069116,0.0,9.0
1775242320.0,0.7333333333333333,0.1484040915147253,15854465024.0,0.0,0.4015624992535085,0.0,0.0
1775242350.0,0.0,0.0021793384455081,15854358528.0,0.0,0.0,0.0,0.0
1775242380.0,0.0,,15854358528.0,0.0,0.0,0.0,0.0
1775242410.0,0.0,,15854358528.0,0.0,0.0,0.0,0.0
1775242440.0,0.0,,15854358528.0,0.0,0.0,0.0,0.0
1775242470.0,0.0,0.0,15854358528.0,0.0,0.0,0.0,0.0
1775242500.0,0.0,0.0,15854358528.0,0.0,0.0,0.0,0.0
1775242530.0,0.0,0.0,15854358528.0,0.0,0.0,0.0,0.0
1775242560.0,0.0,0.0,14229028864.0,0.0,0.0,0.0,0.0
1775242590.0,0.0,0.0,14229028864.0,0.0,0.0,0.0,0.0
1775242620.0,0.0,0.0,4721115136.0,0.0,0.0,0.0,0.0
1775242650.0,0.0,0.0,0.0,0.0,0.0,0.0,0.0
1775242680.0,0.0,0.0,0.0,0.0,0.0,0.0,0.0
1775242710.0,0.0,0.0,0.0,0.0,0.0,0.0,0.0
1775242740.0,0.0,0.0,9509367808.0,0.0,0.0,0.0,0.0
1775242770.0,2.7333333333333334,0.9829355560721572,15294177280.0,0.0,0.4633913035678574,0.0,0.0
1775242800.0,6.304120015408435,1.267906697227288,16899280896.0,0.0,0.3109031088391141,0.0,7.0
1775242830.0,10.700124448592732,1.6520030059711055,17553096704.0,0.0,0.2458147945439414,0.0,9.0
1775242860.0,11.130200096971953,1.8151246469811644,17554419712.0,0.0,0.2384417314085726,0.0,9.0
1775242890.0,10.369524440352745,1.384806030443921,17555013632.0,0.0,0.2404746009116843,0.0,9.0
1775242920.0,10.996237096237095,2.173947916236821,17555263488.0,0.0,0.2452626821253937,0.0,9.0
1775242950.0,11.068157232480765,1.9125040097910968,17557270528.0,0.0,0.2412254161749189,0.0,9.0
1775242980.0,11.33035787143767,1.9576478322622728,17557848064.0,0.0,0.2378614104927583,0.0,9.0
1775243010.0,9.671454548479284,0.8213481034081512,17558208512.0,0.0,0.2394731138848902,0.0,9.0
1775243040.0,0.0,0.0157306514151823,17559248896.0,0.0,0.0,0.0,9.0
1775243070.0,0.0,0.016308542617929,14319656960.0,0.0,0.0,0.0,9.0
1775243100.0,0.0,0.0157090182445013,15894740992.0,0.0,0.0,0.0,8.0
1775243130.0,0.0,0.4944886981316501,18537492480.0,0.0,0.0,0.0,5.0
1775243160.0,0.0,0.4617062890889876,23071109120.0,0.0,0.0,0.0,6.0
1775243190.0,3.2333333333333334,1.0022399557217028,25570689024.0,0.0,0.6820974485754414,0.0,7.0
1775243220.0,8.451349361501908,2.0865489817897576,27192401920.0,0.0,0.4807001178801503,0.0,7.0
1775243250.0,10.167398952635686,1.4839012228005648,27185643520.0,0.0,0.4245697079578431,0.0,8.0
1775243280.0,10.433333333333334,1.0051100306199066,27186511872.0,0.0,0.4248115347210648,0.0,9.0
1775243310.0,10.400152227296466,1.7309856692080337,27186860032.0,0.0,0.4258193985948426,0.0,9.0
1775243340.0,10.3,1.7319559749470226,27187093504.0,0.0,0.4351445953371397,0.0,9.0
1775243370.0,10.433185560481316,1.4666571420333403,25565810688.0,0.0,0.4256171712560481,0.0,9.0
1775243400.0,10.231804852039456,0.7476485714517647,22366633984.0,0.0,0.432247418294556,0.0,9.0
1775243430.0,10.567010833888627,1.3775041256607683,15953547264.0,0.0,0.4118000744391934,0.0,9.0
1775243460.0,10.501350405121537,1.010580218751772,15953911808.0,0.0,0.4107732891926323,0.0,9.0
1775243490.0,10.40014667155572,1.5206053295538489,14283186176.0,0.0,0.4037222428655425,0.0,9.0
1775243520.0,10.266368908739416,1.3875228540422802,14285983744.0,0.0,0.4302753253971435,0.0,9.0
1775243550.0,5.3,0.609393019652356,17479540736.0,0.0,0.4377482621989627,0.0,7.0
1775243580.0,0.0,0.9056558284626888,20612575232.0,0.0,0.0,0.0,6.0
1775243610.0,9.002933753439082,1.9440342263288324,20865794048.0,0.0,0.2758133788572519,0.0,8.0
1775243640.0,11.466016774981949,2.1893783858687907,20867006464.0,0.0,0.2434701725120891,0.0,9.0
1775243670.0,11.494235688183071,1.4702319932172268,20867399680.0,0.0,0.240667438989818,0.0,9.0
1775243700.0,11.568683926402748,1.9666938372743976,20869582848.0,0.0,0.2396048722031766,0.0,9.0
1775243730.0,11.234661975074786,1.449338497238882,20869730304.0,0.0,0.2431230834875693,0.0,9.0
1775243760.0,1.1004726160689464,0.0186360960582638,20869447680.0,0.0,0.2090007505753626,0.0,9.0
1775243790.0,0.0,0.0199558323225253,19242987520.0,0.0,0.0,0.0,9.0
1775243820.0,0.0,0.0173678233942803,16040431616.0,0.0,0.0,0.0,9.0
1775243850.0,0.0,0.6263906442324004,14507110400.0,0.0,0.0,0.0,9.0
1775243880.0,0.0,1.6910610999022757,14423515136.0,0.0,0.0,0.0,8.0
1775243910.0,7.821994594909793,1.3611975382073345,17577234432.0,0.0,0.4902728240087657,0.0,7.0
1775243940.0,4.1004100410041,0.4925585005815932,19968589824.0,0.0,0.4947186147560789,0.0,6.0
1775243970.0,4.91891,1.0553608823368703,22433988608.0,0.0,0.2730170203513809,0.0,5.0
1775244000.0,3.8666666666666663,1.1005009922086406,24068820992.0,0.0,0.2473646159111917,0.0,7.0
1775244030.0,11.36161156894924,1.1664802386334605,24068857856.0,0.0,0.2409661437732924,0.0,9.0
1775244060.0,11.1667866706668,1.0240940016537166,24068587520.0,0.0,0.243167055512352,0.0,9.0
1775244090.0,11.699488957027953,1.95454224571076,24071536640.0,0.0,0.2422884919615103,0.0,9.0
1775244120.0,11.46705673960162,1.2211367990314694,24071479296.0,0.0,0.2412961046161011,0.0,9.0
1775244150.0,11.299126938817626,1.6926179204497576,22443532288.0,0.0,0.2399283359085056,0.0,9.0
1775244180.0,11.334229165776271,2.2194324356856936,19194249216.0,0.0,0.2420531884718102,0.0,9.0
1775244210.0,11.494940079893476,2.226591341223542,17575178240.0,0.0,0.2396589003752969,0.0,9.0
1775244240.0,11.238441094453927,2.2139142126876337,14332313600.0,0.0,0.2412504590351918,0.0,9.0
1775244270.0,10.932391362303385,1.2077144204075645,14333284352.0,0.0,0.2441701950131877,0.0,9.0
1775244300.0,6.267413532497555,0.7627218086921367,15099510784.0,0.0,0.3790352064479854,0.0,8.0
1775244330.0,6.198850228729681,1.2943559273359078,17132072960.0,0.0,0.3794723441370722,0.0,7.0
1775244360.0,2.5005834694762106,1.718160574601925,20148416512.0,0.0,0.4947191814796652,0.0,6.0
1775244390.0,0.0,1.2863861929658804,23938117632.0,0.0,0.0,0.0,6.0
1775244420.0,0.0,0.0896618226150554,23973883904.0,0.0,0.0,0.0,5.0
1775244450.0,0.0,1.280356365449452,27269455872.0,0.0,0.0,0.0,7.0
1775244480.0,0.0,0.2390928260117578,27269783552.0,0.0,0.0,0.0,9.0
1775244510.0,0.0,0.0156394312572872,27269865472.0,0.0,0.0,0.0,9.0
1775244540.0,0.0,0.0113430038466982,27269996544.0,0.0,0.0,0.0,9.0
1775244570.0,0.0333333333333333,0.4115753357860735,25688088576.0,0.0,0.1930059960026648,0.0,9.0
1775244600.0,6.619111111111111,1.8477407518586468,25734017024.0,0.0,0.2418773906889151,0.0,9.0
1775244630.0,11.36944527836152,2.2068240828511394,22538067968.0,0.0,0.241783073874766,0.0,9.0
1775244660.0,11.533333333333331,1.2737963924048383,19299532800.0,0.0,0.2385237742570496,0.0,9.0
1775244690.0,11.265213914434227,1.9642790281102065,14477729792.0,0.0,0.2418443741431254,0.0,9.0
1775244720.0,12.0004033736707,1.9777899045814715,14465458176.0,0.0,0.2366513697649782,0.0,9.0
1775244750.0,6.133333333333333,1.8914490787068463,15996293120.0,0.0,0.4198527205465646,0.0,7.0
1775244780.0,9.739275,1.8395495488347264,16036343808.0,0.0,0.367427963133925,0.0,8.0
1775244810.0,11.260809371671993,1.4866984983009384,17627000832.0,0.0,0.2446449874650727,0.0,8.0
1775244840.0,11.372596153846152,1.5030709905233073,17627840512.0,0.0,0.2399888517877492,0.0,9.0
1775244870.0,11.433333333333334,1.96764894113964,17627938816.0,0.0,0.2408667665687141,0.0,9.0
1775244900.0,11.733333333333334,1.4852717726140434,17628307456.0,0.0,0.2406918470302773,0.0,9.0
1775244930.0,11.132727878686886,1.912569559550255,17628602368.0,0.0,0.2408332914279895,0.0,9.0
1775244960.0,11.465930613647105,1.9521308849188972,17628565504.0,0.0,0.2424668167354501,0.0,9.0
1775244990.0,11.634137302139187,2.012149943780032,17628950528.0,0.0,0.2387962033211616,0.0,9.0
1775245020.0,11.26728899260988,1.4862513683025456,15997546496.0,0.0,0.2437500329279276,0.0,9.0
1775245050.0,10.333333333333332,1.4922291511129062,14932144128.0,0.0,0.3289997998299862,0.0,8.0
1775245080.0,4.233333333333333,2.1991347468265685,17570418688.0,0.0,0.3994595328546683,0.0,7.0
1775245110.0,10.832871213465268,1.467022242969587,17570684928.0,0.0,0.2447806976368789,0.0,9.0
1775245140.0,11.000605656498305,1.49260127840657,17573060608.0,0.0,0.2445943655237998,0.0,9.0
1775245170.0,10.664304680638391,1.0589978892137055,17574125568.0,0.0,0.2420882748062474,0.0,9.0
1775245200.0,0.6670669068107532,0.2114014265535546,17573847040.0,0.0,0.2242995357142856,0.0,9.0
1775245230.0,0.0,0.0207974667170678,17573814272.0,0.0,0.0,0.0,9.0
1775245260.0,0.0,0.0199514596916874,17573826560.0,0.0,0.0,0.0,9.0
1775245290.0,0.0,0.3885420690363754,17663168512.0,0.0,0.0,0.0,9.0
1775245320.0,0.0,1.997980400788426,17715757056.0,0.0,0.0,0.0,9.0
1775245350.0,11.201604028412312,1.9932679583734867,14470938624.0,0.0,0.2411056094431924,0.0,9.0
1775245380.0,10.90157512699948,1.280438544396838,15037689856.0,0.0,0.2438292847775708,0.0,9.0
1775245410.0,8.661830330633364,2.547724553322419,16632913920.0,0.0,0.4786119750450976,0.0,7.0
1775245440.0,7.270910506702264,2.236875164873284,17648017408.0,0.0,0.2438196730063095,0.0,8.0
1775245470.0,11.400787421547305,1.479079746049488,17648066560.0,0.0,0.2435188283692585,0.0,9.0
1775245500.0,11.40075348403014,1.7539497060107128,17645764608.0,0.0,0.2437773451524363,0.0,9.0
1775245530.0,10.598336331933986,1.2498727080690295,17645867008.0,0.0,0.245244539264529,0.0,9.0
1775245560.0,11.101789724093466,1.456006281462331,17648033792.0,0.0,0.2438848638868123,0.0,9.0
1775245590.0,10.866666666666667,1.1711128807546405,17648156672.0,0.0,0.2446958918851341,0.0,9.0
1775245620.0,11.563882042058047,1.2499098497928525,17648295936.0,0.0,0.2389802602912135,0.0,9.0
1775245650.0,11.132212366991205,2.1885477781706912,16027697152.0,0.0,0.242116485611673,0.0,9.0
1775245680.0,11.069179452968646,2.2058192857603434,16027996160.0,0.0,0.2453954405838047,0.0,9.0
1775245710.0,11.401278203845727,2.1882436282192415,14410170368.0,0.0,0.2432042388828224,0.0,9.0
1775245740.0,5.832786775978138,0.8712500999982674,16946544640.0,0.0,0.5203200635581839,0.0,7.0
1775245770.0,2.29864,1.6237943763750031,20843499520.0,0.0,0.4496032228046805,0.0,5.0
1775245800.0,10.19745289013296,2.0238666613788947,20844716032.0,0.0,0.2413194425873817,0.0,8.0
1775245830.0,11.597544821370128,2.2344109575896525,20845838336.0,0.0,0.2400289717627244,0.0,9.0
1775245860.0,11.737070154366297,0.742114553080448,20844244992.0,0.0,0.2385648577475074,0.0,9.0
1775245890.0,9.266666666666666,0.3790749240499325,20844675072.0,0.0,0.2415268891467428,0.0,9.0
1775245920.0,0.9,0.4087742152418613,20844830720.0,0.0,0.2232141666587296,0.0,9.0
1775245950.0,0.0,0.020759843436867,20844756992.0,0.0,0.0,0.0,9.0
1775245980.0,0.0,0.0157061449233929,20844834816.0,0.0,0.0,0.0,9.0
1775246010.0,1.5333333333333332,0.6596160097088949,17696661504.0,0.0,0.2366978710443056,0.0,9.0
1775246040.0,6.481123112311231,2.1375315721884807,14456299520.0,0.0,0.2415131288352875,0.0,9.0
1775246070.0,11.334100153364004,0.4990739352428675,14460727296.0,0.0,0.2416698372593734,0.0,9.0
1775246100.0,6.2,1.4519418578724808,16760053760.0,0.0,0.6887962388668201,0.0,7.0
1775246130.0,3.8,1.4616952473304514,19689664512.0,0.0,0.63735626169469,0.0,5.0
1775246160.0,0.0,0.9870630488241958,22263762944.0,0.0,0.0,0.0,6.0
1775246190.0,6.841650013322676,0.7563626086318149,24090427392.0,0.0,0.4825840189767426,0.0,7.0
1775246220.0,9.57048330775561,0.6354347895199743,24093593600.0,0.0,0.4526026382918361,0.0,9.0
1775246250.0,10.133333333333333,1.4537990011383592,24094793728.0,0.0,0.4288969354784941,0.0,9.0
1775246280.0,10.133182227259091,1.4762576304759596,24096903168.0,0.0,0.4435818806039798,0.0,9.0
1775246310.0,10.400152227296465,1.7334503362237978,24097378304.0,0.0,0.4235161157420035,0.0,9.0
1775246340.0,9.96651889381465,1.722440169942015,24098734080.0,0.0,0.4463548668609179,0.0,9.0
1775246370.0,10.133333333333333,1.2076019630867136,22471659520.0,0.0,0.4264585069057892,0.0,9.0
1775246400.0,10.399553377995534,1.7637427193684885,17608138752.0,0.0,0.425822991243753,0.0,9.0
1775246430.0,10.467110044337767,1.7262647893045548,14368444416.0,0.0,0.4189695827806302,0.0,9.0
1775246460.0,9.799250124979167,0.7541266915588224,14368043008.0,0.0,0.448196369853015,0.0,9.0
1775246490.0,5.633333333333333,0.0879023624039519,14288695296.0,0.0,0.4721845078185721,0.0,8.0
1775246520.0,0.0,1.847685396541912,19179696128.0,0.0,0.0,0.0,6.0
1775246550.0,3.981166666666667,1.5542791786298988,19239415808.0,0.0,0.4681528515695928,0.0,8.0
1775246580.0,10.166666666666668,1.7399138866596688,19241287680.0,0.0,0.4303943245527225,0.0,9.0
1775246610.0,9.799715574517254,1.2695083943106071,19240996864.0,0.0,0.4406262324704762,0.0,9.0
1775246640.0,1.600097784296731,0.0125095090666389,19241005056.0,0.0,0.234166358015215,0.0,9.0
1775246670.0,0.0,0.01946984492981,19240587264.0,0.0,0.0,0.0,9.0
1775246700.0,0.0,0.0201115816277044,19240701952.0,0.0,0.0,0.0,9.0
1775246730.0,0.0,0.5156861585588921,19331674112.0,0.0,0.0,0.0,9.0
1775246760.0,5.036307063163978,1.7980950664887436,17703948288.0,0.0,0.2459888666010478,0.0,9.0
1775246790.0,11.330259355580242,2.218683821217748,17704550400.0,0.0,0.2400098457568194,0.0,9.0
1775246820.0,10.566519965284074,2.150528352034038,15663476736.0,0.0,0.3029211620228306,0.0,8.0
1775246850.0,6.468253968253968,1.1552758327133688,17528573952.0,0.0,0.4754789295628449,0.0,7.0
1775246880.0,9.733333333333334,0.0126726742388789,17529540608.0,0.0,0.447900647920497,0.0,9.0
1775246910.0,9.66470307311276,0.7369511521071018,17530363904.0,0.0,0.4548481737150814,0.0,9.0
1775246940.0,10.535327530818911,1.7367686378754226,17532399616.0,0.0,0.4226561948289661,0.0,9.0
1775246970.0,10.3,1.74989033472766,17532772352.0,0.0,0.4002786664148897,0.0,9.0
1775247000.0,10.066666666666666,1.4661881820654576,17532977152.0,0.0,0.4354782044120512,0.0,9.0
1775247030.0,10.233333333333334,1.739049091955981,17532944384.0,0.0,0.4230594033880347,0.0,9.0
1775247060.0,9.730490405117273,0.7335866033590258,17533018112.0,0.0,0.4531471200681968,0.0,9.0
1775247090.0,9.836179295624332,1.336849691971126,15897911296.0,0.0,0.449233260537527,0.0,9.0
1775247120.0,9.866666666666667,1.0052943828034469,14272802816.0,0.0,0.4504314605985361,0.0,9.0
1775247150.0,4.566666666666666,0.5060739267648124,14271336448.0,0.0,0.2211165211123607,0.0,9.0
1775247180.0,3.3996600339966005,0.8802655191992165,16395141120.0,0.0,0.4493881152439954,0.0,7.0
1775247210.0,0.0,0.7304577145909089,18292326400.0,0.0,0.0,0.0,6.0
1775247240.0,2.8514691674717656,2.3479014359972465,22020648960.0,0.0,0.3991000004697902,0.0,7.0
1775247270.0,7.471923831622463,1.4889336694151074,22390099968.0,0.0,0.246001226484327,0.0,9.0
1775247300.0,11.231294488678635,1.916233208058723,22391955456.0,0.0,0.2440268605697717,0.0,9.0
1775247330.0,11.001533433344385,1.7874872589587023,22392950784.0,0.0,0.2476928741117539,0.0,9.0
1775247360.0,1.200160021336178,0.0201764848485225,22392827904.0,0.0,0.231250942241012,0.0,9.0
1775247390.0,0.0,0.0153408923064019,22392836096.0,0.0,0.0,0.0,9.0
1775247420.0,0.0,0.0128191505439783,20771942400.0,0.0,0.0,0.0,9.0
1775247450.0,0.0,0.2539988409936105,19201236992.0,0.0,0.0,0.0,9.0
1775247480.0,2.8333333333333335,1.6188952004268449,15996932096.0,0.0,0.4135874275024185,0.0,9.0
1775247510.0,10.566666666666666,0.7444988789181987,15997067264.0,0.0,0.4134436397943238,0.0,9.0
1775247540.0,10.466666666666669,0.6254719700499128,14370152448.0,0.0,0.4071808508244682,0.0,9.0
1775247570.0,8.120374543394213,1.423071148106324,15921295360.0,0.0,0.4458475465164084,0.0,8.0
1775247600.0,10.40077788149531,0.7747667467096228,15999565824.0,0.0,0.4325803912559357,0.0,9.0
1775247630.0,10.733333333333334,1.74793792049583,16000389120.0,0.0,0.350840843112992,0.0,9.0
1775247660.0,10.266666666666666,1.735389097733595,16001138688.0,0.0,0.4433535327379468,0.0,9.0
1775247690.0,10.366666666666667,1.4244306201044377,16001540096.0,0.0,0.4307693076871798,0.0,9.0
1775247720.0,10.3,1.7517635609045996,16001519616.0,0.0,0.4376736863312124,0.0,9.0
1775247750.0,10.6,1.0013864284795122,16001421312.0,0.0,0.4082511244660499,0.0,9.0
1775247780.0,10.266666666666666,1.0015404938502537,16001609728.0,0.0,0.4214902846413684,0.0,9.0
1775247810.0,10.4,1.7488532810662478,14376558592.0,0.0,0.4247915486071757,0.0,9.0
1775247840.0,10.466666666666669,1.732006434322723,14376529920.0,0.0,0.4277778108454585,0.0,9.0
1775247870.0,8.607824081142379,0.0326186763287816,14984380416.0,0.0,0.4499356370306903,0.0,9.0
1775247900.0,2.3666666666666667,1.7796356588306432,17663676416.0,0.0,0.4286840079852068,0.0,7.0
1775247930.0,10.715914138071955,2.1660192691807456,17668927488.0,0.0,0.2466337054608747,0.0,8.0
1775247960.0,11.332089303565478,2.1952638963837967,17670164480.0,0.0,0.2426314040904494,0.0,9.0
1775247990.0,11.501130422843117,2.1908274746314302,17671507968.0,0.0,0.2393407755209293,0.0,9.0
1775248020.0,11.232706738657454,1.3377994229485926,17671442432.0,0.0,0.2463685463536825,0.0,9.0
1775248050.0,11.43411233635183,0.9290479458024332,17671823360.0,0.0,0.2377631321460426,0.0,9.0
1775248080.0,1.4666666666666666,0.262281407054578,17670475776.0,0.0,0.2369354838709677,0.0,9.0
1775248110.0,0.0,0.0165171010400636,17670643712.0,0.0,0.0,0.0,9.0
1775248140.0,0.0,0.014055415353281,14420738048.0,0.0,0.0,0.0,9.0
1775248170.0,0.0,0.3429273370129993,14458417152.0,0.0,0.0,0.0,9.0
1775248200.0,4.3802765089632025,1.346068981760418,16608436224.0,0.0,0.4755145743745818,0.0,6.0
1775248230.0,6.201816706136109,1.3619808266311435,19278508032.0,0.0,0.4450483124403048,0.0,6.0
1775248260.0,10.818404328600316,1.90708749531906,19302432768.0,0.0,0.2436093998886183,0.0,8.0
1775248290.0,11.500246683112207,1.4760199801167482,19304169472.0,0.0,0.2443183548850175,0.0,9.0
1775248320.0,11.363248261612462,2.0074559172728565,19306672128.0,0.0,0.241392505457019,0.0,9.0
1775248350.0,11.664180239524422,1.4693336601043387,19306934272.0,0.0,0.2429319284735865,0.0,9.0
1775248380.0,11.538713538424116,1.7542641078140715,19307302912.0,0.0,0.2389634872194262,0.0,9.0
1775248410.0,11.633991185935471,1.980406386950748,19307364352.0,0.0,0.2402729364082354,0.0,9.0
1775248440.0,11.532823375884917,1.9951086922264665,19307417600.0,0.0,0.2405211555113612,0.0,9.0
1775248470.0,11.262278132401956,2.0167611528162523,14437535744.0,0.0,0.2411360932161065,0.0,9.0
1775248500.0,11.403983479721235,1.998895192442776,14437863424.0,0.0,0.2383924294906894,0.0,9.0
1775248530.0,9.647096429236685,0.8265581823394833,15890784256.0,0.0,0.4174453033807811,0.0,8.0
1775248560.0,2.8,1.1426946579802086,18194665472.0,0.0,0.4398968409511796,0.0,6.0
1775248590.0,3.5,2.018121362807742,19597242368.0,0.0,0.4009981407817171,0.0,7.0
1775248620.0,10.519087126857846,1.2613626212720284,20813434880.0,0.0,0.2424426647417094,0.0,8.0
1775248650.0,11.693881325324131,1.1784189845848054,20814577664.0,0.0,0.2395178110019354,0.0,9.0
1775248680.0,11.44043210669286,2.1966524425587206,20815622144.0,0.0,0.239296329162383,0.0,9.0
1775248710.0,11.4662900376629,1.4645354680796665,20817494016.0,0.0,0.2402666278659753,0.0,9.0
1775248740.0,11.49766221893132,1.4856294725643815,20819394560.0,0.0,0.2457963964569111,0.0,9.0
1775248770.0,9.502516575249416,2.108618028087375,20819943424.0,0.0,0.2449871452789965,0.0,9.0
1775248800.0,1.6666666666666667,0.2788483570523765,19190857728.0,0.0,0.2255642741758048,0.0,9.0
1775248830.0,0.0,0.012970883885854,15948873728.0,0.0,0.0,0.0,9.0
1775248860.0,0.0,0.019140901415554,14329876480.0,0.0,0.0,0.0,9.0
1775248890.0,0.0,0.1991323241086449,14418087936.0,0.0,0.0,0.0,9.0
1775248920.0,0.0,0.8610071389814008,16026165248.0,0.0,0.0,0.0,7.0
1775248950.0,7.444572555563983,1.2874212723890353,19841933312.0,0.0,0.4804162123677543,0.0,7.0
1775248980.0,0.0,0.5008012515149098,19877445632.0,0.0,0.0,0.0,5.0
1775249010.0,0.0,0.5024410496114361,24694370304.0,0.0,0.0,0.0,6.0
1775249040.0,0.0,1.3709528851481418,27355840512.0,0.0,0.0,0.0,6.0
1775249070.0,8.948796461037093,1.719566524922045,29063905280.0,0.0,0.4595073996898403,0.0,7.0
1775249100.0,9.567200053338668,1.4801138065429518,29060808704.0,0.0,0.4550856992109432,0.0,9.0
1775249130.0,10.166666666666666,1.7271925504911012,29059067904.0,0.0,0.4226855632343149,0.0,9.0
1775249160.0,10.232845581591071,0.733875653108718,29058072576.0,0.0,0.4174024426868181,0.0,9.0
1775249190.0,10.067145581075565,1.4060472799576598,25811324928.0,0.0,0.4202271813865407,0.0,9.0
1775249220.0,10.366273359553809,1.7324829663620809,24192225280.0,0.0,0.4316260666482241,0.0,9.0
1775249250.0,10.331563864174084,1.754190446590212,19334180864.0,0.0,0.4262185655714928,0.0,9.0
1775249280.0,10.02958027981346,1.734466331675862,17723133952.0,0.0,0.4400151208502311,0.0,9.0
1775249310.0,10.406102973072176,1.7421164862534742,14569906176.0,0.0,0.4179964697929488,0.0,9.0
1775249340.0,4.3,0.9054440676212484,16097734656.0,0.0,0.2403195110314221,0.0,7.0
1775249370.0,6.940814129576427,1.4850048526065578,17345163264.0,0.0,0.4355125860099209,0.0,6.0
1775249400.0,6.433674507155935,2.0344870549092384,20901859328.0,0.0,0.4161580407705963,0.0,6.0
1775249430.0,10.518784585639043,1.450093283925039,20906393600.0,0.0,0.2453511974538617,0.0,9.0
1775249460.0,3.43344778159272,1.6333396025335707,21014732800.0,0.0,0.2479321634868872,0.0,7.0
1775249490.0,9.662092695732952,1.4490156988593783,24210845696.0,0.0,0.2807678896999225,0.0,8.0
1775249520.0,2.3001133528921263,0.0160213134518168,24211460096.0,0.0,0.2312325881467566,0.0,8.0
1775249550.0,0.0,0.016022931648858,24211505152.0,0.0,0.0,0.0,9.0
1775249580.0,0.0,0.0173832833219562,24211763200.0,0.0,0.0,0.0,9.0
1775249610.0,0.0,0.0478738569790417,20893474816.0,0.0,0.0,0.0,9.0
1775249640.0,2.9990003332222592,1.3542580774761666,19341172736.0,0.0,0.2446563820276136,0.0,9.0
1775249670.0,11.667978214960542,2.1869396232483465,17717174272.0,0.0,0.2392422655447133,0.0,9.0
1775249700.0,11.166666666666668,1.460744644655077,17717215232.0,0.0,0.2409177531118186,0.0,9.0
1775249730.0,11.4,1.4924148297897102,16095649792.0,0.0,0.2413044573447328,0.0,9.0
1775249760.0,10.933333333333334,1.4694343237185064,15585284096.0,0.0,0.2857504042815112,0.0,7.0
1775249790.0,5.565755859158059,0.053457924123023,16633376768.0,0.0,0.4568516935301385,0.0,7.0
1775249820.0,3.0631950456149695,1.6994539441493937,20957872128.0,0.0,0.4024371978112233,0.0,6.0
1775249850.0,6.304261978390324,1.0248450886359866,22390984704.0,0.0,0.451936816680474,0.0,7.0
1775249880.0,9.533333333333331,0.5070387985691507,22394462208.0,0.0,0.4607447703102519,0.0,8.0
1775249910.0,0.0,1.180634925836603,25727717376.0,0.0,0.0,0.0,6.0
1775249940.0,1.8341281221862809,0.7703078425744828,28832264192.0,0.0,0.5339213747700062,0.0,5.0
1775249970.0,8.425666666666666,1.4445118933386714,29450543104.0,0.0,0.4602764816149081,0.0,7.0
1775250000.0,9.666666666666668,1.6974283005545596,31030358016.0,0.0,0.453483514693127,0.0,7.0
1775250030.0,9.4,1.731069385090839,30685966336.0,0.0,0.4557814322491418,0.0,8.0
1775250060.0,9.633333333333333,1.4870778857511346,25854980096.0,0.0,0.4446212924409227,0.0,8.0
1775250090.0,9.866666666666667,0.7445272106615888,25854795776.0,0.0,0.4464112805546295,0.0,9.0
1775250120.0,10.2,0.6370050437124589,24226226176.0,0.0,0.4343757473121674,0.0,9.0
1775250150.0,9.633333333333333,1.4396879810971972,20986658816.0,0.0,0.4559717359405297,0.0,9.0
1775250180.0,9.733333333333334,1.7376179196311636,19368484864.0,0.0,0.4553384114487838,0.0,9.0
1775250210.0,10.366666666666667,1.539934104039888,16127643648.0,0.0,0.4358933331369954,0.0,9.0
1775250240.0,4.066666666666666,0.0222401342320984,15846805504.0,0.0,0.3993403938724056,0.0,8.0
1775250270.0,0.0,0.2096996114768706,17421877248.0,0.0,0.0,0.0,6.0
1775250300.0,0.0,0.3523372739922649,20680658944.0,0.0,0.0,0.0,6.0
1775250330.0,0.0,0.1606333699039501,20718809088.0,0.0,0.0,0.0,8.0
1775250360.0,0.0,0.6239906961694697,20768866304.0,0.0,0.0,0.0,9.0
1775250390.0,9.666666666666668,1.4467319218336756,20782845952.0,0.0,0.4555849583333334,0.0,9.0
1775250420.0,10.067593518703742,0.7478799135014722,20783222784.0,0.0,0.4430147717855259,0.0,9.0
1775250450.0,10.266666666666666,0.0152063698709656,20771622912.0,0.0,0.4241530718821101,0.0,8.0
1775250480.0,0.0,0.9392167771844748,23518502912.0,0.0,0.0,0.0,7.0
1775250510.0,9.610613374662536,1.7735052432461738,22476750848.0,0.0,0.443975429695832,0.0,8.0
1775250540.0,10.333786712004535,1.7515060377781533,17705336832.0,0.0,0.4309692116287005,0.0,9.0
1775250570.0,10.133333333333333,0.7108676962677699,17706254336.0,0.0,0.4415625191275633,0.0,9.0
1775250600.0,10.1,1.2497678901410874,17704370176.0,0.0,0.4360506521618346,0.0,9.0
1775250630.0,10.6,1.7261508770057163,17703165952.0,0.0,0.3977782684447658,0.0,9.0
1775250660.0,10.133333333333336,1.0003467750805657,17703157760.0,0.0,0.4376761442494157,0.0,9.0
1775250690.0,9.933333333333334,1.0065211487913135,17703493632.0,0.0,0.44509498927885,0.0,9.0
1775250720.0,10.166666666666668,1.723174161180842,16072880128.0,0.0,0.4416115788574295,0.0,9.0
1775250750.0,9.866666666666667,1.726583850910318,14352031744.0,0.0,0.4516367261547547,0.0,9.0
1775250780.0,9.69970668622092,0.7494246676268802,14350426112.0,0.0,0.4504950985559323,0.0,9.0
1775250810.0,4.4336289085939065,0.5901777969453066,15928246272.0,0.0,0.4496964836551546,0.0,8.0
1775250840.0,10.213546423135464,0.7686066759187969,15907770368.0,0.0,0.4120225476811185,0.0,8.0
1775250870.0,10.033770043671034,1.7458188315272545,15908540416.0,0.0,0.4397983721809698,0.0,9.0
1775250900.0,10.261538973795492,1.7415989700063996,15908773888.0,0.0,0.4360998853340316,0.0,9.0
1775250930.0,9.904257448867238,0.7290271083776024,15909019648.0,0.0,0.4459170107685156,0.0,9.0
1775250960.0,2.633480019558163,0.1329934105876095,15909027840.0,0.0,0.4298865201816126,0.0,9.0
1775250990.0,0.0,0.0196828479675941,15908970496.0,0.0,0.0,0.0,9.0
1775251020.0,0.0,0.0183089857355753,15908884480.0,0.0,0.0,0.0,9.0
1775251050.0,0.0,0.0168388029018306,15913390080.0,0.0,0.0,0.0,9.0
1775251080.0,2.0119205555555557,1.4733091336482729,16053395456.0,0.0,0.2425447654260696,0.0,9.0
1775251110.0,10.567807008769297,1.496392414574692,15732461568.0,0.0,0.2478189629086058,0.0,8.0
1775251140.0,9.563558351011068,1.71494844308908,15729319936.0,0.0,0.4529350112333696,0.0,8.0
1775251170.0,10.435955441545264,1.533567681391094,15999172608.0,0.0,0.3823423125667692,0.0,9.0
1775251200.0,10.200966827804637,1.706846012738792,15999221760.0,0.0,0.4327819851755747,0.0,9.0
1775251230.0,9.73351667277798,1.4547422600158053,15999721472.0,0.0,0.4484943874678533,0.0,9.0
1775251260.0,9.931547259710538,1.7034701962946153,15999651840.0,0.0,0.4429347175229151,0.0,9.0
1775251290.0,9.96709191290556,1.711249113752752,16000565248.0,0.0,0.4284664765113424,0.0,9.0
1775251320.0,10.467893578715742,1.724511006533907,16000753664.0,0.0,0.4172812193988212,0.0,9.0
1775251350.0,10.433333333333334,1.7164676353399575,16002629632.0,0.0,0.4174994089863426,0.0,9.0
1775251380.0,10.333333333333332,1.7218416853737977,14371729408.0,0.0,0.4168979552147579,0.0,9.0
1775251410.0,10.2,1.713065088440221,14373949440.0,0.0,0.4282258064516128,0.0,9.0
1775251440.0,3.397848029581265,0.7291254385658055,15234129920.0,0.0,0.2426112387512413,0.0,6.0
1775251470.0,3.9691804809712816,1.3408688656034131,19467411456.0,0.0,0.490368244186426,0.0,6.0
1775251500.0,10.121284817690684,1.463035932913237,19439235072.0,0.0,0.4231129029609776,0.0,9.0
1775251530.0,9.770252557593814,1.6896493771695693,19438944256.0,0.0,0.4361036204809332,0.0,9.0
1775251560.0,10.333333333333332,0.997484833306731,19437498368.0,0.0,0.4283897598822971,0.0,9.0
1775251590.0,10.266666666666666,0.9921082794603782,19437637632.0,0.0,0.4024460325199481,0.0,9.0
1775251620.0,9.53178168005065,0.719638286436731,19437064192.0,0.0,0.4563954743306853,0.0,9.0
1775251650.0,10.034739404448295,1.2888407987870674,19437019136.0,0.0,0.3926698121018628,0.0,9.0
1775251680.0,2.6666666666666665,0.7360191956081769,19436716032.0,0.0,0.4529408700469686,0.0,9.0
1775251710.0,0.0,0.0154274017904894,14566440960.0,0.0,0.0,0.0,9.0
1775251740.0,0.0,0.0182019133067959,14524194816.0,0.0,0.0,0.0,9.0
1775251770.0,0.0,0.043725245390034,16824561664.0,0.0,0.0,0.0,7.0
1775251800.0,0.0,1.1548711799409457,19187236864.0,0.0,0.0,0.0,5.0
1775251830.0,8.953382018922772,1.87083114251027,20791263232.0,0.0,0.4394679626711261,0.0,8.0
1775251860.0,9.834050119464354,1.7023203840156564,20837429248.0,0.0,0.447070293688271,0.0,9.0
1775251890.0,9.9,1.276784215565061,20838252544.0,0.0,0.4457023443790866,0.0,9.0
1775251920.0,9.966666666666663,1.7316871435318737,20839493632.0,0.0,0.4412160640411118,0.0,9.0
1775251950.0,10.166666666666668,1.7229850764584456,20840300544.0,0.0,0.4392121231849047,0.0,9.0
1775251980.0,10.266666666666666,1.7354311000065858,20840529920.0,0.0,0.4313462179123966,0.0,9.0
1775252010.0,10.3,1.7329957168764367,20840517632.0,0.0,0.4239413552744411,0.0,9.0
1775252040.0,10.433333333333334,1.473465700542548,15933214720.0,0.0,0.4110285942262162,0.0,9.0
1775252070.0,10.333333333333332,1.736078804379888,14357585920.0,0.0,0.4237289406652554,0.0,9.0
1775252100.0,4.4,1.555485137186912,14956027904.0,0.0,0.2217858630466334,0.0,9.0
1775252130.0,2.617627829571892,1.3041884785535336,16338608128.0,0.0,0.6305116519813831,0.0,7.0
1775252160.0,8.446247377074403,1.550747472187766,17534083072.0,0.0,0.4706159284310284,0.0,8.0
1775252190.0,9.866666666666667,1.0086112177487507,17534107648.0,0.0,0.4532332239118422,0.0,9.0
1775252220.0,10.0,1.4681502274535332,17536700416.0,0.0,0.4394105729166666,0.0,9.0
1775252250.0,9.866223377662234,1.736732703527542,17536430080.0,0.0,0.4457832341307465,0.0,9.0
1775252280.0,10.133790045671232,0.5513994063873435,17536581632.0,0.0,0.4449980674144086,0.0,9.0
1775252310.0,10.2,1.3494038933871568,17537638400.0,0.0,0.4343747854131688,0.0,9.0
1775252340.0,9.6,1.486408307965014,17537961984.0,0.0,0.4557898682281269,0.0,9.0
1775298270.0,0.0,0.0024451247820759,3148746752.0,0.0,0.0,0.0,2.0
1775298300.0,0.0,0.0048958362354715,3148734464.0,0.0,0.0,0.0,2.0
1775298330.0,0.0,0.0025608593310354,3148738560.0,0.0,0.0,0.0,2.0
1775298360.0,0.0,0.0041519538301359,3148742656.0,0.0,0.0,0.0,2.0
1775298390.0,0.0,0.0051404098877122,3148709888.0,0.0,0.0,0.0,2.0
1775298420.0,0.0,0.0049385610691308,3148742656.0,0.0,0.0,0.0,2.0
1775298450.0,0.0,0.0051611111684942,3148742656.0,0.0,0.0,0.0,2.0
1775298480.0,0.0,0.0048097511707681,3148861440.0,0.0,0.0,0.0,2.0
1775298510.0,0.0,0.0042620334110263,3148705792.0,0.0,0.0,0.0,2.0
1775298540.0,0.0,0.0050159736682445,3148738560.0,0.0,0.0,0.0,2.0
1775298570.0,0.0,0.0129191480812896,3169374208.0,0.0,0.0,0.0,2.0
1775298600.0,0.0,0.588193836280219,3226140672.0,0.0,0.0,0.0,2.0
1775298630.0,7.411166824063987,1.6026644248463695,7248793600.0,0.0,0.6712900045395213,0.0,2.0
1775298660.0,7.670296144602898,1.7771051547384904,9714307072.0,0.0,0.7490281927163311,0.0,2.0
1775298690.0,3.6666666666666665,0.7809038315018849,15839129600.0,0.0,0.3977696122443162,0.0,3.0
1775298720.0,4.0,0.2038049650938236,18418614272.0,0.0,0.6075658253236753,0.0,6.0
1775298750.0,0.0,0.3587704621856205,21401690112.0,0.0,0.0,0.0,6.0
1775298780.0,0.0,0.8227742911421335,25921744896.0,0.0,0.0,0.0,5.0
1775298810.0,4.827000638713907,1.7180636849402404,27198685184.0,0.0,0.4287406858440188,0.0,7.0
1775298840.0,11.097668716706712,0.9807929448079792,27205517312.0,0.0,0.2462003265224223,0.0,9.0
1775298870.0,11.203266511622342,1.721726724747584,27181010944.0,0.0,0.242888402906752,0.0,9.0
1775298900.0,11.398582741883532,1.9309048396563704,27177791488.0,0.0,0.2413410760830447,0.0,9.0
1775298930.0,11.232089303565475,2.1940760961541383,27177304064.0,0.0,0.2431549051804103,0.0,9.0
1775298960.0,10.869443127943669,2.1818662518151477,25550655488.0,0.0,0.2443093320666444,0.0,9.0
1775298990.0,11.3,2.2059538663198284,20962590720.0,0.0,0.2434290194253816,0.0,9.0
1775299020.0,10.9664266826656,2.2000011271985045,17795555328.0,0.0,0.2449567952399614,0.0,9.0
1775299050.0,11.099058028970052,0.7274981033779919,16219963392.0,0.0,0.2462491894064371,0.0,9.0
1775299080.0,10.56656724063958,0.4644432338297569,14596632576.0,0.0,0.2833263603519433,0.0,9.0
1775299110.0,3.7,1.6216084635591228,17044250624.0,0.0,0.4421852078505861,0.0,7.0
1775299140.0,5.833333333333333,1.4419685671775588,17529499648.0,0.0,0.4452698579362799,0.0,7.0
1775299170.0,9.366666666666667,1.7134264936002397,17531363328.0,0.0,0.4533161750748538,0.0,9.0
1775299200.0,3.2,0.5712305566651571,17530523648.0,0.0,0.2432811458194425,0.0,9.0
1775299230.0,0.0,0.0156339058330792,17528848384.0,0.0,0.0,0.0,9.0
1775299260.0,0.0,0.0195530666062059,17528832000.0,0.0,0.0,0.0,9.0
1775299290.0,0.0,0.0221587629642093,17528971264.0,0.0,0.0,0.0,9.0
1775299320.0,3.466666666666667,1.484546626797212,17620791296.0,0.0,0.2440454999909108,0.0,9.0
1775299350.0,10.910507563785677,2.1979775770195027,15999819776.0,0.0,0.2474012112303333,0.0,9.0
1775299380.0,10.865674516612856,1.4693087888894787,14371426304.0,0.0,0.2446421280997151,0.0,9.0
1775299410.0,10.638451940432136,1.4819508202347174,14376091648.0,0.0,0.2559427861155953,0.0,9.0
1775299440.0,5.8994100589941,1.657316673255214,17263718400.0,0.0,0.4249992238445611,0.0,8.0
1775299470.0,8.334166750008333,1.5994178203764615,17264861184.0,0.0,0.4682275078241686,0.0,7.0
1775299500.0,10.066666666666666,1.7468728562760296,17516670976.0,0.0,0.4216205795227249,0.0,9.0
1775299530.0,9.433333333333334,1.5475793671137112,17518022656.0,0.0,0.4564899583032439,0.0,9.0
1775299560.0,9.033333333333331,1.7023181407811692,17518272512.0,0.0,0.4614690291852782,0.0,9.0
1775299590.0,9.066666666666666,1.555994659222487,17518612480.0,0.0,0.4629588989832136,0.0,9.0
1775299620.0,8.966666666666667,1.4748912727002446,17518432256.0,0.0,0.4605053854632026,0.0,9.0
1775299650.0,9.1,1.7184801478646146,17518776320.0,0.0,0.4620689699648156,0.0,9.0
1775299680.0,9.333333333333332,0.7398916054769793,17518899200.0,0.0,0.4506018973000362,0.0,9.0
1775299710.0,9.099671133035574,1.140343239075411,14321057792.0,0.0,0.4578114062109439,0.0,9.0
1775299740.0,8.833333333333332,1.0770595204432425,14321348608.0,0.0,0.465994399604235,0.0,9.0
1775299770.0,3.130932951403924,0.9255736672431052,15813296128.0,0.0,0.3762467503656362,0.0,8.0
1775299800.0,2.8352234823215476,1.5562680521991687,18735243264.0,0.0,0.4878877014797247,0.0,6.0
1775299830.0,10.364504783811714,1.575537315171337,19261964288.0,0.0,0.249772819916444,0.0,8.0
1775299860.0,11.063108252039076,2.004846050238831,19263332352.0,0.0,0.2487115562544766,0.0,9.0
1775299890.0,10.869780372532666,1.4654127837993816,19263352832.0,0.0,0.245525535405236,0.0,9.0
1775299920.0,4.233413341334133,0.4548067414167556,19264438272.0,0.0,0.242597941936094,0.0,9.0
1775299950.0,0.0,0.0167628595827311,19264389120.0,0.0,0.0,0.0,9.0
1775299980.0,0.0,0.0170681717547295,19264368640.0,0.0,0.0,0.0,9.0
1775300010.0,0.0,0.0190427582396374,19264385024.0,0.0,0.0,0.0,9.0
1775300040.0,1.3666666666666667,1.068869119412928,17703813120.0,0.0,0.241727813890496,0.0,9.0
1775300070.0,10.554111683511792,2.1674763772817287,14487339008.0,0.0,0.2464749136086826,0.0,9.0
1775300100.0,10.333533346667554,0.3595765177668533,15004471296.0,0.0,0.303966283762317,0.0,8.0
1775300130.0,3.977676907379947,2.0584984354001,19410616320.0,0.0,0.6381122829673899,0.0,6.0
1775300160.0,9.226324624409305,1.896968099838516,20873465856.0,0.0,0.4110919607594757,0.0,7.0
1775300190.0,10.20566697126412,1.755051893412036,20874399744.0,0.0,0.247767459025933,0.0,9.0
1775300220.0,10.364101880842938,2.1964398193154593,20874993664.0,0.0,0.2753453945991718,0.0,9.0
1775300250.0,10.202158530116254,1.862999669221036,20875427840.0,0.0,0.2481833714138439,0.0,9.0
1775300280.0,10.83014055256044,1.9438370487258647,20872749056.0,0.0,0.2467939859116211,0.0,9.0
1775300310.0,10.703522999996691,2.2079291331656696,20873834496.0,0.0,0.2465892126040489,0.0,9.0
1775300340.0,11.09975779392485,1.4673775062694605,20873728000.0,0.0,0.2472043736145257,0.0,9.0
1775300370.0,10.866312337280853,1.951789946105192,17611636736.0,0.0,0.2526264237071717,0.0,9.0
1775300400.0,10.56307294904106,1.4848846616200089,15991115776.0,0.0,0.2491474746776845,0.0,9.0
1775300430.0,9.669390686064425,0.7521614989641551,14318227456.0,0.0,0.3881674448661706,0.0,9.0
1775300460.0,9.133091138359372,1.4238915909307337,14318145536.0,0.0,0.4315625207375649,0.0,9.0
1775300490.0,4.199868897629047,1.5818889854149751,16530407424.0,0.0,0.8738698704694429,0.0,8.0
1775300520.0,0.0,0.889889814743207,19767709696.0,0.0,0.0,0.0,4.0
1775300550.0,0.0,0.7301819281252142,22412894208.0,0.0,0.0,0.0,5.0
1775300580.0,3.5329800353298006,0.0106262690303423,22946197504.0,0.0,0.7075528378807022,0.0,6.0
1775300610.0,7.386719944007556,1.5526835894379996,25130409984.0,0.0,0.561090335354915,0.0,8.0
1775300640.0,2.9000400080016004,1.0167253109877787,25129832448.0,0.0,0.4721367843498528,0.0,9.0
1775300670.0,0.0,0.0213984266458088,25130217472.0,0.0,0.0,0.0,9.0
1775300700.0,0.0,0.0133586654055365,25130233856.0,0.0,0.0,0.0,9.0
1775300730.0,0.0,0.0174816003274538,25130422272.0,0.0,0.0,0.0,9.0
1775300760.0,0.0,0.5752848697492449,23560896512.0,0.0,0.0,0.0,9.0
1775300790.0,5.836409181479734,1.4066208679262828,17258835968.0,0.0,0.3980340517557359,0.0,9.0
1775300820.0,9.03433465200097,1.9037845819077952,14510411776.0,0.0,0.4250005498026123,0.0,9.0
1775300850.0,9.633441114703825,1.8309750290500673,14512336896.0,0.0,0.3675794802801668,0.0,9.0
1775300880.0,8.964431117477933,1.0888615641282409,15015890944.0,0.0,0.4371387504965499,0.0,7.0
1775300910.0,3.6004951270481405,2.376516047695731,19518083072.0,0.0,0.5502703546886555,0.0,6.0
1775300940.0,9.37092538056579,1.23736243750805,19506315264.0,0.0,0.4111628588409753,0.0,7.0
1775300970.0,9.633861199088736,1.8529044444159497,19479732224.0,0.0,0.3258879231957219,0.0,9.0
1775301000.0,9.599269059441683,2.1484884484323876,19478032384.0,0.0,0.3829828653370221,0.0,9.0
1775301030.0,9.532760494392496,1.9618700722195013,19478425600.0,0.0,0.3600104552438235,0.0,9.0
1775301060.0,10.131556474902633,2.1675249174659275,19477733376.0,0.0,0.2461483582313796,0.0,9.0
1775301090.0,9.969609315050212,2.1578786379083916,19476697088.0,0.0,0.3322424414191758,0.0,9.0
1775301120.0,9.6988270967312,1.400975609615295,19477049344.0,0.0,0.3534529151075697,0.0,9.0
1775301150.0,9.933540013778696,1.4305333202109352,14601768960.0,0.0,0.3499994503605925,0.0,9.0
1775301180.0,10.16655004944202,2.171478773906575,14588329984.0,0.0,0.2892851546526134,0.0,9.0
1775301210.0,6.2007235021505025,0.9812060198830688,14326321152.0,0.0,0.4094813591636216,0.0,8.0
1775301240.0,2.6300895562140028,1.6539597322704038,16006184960.0,0.0,0.4321306800754661,0.0,7.0
1775301270.0,8.437183901251887,1.8985893775319969,17579675648.0,0.0,0.3568606442572838,0.0,9.0
1775301300.0,9.23547659478775,2.1378462059334455,17580949504.0,0.0,0.3801018702693222,0.0,9.0
1775301330.0,9.632906723547972,1.9162977605640368,17581850624.0,0.0,0.3884868724969543,0.0,9.0
1775301360.0,5.534003534393651,0.4440304119539476,17581891584.0,0.0,0.3419164121147513,0.0,9.0
1775301390.0,0.0,0.0211270673688349,17581858816.0,0.0,0.0,0.0,9.0
1775301420.0,0.0,0.0199403541325355,17582120960.0,0.0,0.0,0.0,9.0
1775301450.0,0.0,0.020288469112433,17582092288.0,0.0,0.0,0.0,9.0
1775301480.0,2.466666666666667,0.0153861417948077,15953584128.0,0.0,0.4544653122912194,0.0,9.0
1775301510.0,8.08157,1.1449503967188197,16001019904.0,0.0,0.4766749397952299,0.0,9.0
1775301540.0,9.265679119316603,1.4655853995834236,14379958272.0,0.0,0.4578650805948944,0.0,9.0
1775301570.0,5.133504621282272,0.7614050689916056,15872729088.0,0.0,0.5213627851631972,0.0,8.0
1775301600.0,9.000640085344713,0.7404412241626058,15873880064.0,0.0,0.475768777834115,0.0,8.0
1775301630.0,9.5,1.4373739804223733,15945900032.0,0.0,0.4426406706506839,0.0,9.0
1775301660.0,9.0,1.7375990085409367,15946084352.0,0.0,0.4638349110005391,0.0,9.0
1775301690.0,9.266666666666666,0.7426695049016148,15945990144.0,0.0,0.4507355293490362,0.0,9.0
1775301720.0,9.166666666666668,1.746950010188169,15946391552.0,0.0,0.4564653016722404,0.0,9.0
1775301750.0,9.533333333333331,1.566125122697682,15946280960.0,0.0,0.4504412058813725,0.0,9.0
1775301780.0,8.998993534626408,1.3214353916003485,15948034048.0,0.0,0.4590620129894993,0.0,9.0
1775301810.0,9.70108021604321,0.9982148461751144,14318755840.0,0.0,0.4502955230881614,0.0,9.0
1775301840.0,8.898484999944465,1.4441529523046994,14319239168.0,0.0,0.4694070723026041,0.0,9.0
1775301870.0,8.378665529333713,0.8163304077486887,14352867328.0,0.0,0.4706251376168693,0.0,7.0
1775301900.0,2.503614372862231,1.7301192805523844,19228065792.0,0.0,0.6442535372573199,0.0,6.0
1775301930.0,6.146482690619553,1.9747451773507951,20740141056.0,0.0,0.3464207948367868,0.0,6.0
1775301960.0,10.637890299576794,2.0398974126402143,20740988928.0,0.0,0.2468466618367343,0.0,9.0
1775301990.0,10.43436364242606,2.163669791727596,20741865472.0,0.0,0.3103941748588532,0.0,9.0
1775302020.0,10.266666666666666,2.1872922194956037,20742422528.0,0.0,0.2476443996858492,0.0,9.0
1775302050.0,10.631227677690475,1.4809984325488736,20742717440.0,0.0,0.244431901052631,0.0,9.0
1775302080.0,7.00172528162615,0.2243912322172336,20744433664.0,0.0,0.2441936123143707,0.0,9.0
1775302110.0,0.0,0.0274071442029295,20744421376.0,0.0,0.0,0.0,9.0
1775302140.0,0.0,0.0178783729845294,17500119040.0,0.0,0.0,0.0,9.0
1775302170.0,0.0,0.0210063079390681,14321352704.0,0.0,0.0,0.0,9.0
1775302200.0,3.6,1.0505094216701447,14322388992.0,0.0,0.2483571668061502,0.0,9.0
1775302230.0,6.733333333333333,0.6955970279690826,15613927424.0,0.0,0.3449966594283351,0.0,8.0
1775302260.0,2.3666666666666667,1.0639332482920851,18206851072.0,0.0,0.4972316817086657,0.0,6.0
1775302290.0,0.0,0.9900875685206256,20993249280.0,0.0,0.0,0.0,7.0
1775302320.0,1.931231456478981,1.7431174688951403,25971699712.0,0.0,0.487573017547332,0.0,5.0
1775302350.0,0.0,1.595853061880797,27330781184.0,0.0,0.0,0.0,6.0
1775302380.0,6.366996699669967,0.1807656653402575,27155603456.0,0.0,0.4571314952001051,0.0,7.0
1775302410.0,3.1666666666666665,1.9326678833593496,28785836032.0,0.0,0.2454986578314901,0.0,8.0
1775302440.0,10.995683149604204,1.7591939216925132,28787249152.0,0.0,0.2432133918774439,0.0,9.0
1775302470.0,10.938385851010077,1.4390189985828434,28787412992.0,0.0,0.248634661805784,0.0,9.0
1775302500.0,10.900244460741828,1.966140733486062,27164856320.0,0.0,0.2441923724855005,0.0,9.0
1775302530.0,10.566666666666666,1.948917814912604,25545252864.0,0.0,0.3413787475174976,0.0,9.0
1775302560.0,9.733333333333334,1.4612840883689464,19147636736.0,0.0,0.3712121583377248,0.0,9.0
1775302590.0,10.097941235258844,1.1735309705714962,17569357824.0,0.0,0.2541451911010908,0.0,9.0
1775302620.0,10.335454606096992,1.4557582796300623,15949414400.0,0.0,0.2513874246676502,0.0,9.0
1775302650.0,10.732263654237062,2.1853134636404223,14331105280.0,0.0,0.2431438980182053,0.0,9.0
1775302680.0,10.73224491366332,1.225809735689493,14334742528.0,0.0,0.2461971474145535,0.0,9.0
1775302710.0,5.399218828011331,0.9894435573714824,16707616768.0,0.0,0.4382402140477556,0.0,8.0
1775302740.0,2.668178634559584,0.1117023975749579,18778054656.0,0.0,0.4922614810189197,0.0,6.0
1775302770.0,0.0,0.7545425576508795,20724322304.0,0.0,0.0,0.0,7.0
1775302800.0,2.933333333333333,0.8889552296729454,22346227712.0,0.0,0.6744797913777641,0.0,7.0
1775302830.0,0.0,0.0233662586131988,22346387456.0,0.0,0.0,0.0,8.0
1775302860.0,0.0,0.0169567908472845,22346678272.0,0.0,0.0,0.0,9.0
1775302890.0,0.0,0.0146391105823216,22346977280.0,0.0,0.0,0.0,9.0
1775302920.0,0.0,0.4800687063058538,22395224064.0,0.0,0.0,0.0,9.0
1775302950.0,4.644019444444445,0.9140413155269717,22396686336.0,0.0,0.5992387185812639,0.0,9.0
1775302980.0,5.133333333333333,0.9537107014902032,20766928896.0,0.0,0.6514999166638886,0.0,7.0
1775303010.0,5.333333333333333,0.9296341514225333,17518047232.0,0.0,0.4935032894736842,0.0,7.0
1775303040.0,5.3,0.984248757246726,17519144960.0,0.0,0.5447914930497684,0.0,7.0
1775303070.0,5.3,0.9727626535440774,15899873280.0,0.0,0.5250003787626281,0.0,7.0
1775303100.0,5.166666666666667,0.6982627647984406,14275338240.0,0.0,0.5489586110254661,0.0,7.0
1775303130.0,5.233333333333333,0.967236135478226,14275485696.0,0.0,0.5968743749479116,0.0,7.0
1775303160.0,5.266666666666667,0.983390715508162,14275497984.0,0.0,0.5458335069386576,0.0,7.0
1775303190.0,5.333333333333333,0.982042291320357,14275571712.0,0.0,0.5586541666453005,0.0,7.0
1775303220.0,5.166666666666667,0.0146721527878939,14275588096.0,0.0,0.5776786011795634,0.0,7.0
1775303250.0,5.233333333333333,0.6842652942081926,11125981184.0,0.0,0.6333330356845208,0.0,7.0
1775303280.0,5.266666666666667,0.9521505716094248,11125981184.0,0.0,0.4985915492957746,0.0,7.0
1775303310.0,5.333333333333333,0.6616060999952,11126239232.0,0.0,0.5586538461538461,0.0,7.0
1775303340.0,5.3,0.600089260582966,11126267904.0,0.0,0.54375,0.0,7.0
1775303370.0,5.3,0.6882920146287753,11126259712.0,0.0,0.5953124999999998,0.0,7.0
1775303400.0,5.266666666666667,0.9717449215745564,11127070720.0,0.0,0.5050002083263894,0.0,7.0
1775303430.0,5.4,0.9932928423380502,11126960128.0,0.0,0.540625833152806,0.0,7.0
1775303460.0,5.333333333333333,0.9540709615751471,11126919168.0,0.0,0.6197366226827365,0.0,7.0
1775303490.0,5.1,0.01250593367275,11126870016.0,0.0,0.6357139285357106,0.0,7.0
1775303520.0,3.8,0.0145846073494823,11127136256.0,0.0,0.6444444444444443,0.0,7.0
1775303550.0,0.0,0.0974919776905024,11126591488.0,0.0,0.0,0.0,7.0
1775303580.0,0.0,0.014956490677452,11126534144.0,0.0,0.0,0.0,7.0
1775303610.0,0.0,0.0146230327201454,11126595584.0,0.0,0.0,0.0,7.0
1775303640.0,0.9328358208955224,0.3935345753724004,11127955456.0,0.0,0.3937661320625168,0.0,6.0
1775303670.0,9.023104862255725,0.6501452566156323,13868863488.0,0.0,0.3749938941478435,0.0,6.0
1775303700.0,1.5001500150015,1.7927192790259892,19410538496.0,0.0,1.7318654530465851,0.0,4.0
1775303730.0,0.0,1.0310021315539506,22002024448.0,0.0,0.0,0.0,6.0
1775303760.0,5.600863695368735,1.2888245287686124,23592288256.0,0.0,0.4885755737091067,0.0,7.0
1775303790.0,8.801600376102428,1.7298342014442207,23593009152.0,0.0,0.4604205505245551,0.0,9.0
1775303820.0,8.698700433188938,1.733537112041829,23594328064.0,0.0,0.4630776935609929,0.0,9.0
1775303850.0,9.067450485139329,1.7491696076503995,23594586112.0,0.0,0.4591873872887406,0.0,9.0
1775303880.0,9.3660304082326,1.5387125273315136,23594921984.0,0.0,0.4453420641962941,0.0,9.0
1775303910.0,9.367857023773798,0.7559146116473623,21966082048.0,0.0,0.4423550935088331,0.0,9.0
1775303940.0,9.7,0.7504359954069385,21966434304.0,0.0,0.440484807104236,0.0,9.0
1775303970.0,8.733333333333334,1.7243498897994622,20345434112.0,0.0,0.4638298448393929,0.0,9.0
1775304000.0,9.198369217854324,1.0011628883533568,14355865600.0,0.0,0.4503010164809985,0.0,9.0
1775304030.0,7.933548929707142,0.4897632824510219,14355771392.0,0.0,0.4719042777015846,0.0,9.0
1775304060.0,2.966666666666667,0.8324392873078929,16603275264.0,0.0,0.4657035005081368,0.0,8.0
1775304090.0,1.9865944444444443,1.2368177601395736,17603104768.0,0.0,0.4759617066756278,0.0,6.0
1775304120.0,8.755299242761993,2.1729200276654055,19191898112.0,0.0,0.4073459396680632,0.0,8.0
1775304150.0,9.79836772955504,1.766136801958706,19193503744.0,0.0,0.2987991480741691,0.0,9.0
1775304180.0,9.79989678699996,2.196056962576059,19193896960.0,0.0,0.3652309538101248,0.0,9.0
1775304210.0,9.530797018906622,1.969041394187876,19193962496.0,0.0,0.3508814042976221,0.0,9.0
1775304240.0,6.703186311004076,1.1824338974483954,19194187776.0,0.0,0.2750268332761661,0.0,9.0
1775304270.0,0.0,0.0177449275945495,19194003456.0,0.0,0.0,0.0,9.0
1775304300.0,0.0,0.0181316694046047,19193950208.0,0.0,0.0,0.0,9.0
1775304330.0,0.0,0.0166212097735858,17572249600.0,0.0,0.0,0.0,9.0
1775304360.0,0.0,0.7123757874089167,14466035712.0,0.0,0.0,0.0,9.0
1775304390.0,5.19870624323103,1.872245780333073,14506516480.0,0.0,0.4312912692313801,0.0,9.0
1775304420.0,7.555471177398882,1.7057630280809513,17559048192.0,0.0,0.4857616241401344,0.0,6.0
1775304450.0,4.473197999411592,1.8653157539779024,19223146496.0,0.0,0.4714774456219847,0.0,7.0
1775304480.0,9.100010059666769,1.209119773271199,19273646080.0,0.0,0.4182096616592954,0.0,9.0
1775304510.0,9.299775673840228,1.7387094357195936,19275173888.0,0.0,0.3995424367269149,0.0,9.0
1775304540.0,9.533440145785011,1.9458191875007689,19275321344.0,0.0,0.3453767277438262,0.0,9.0
1775304570.0,9.16557928759455,1.4202062378254556,19274838016.0,0.0,0.4336034881218295,0.0,9.0
1775304600.0,9.26823270205224,1.675844676669075,19274928128.0,0.0,0.3974993674208179,0.0,9.0
1775304630.0,8.56512812031867,1.3862850526643848,19274137600.0,0.0,0.4519982964210272,0.0,9.0
1775304660.0,9.934299299087249,1.9150589717466289,17644511232.0,0.0,0.3125055966114175,0.0,9.0
1775304690.0,9.500413388451792,1.4251324131760836,16023654400.0,0.0,0.2994113313421105,0.0,9.0
1775304720.0,9.666666666666666,1.8961521933971952,14404681728.0,0.0,0.3826366281638862,0.0,9.0
1775304750.0,5.3988593831561875,1.1625954825011104,16755834880.0,0.0,0.4619635394362474,0.0,7.0
1775304780.0,4.791718892558079,1.147555649964521,16784789504.0,0.0,0.4883174165251479,0.0,6.0
1775304810.0,4.907601899196305,1.4307789850822357,20762353664.0,0.0,0.4856198826243156,0.0,7.0
1775304840.0,3.0006001200240044,1.2145613153365518,24010469376.0,0.0,0.5580073024155575,0.0,7.0
1775304870.0,8.182840571980934,0.9245393698881844,24041103360.0,0.0,0.474482030784636,0.0,8.0
1775304900.0,9.331733973077435,1.7481929079464482,24042188800.0,0.0,0.4447113881524498,0.0,9.0
1775304930.0,8.167787002767497,1.726162506199096,24043429888.0,0.0,0.4713546815477795,0.0,9.0
1775304960.0,7.733746721785126,0.5830167337964156,24043241472.0,0.0,0.4469671713715881,0.0,9.0
1775304990.0,0.0,0.0152636115591383,24043761664.0,0.0,0.0,0.0,9.0
1775305020.0,0.0,0.0211355474642954,20797227008.0,0.0,0.0,0.0,9.0
1775305050.0,0.0,0.0176952986873943,19221065728.0,0.0,0.0,0.0,9.0
1775305080.0,0.0,0.394294584526722,16031039488.0,0.0,0.0,0.0,9.0
1775305110.0,8.677998088133128,1.241802488283007,14503096320.0,0.0,0.3478281613032343,0.0,9.0
1775305140.0,9.633732203053109,2.1711711734382884,15180083200.0,0.0,0.4078449535838249,0.0,8.0
1775305170.0,5.1503578416193205,1.8055129513697823,16773332992.0,0.0,0.4725669803335316,0.0,7.0
1775305200.0,5.316909772407935,1.3624060401749396,18790993920.0,0.0,0.4421263541721262,0.0,6.0
1775305230.0,2.267044507417902,0.5894286816668117,22801780736.0,0.0,0.5851397505153108,0.0,6.0
1775305260.0,2.583588897407691,1.7775483471327402,24052834304.0,0.0,0.4713519929900308,0.0,5.0
1775305290.0,4.289203888888888,1.3143183220981505,27868471296.0,0.0,0.4985595580067471,0.0,6.0
1775305320.0,0.0,1.8204932409149244,29932236800.0,0.0,0.0,0.0,6.0
1775305350.0,5.439719048571302,1.9507287793177464,32010571776.0,0.0,0.4248667313604828,0.0,7.0
1775305380.0,6.432231878490487,0.9969313611284912,32852496384.0,0.0,0.3096390479004063,0.0,6.0
1775305410.0,2.5672656953289104,2.032090372575255,33936748544.0,0.0,0.4769797456349128,0.0,7.0
1775305440.0,6.16776690561383,1.0699616016723594,34300952576.0,0.0,0.4728352237178148,0.0,7.0
1775305470.0,4.600306687112474,0.7329174501262287,31059574784.0,0.0,0.687917233732784,0.0,7.0
1775305500.0,5.366845561518718,0.9565942395137949,30456791040.0,0.0,0.5783758339167322,0.0,9.0
1775305530.0,5.233333333333333,0.9874609678504104,30456971264.0,0.0,0.614474166634505,0.0,9.0
1775305560.0,5.300176672555752,0.7021866348593889,25590960128.0,0.0,0.6255961507380995,0.0,9.0
1775305590.0,5.06649778340722,0.0100841874387845,23973699584.0,0.0,0.6104154628981437,0.0,9.0
1775305620.0,5.233507783592787,0.5916038052943617,22354653184.0,0.0,0.5929698176684043,0.0,7.0
1775305650.0,5.2,0.9420410779837972,17474736128.0,0.0,0.6066188234117778,0.0,7.0
1775305680.0,3.4,0.3706266751462965,17474514944.0,0.0,0.6333318887555417,0.0,7.0
1775305710.0,0.0,0.0144625874120583,14221488128.0,0.0,0.0,0.0,7.0
1775305740.0,0.0,0.0156129831423781,14221574144.0,0.0,0.0,0.0,7.0
1775305770.0,0.0,0.0149036715368852,14221361152.0,0.0,0.0,0.0,7.0
1775305800.0,1.266624445851805,1.206609181541288,14321881088.0,0.0,0.2484998409462641,0.0,6.0
1775305830.0,6.920329189954888,0.6355107155317925,18093101056.0,0.0,0.7481165610157152,0.0,6.0
1775305860.0,2.051983584131327,1.3919872443848855,20531666944.0,0.0,0.7444216193836212,0.0,4.0
1775305890.0,4.096004599022708,1.6405391903927349,22168412160.0,0.0,0.5025309422268799,0.0,7.0
1775305920.0,8.39879143339554,0.7643175050464924,20610949120.0,0.0,0.4705444009810061,0.0,9.0
1775305950.0,7.661571077993365,1.2941636112270347,20611567616.0,0.0,0.4928417309338803,0.0,9.0
1775305980.0,7.6029354860230836,1.7081050392703103,20612804608.0,0.0,0.492817006503944,0.0,9.0
1775306010.0,7.568734032262502,1.7361718034086795,20613144576.0,0.0,0.4977924151466302,0.0,9.0
1775306040.0,8.233557865933799,1.7361591794406457,20613869568.0,0.0,0.4739324662949172,0.0,9.0
1775306070.0,8.867132303247788,1.7341968828267855,20614017024.0,0.0,0.4629781795013051,0.0,9.0
1775306100.0,8.300246683112206,1.0066113276763902,17415704576.0,0.0,0.4794261396172161,0.0,9.0
1775306130.0,8.533747148529383,1.5222193315622332,14351134720.0,0.0,0.4635639622382735,0.0,9.0
1775306160.0,9.231982582422464,1.728722233927629,14352097280.0,0.0,0.4591196041815269,0.0,9.0
1775306190.0,3.8015206082432966,1.2670522482940958,17240662016.0,0.0,0.6671683939098534,0.0,7.0
1775306220.0,5.233158894703509,1.7721896109437294,17539002368.0,0.0,0.4590351760759616,0.0,8.0
1775306250.0,8.896146204477596,1.0004200026117132,17538895872.0,0.0,0.4598820679407047,0.0,9.0
1775306280.0,9.266864920344608,1.0005697857351623,17536483328.0,0.0,0.4468784203050865,0.0,9.0
1775306310.0,10.004469753361946,1.4410862881502158,17533628416.0,0.0,0.4375213340601118,0.0,9.0
1775306340.0,9.331964809384164,1.7413999170257262,17533661184.0,0.0,0.4532604213300102,0.0,9.0
1775306370.0,9.10139592780297,0.7596474766544645,17534701568.0,0.0,0.4488993037123919,0.0,9.0
1775306400.0,8.099847782851683,0.6479603396309696,17534930944.0,0.0,0.445521113126028,0.0,9.0
1775306430.0,0.0,0.1461124491675267,17534689280.0,0.0,0.0,0.0,9.0
1775306460.0,0.0,0.0173608998049424,17534627840.0,0.0,0.0,0.0,9.0
1775306490.0,0.0,0.0139217476671332,15276363776.0,0.0,0.0,0.0,8.0
1775306520.0,0.4999500049995,0.89311480575619,15901700096.0,0.0,0.3333479069850015,0.0,8.0
1775306550.0,9.241247511066067,1.4607310098100077,15952592896.0,0.0,0.2477772541956696,0.0,9.0
1775306580.0,10.606124916921074,2.1649441813786736,15951278080.0,0.0,0.2437703299410303,0.0,9.0
1775306610.0,10.70153590400866,2.183047758891819,15951331328.0,0.0,0.2456770321956394,0.0,9.0
1775306640.0,10.432986701329868,2.1707591424566735,15952637952.0,0.0,0.2479932980288448,0.0,9.0
1775306670.0,10.998158970223116,2.1886906663795576,15952793600.0,0.0,0.2452142841783285,0.0,9.0
1775306700.0,10.03358702938182,1.454220826376701,15952838656.0,0.0,0.2922541730014152,0.0,9.0
1775306730.0,10.666360985464337,0.4321394022305547,15953014784.0,0.0,0.2447435946738649,0.0,9.0
1775306760.0,10.396382490809872,1.6582951346377657,14326259712.0,0.0,0.2443910120146701,0.0,9.0
1775306790.0,10.903421388443489,2.186853643601815,14330572800.0,0.0,0.2473661853646409,0.0,9.0
1775306820.0,2.4922739507526668,1.133915887971132,16390971392.0,0.0,0.4914987756007766,0.0,7.0
1775306850.0,0.0,1.3280207531806565,20672360448.0,0.0,0.0,0.0,5.0
1775306880.0,6.4714352739594005,1.5055088633627518,20675026944.0,0.0,0.2617966799187667,0.0,8.0
1775306910.0,10.733086863782187,1.4717684019121675,20845023232.0,0.0,0.2490305630445711,0.0,9.0
1775306940.0,10.73286023262461,2.1846375425193267,20846825472.0,0.0,0.2470186899744651,0.0,9.0
1775306970.0,10.634641590805517,1.4486074996909295,20847693824.0,0.0,0.2471518672122215,0.0,9.0
1775307000.0,10.566666666666666,1.4527581122801922,20848340992.0,0.0,0.2466347113551739,0.0,9.0
1775307030.0,10.399049142450902,1.4664553293654028,20848168960.0,0.0,0.2492808497449385,0.0,9.0
1775307060.0,10.49364839950414,1.52697625598205,20848312320.0,0.0,0.2492318016728489,0.0,9.0
1775307090.0,11.007394879605709,1.4570717854897268,17599025152.0,0.0,0.2422747783169228,0.0,9.0
1775307120.0,8.866910024335766,1.4525286400265356,14353080320.0,0.0,0.2455698305455483,0.0,9.0
1775307150.0,0.0,0.1521180370998354,14352883712.0,0.0,0.0,0.0,9.0
1775307180.0,0.0,0.0229686114010277,15695265792.0,0.0,0.0,0.0,7.0
1775307210.0,0.0,0.3401753219203418,19522129920.0,0.0,0.0,0.0,6.0
1775307240.0,0.0,0.6793396099669551,19417186304.0,0.0,0.0,0.0,8.0
1775307270.0,8.062651727564422,1.9430517401480656,19463725056.0,0.0,0.3569805831735509,0.0,9.0
1775307300.0,10.503114879376156,1.2879954946711083,19457142784.0,0.0,0.2480683888594105,0.0,9.0
1775307330.0,10.662306634858924,1.9183081331829677,19457413120.0,0.0,0.2465408945144439,0.0,9.0
1775307360.0,10.403790047551649,2.214930315941569,19457298432.0,0.0,0.2450818276440195,0.0,9.0
1775307390.0,10.798397361143504,2.178832772196765,19457789952.0,0.0,0.285790395534822,0.0,9.0
1775307420.0,9.899886550944412,2.2217451366222636,19458756608.0,0.0,0.285650855013786,0.0,9.0
1775307450.0,10.134113471175898,1.9328634930919504,16208482304.0,0.0,0.265135244815718,0.0,9.0
1775307480.0,10.234007639537747,1.4863441716349106,14586384384.0,0.0,0.3529250435460921,0.0,9.0
1775307510.0,9.932018070448215,0.5260612046083532,15449714688.0,0.0,0.3863175225040575,0.0,8.0
1775307540.0,3.001600853788687,1.081213981585353,15953932288.0,0.0,0.4053612375981077,0.0,7.0
1775307570.0,6.451669491830819,1.806533526764207,17590665216.0,0.0,0.2459340437016625,0.0,8.0
1775307600.0,10.665960809721328,1.7411822777980628,17591926784.0,0.0,0.2486192986126111,0.0,9.0
1775307630.0,10.299857064372857,1.765553066446026,17593819136.0,0.0,0.2743852312571869,0.0,9.0
1775307660.0,10.29766670653344,2.189781255150947,17594044416.0,0.0,0.2482721356763668,0.0,9.0
1775307690.0,10.638739072163691,1.4533226428952586,17595289600.0,0.0,0.2483240091559458,0.0,9.0
1775307720.0,10.795882581432773,1.963723831302272,17595613184.0,0.0,0.2791462115976991,0.0,9.0
1775307750.0,10.469827183225952,1.4762338317746522,17595633664.0,0.0,0.2491410406288865,0.0,9.0
1775307780.0,11.365085874437865,1.2379764222034118,15966748672.0,0.0,0.2412221223103746,0.0,9.0
1775307810.0,10.53487927340108,1.7472734040163345,14342291456.0,0.0,0.2490953402077007,0.0,9.0
1775307840.0,9.66753020149146,0.7063058170105344,14345940992.0,0.0,0.2402919776961426,0.0,9.0
1775307870.0,0.0,0.4717816462657618,16650481664.0,0.0,0.0,0.0,6.0
1775307900.0,0.0,0.2188868549294135,21396185088.0,0.0,0.0,0.0,4.0
1775307930.0,0.0,0.038557381374618,23281807360.0,0.0,0.0,0.0,5.0
1775307960.0,0.0,0.2342912242680046,23251267584.0,0.0,0.0,0.0,8.0
1775307990.0,4.933547570572612,1.194101904223601,23345750016.0,0.0,0.4071461280203122,0.0,9.0
1775308020.0,10.33335018796343,1.7693485200898391,23345790976.0,0.0,0.2520791932034831,0.0,9.0
1775308050.0,10.063589538652812,1.9221700450172592,23345594368.0,0.0,0.3297958135808469,0.0,9.0
1775308080.0,10.368617357202377,0.750201849734883,23345823744.0,0.0,0.25136414479789,0.0,9.0
1775308110.0,10.464123071880268,1.2371616475451883,23340564480.0,0.0,0.2712873885970774,0.0,9.0
1775308140.0,10.29806891316388,1.8576263053056852,21719269376.0,0.0,0.3214943102272374,0.0,9.0
1775308170.0,9.538894951992182,1.470281373199437,14567059456.0,0.0,0.4155163784728471,0.0,9.0
1775308200.0,9.899782236739773,1.4756655795510676,14566875136.0,0.0,0.383781672873661,0.0,9.0
1775308230.0,9.65973282993587,0.8415326086552408,14364684288.0,0.0,0.4321460560724838,0.0,8.0
1775308260.0,2.5452021287145077,0.9098993599117496,17618325504.0,0.0,0.4915397713536718,0.0,5.0
1775308290.0,0.0,2.07297086207487,21073559552.0,0.0,0.0,0.0,6.0
1775308320.0,10.533797863487434,1.4604939059722997,21074006016.0,0.0,0.2558068031682253,0.0,9.0
1775308350.0,9.700437922839996,1.5149389807056235,21059010560.0,0.0,0.315490501198697,0.0,9.0
1775308380.0,10.065993408139173,1.8076841984785912,21059407872.0,0.0,0.3097823072937702,0.0,9.0
1775308410.0,9.76670233955619,1.8994327564421236,21059952640.0,0.0,0.3517215903539886,0.0,9.0
1775308440.0,10.26610564905849,2.17762940180915,21060288512.0,0.0,0.2488210701761231,0.0,9.0
1775308470.0,10.600706933695603,1.2772365461274908,21058789376.0,0.0,0.244651732789283,0.0,9.0
1775308500.0,10.367457886090556,1.9138480309654484,19429240832.0,0.0,0.2756255768526652,0.0,9.0
1775308530.0,10.164037602429993,1.5881556175905551,16202149888.0,0.0,0.3351866561652719,0.0,9.0
1775308560.0,10.568329346213597,0.7786938310310345,14579408896.0,0.0,0.2460779861540045,0.0,9.0
1775308590.0,1.0666844491864498,0.4765176814783741,17490780160.0,0.0,0.2446851535708911,0.0,7.0
1775308620.0,0.0,0.4179239559364201,19846848512.0,0.0,0.0,0.0,5.0
1775308650.0,0.0,0.3645073231202149,22220996608.0,0.0,0.0,0.0,6.0
1775308680.0,0.0,0.3611038947482606,22319104000.0,0.0,0.0,0.0,9.0
1775308710.0,5.295484107946027,1.884996395251113,22366097408.0,0.0,0.2482108626764956,0.0,9.0
1775308740.0,10.132693989151022,1.0762753125479376,22367854592.0,0.0,0.3428442774077802,0.0,9.0
1775308770.0,10.036625011721952,1.1774342761399244,22368399360.0,0.0,0.3240127418201753,0.0,9.0
1775308800.0,10.367112318496794,1.4293424197316906,22369759232.0,0.0,0.2487762967397045,0.0,9.0
1775308830.0,10.296831355659643,1.190568322204277,20743663616.0,0.0,0.2857196361417424,0.0,9.0
1775308860.0,10.234586598832916,1.9586789657877703,17488814080.0,0.0,0.3070711926308537,0.0,9.0
1775308890.0,10.063343488144334,2.149970945942005,14334099456.0,0.0,0.3161718581867516,0.0,9.0
1775308920.0,10.93567531160885,1.0450753585719867,14335094784.0,0.0,0.2454054482081846,0.0,9.0
1775308950.0,10.700709044493417,0.7604085222178172,15218196480.0,0.0,0.333993689577597,0.0,9.0
1775308980.0,2.532911181469755,1.386926018479767,17611255808.0,0.0,0.4663472461951828,0.0,7.0
1775309010.0,9.820880147723509,1.237421474228415,17635381248.0,0.0,0.3314592265656365,0.0,8.0
1775309040.0,10.767111170378271,1.2414605887444106,17636384768.0,0.0,0.2478560823038238,0.0,9.0
1775309070.0,10.232880060436386,1.5265959034158525,17638645760.0,0.0,0.248803774640117,0.0,9.0
1775309100.0,10.49953339554726,2.197312992928486,17638588416.0,0.0,0.2725064928954684,0.0,9.0
1775309130.0,10.166941851820392,2.1988659104226733,17639284736.0,0.0,0.2982769345533425,0.0,9.0
1775309160.0,10.80009176014564,1.5058704271185084,17639276544.0,0.0,0.2453921280287842,0.0,9.0
1775309190.0,10.00068366908766,1.9108039809570017,17639567360.0,0.0,0.3011316692963807,0.0,9.0
1775309220.0,9.83246245445659,1.4585625951720729,16015233024.0,0.0,0.3517244240004769,0.0,9.0
1775309250.0,10.034009075894508,1.955323505761127,14388031488.0,0.0,0.2910667500431954,0.0,9.0
1775309280.0,8.433813391118608,1.2565455976886517,15214616576.0,0.0,0.3202385805464555,0.0,8.0
1775309310.0,0.0,0.0261138825766048,16229294080.0,0.0,0.0,0.0,6.0
1775309340.0,0.0,0.013650197386145,18517295104.0,0.0,0.0,0.0,6.0
1775309370.0,0.0,0.165301949059162,20652560384.0,0.0,0.0,0.0,8.0
1775309400.0,0.0,0.548383179574379,20754092032.0,0.0,0.0,0.0,9.0
1775309430.0,0.0,0.012439492479613,20754313216.0,0.0,0.0,0.0,9.0
1775309460.0,8.803308312482624,1.0878795045677363,20756582400.0,0.0,0.4692378759799333,0.0,9.0
1775309490.0,9.59818078832506,1.321192175847208,20756570112.0,0.0,0.4504499030008237,0.0,9.0
1775309520.0,8.498866817757634,1.4705891298904492,20756762624.0,0.0,0.4678387943564885,0.0,9.0
1775309550.0,8.76891184086205,1.7457860879703533,19126779904.0,0.0,0.4623676570607888,0.0,9.0
1775309580.0,9.367361226871145,1.482355479481409,14294106112.0,0.0,0.4501474283260862,0.0,9.0
1775309610.0,9.332916708329169,1.7333908990111957,14291378176.0,0.0,0.4557808238363974,0.0,9.0
1775309640.0,9.267063373003968,1.736299826772135,14291439616.0,0.0,0.4487480466775846,0.0,9.0
1775309670.0,9.365955674054325,0.9166261805399974,15925768192.0,0.0,0.45691568536336,0.0,8.0
1775309700.0,5.94329731760849,1.3259894260413978,15974400000.0,0.0,0.2544872953637435,0.0,8.0
1775309730.0,10.564125112421303,1.7590875706726632,15975161856.0,0.0,0.2486274554054731,0.0,9.0
1775309760.0,10.068665001474102,1.9408904533304157,15976296448.0,0.0,0.2684386041028719,0.0,9.0
1775309790.0,10.360060620428388,2.0157536766312827,15976771584.0,0.0,0.247550889596864,0.0,9.0
1775309820.0,10.639775956463236,1.5061075921509937,15978180608.0,0.0,0.2490368336390307,0.0,9.0
1775309850.0,11.364593149012464,1.261016459450117,15978373120.0,0.0,0.2436663339227458,0.0,9.0
1775309880.0,10.701705004855812,0.7519415539838576,15978704896.0,0.0,0.2470829161633237,0.0,9.0
1775309910.0,10.500227909086624,2.003349726496827,15980023808.0,0.0,0.2449695459127251,0.0,9.0
1775309940.0,10.666546670666532,2.23082237527288,14351314944.0,0.0,0.247781125649857,0.0,9.0
1775309970.0,10.66652016043584,2.246561536232036,14351540224.0,0.0,0.2455120815862746,0.0,9.0
1775310000.0,10.132183310305818,0.956872808626801,15898632192.0,0.0,0.3255283805912963,0.0,8.0
1775310030.0,1.4262239171549933,0.1154995618949698,18528473088.0,0.0,0.3632445661292766,0.0,6.0
1775310060.0,0.0,0.1883820460496544,20636471296.0,0.0,0.0,0.0,4.0
1775310090.0,0.0,0.7896938029480502,25620938752.0,0.0,0.0,0.0,6.0
1775310120.0,0.0,0.6381462565639932,27158310912.0,0.0,0.0,0.0,8.0
1775310150.0,2.615253648366921,1.3528276462175317,27027292160.0,0.0,0.4187804256248382,0.0,8.0
1775310180.0,8.967683883793116,1.748783909499501,28602068992.0,0.0,0.4680546015514256,0.0,9.0
1775310210.0,9.199600039996,0.7703610238506845,28602552320.0,0.0,0.4567834348879456,0.0,9.0
1775310240.0,9.06800044459264,1.136381375308183,28603662336.0,0.0,0.4566033981350944,0.0,9.0
1775310270.0,8.732933373329335,1.7308883583254395,26976858112.0,0.0,0.461171797938841,0.0,9.0
1775310300.0,8.666801115592742,1.7440891439243456,22158569472.0,0.0,0.4728086339639089,0.0,9.0
1775310330.0,9.0,0.9890267850624284,19006500864.0,0.0,0.4530170257651444,0.0,9.0
1775310360.0,8.866527782407253,1.4489114465877646,17431175168.0,0.0,0.4563905969489817,0.0,9.0
1775310390.0,9.166666666666668,0.756376722595178,14275350528.0,0.0,0.4594995497374459,0.0,9.0
1775310420.0,9.699448962360574,0.6213987122702983,14275489792.0,0.0,0.4373194172804816,0.0,9.0
1775310450.0,8.600594543535033,0.8870297422949445,14292008960.0,0.0,0.4629146560983326,0.0,8.0
1775310480.0,2.333100023331,0.8702874778661609,17258274816.0,0.0,0.48526645094033,0.0,7.0
1775310510.0,3.978709514076326,1.068930157249603,20187463680.0,0.0,0.6843639944615966,0.0,6.0
1775310540.0,0.0,0.9865751171070172,22316650496.0,0.0,0.0,0.0,5.0
1775310570.0,3.459417777777778,1.7129647619463244,24007299072.0,0.0,0.4877722779254899,0.0,8.0
1775310600.0,8.6,0.5103131913958557,24007589888.0,0.0,0.4731410190357968,0.0,8.0
1775310630.0,8.966666666666667,1.0720223010151375,24010502144.0,0.0,0.4643566694710487,0.0,9.0
1775310660.0,9.066666666666666,1.737952326353274,24011186176.0,0.0,0.4573137450612282,0.0,9.0
1775310690.0,9.233333333333334,0.7609042638942981,24011358208.0,0.0,0.4591750706955766,0.0,9.0
1775310720.0,6.466666666666667,1.1600025483352066,22390099968.0,0.0,0.454304535003414,0.0,9.0
1775310750.0,1.7,0.3188786106181313,19223724032.0,0.0,0.2290496282537574,0.0,9.0
1775310780.0,0.0,0.019541217797288,19223756800.0,0.0,0.0,0.0,9.0
1775310810.0,0.0,0.0192466380273513,14357069824.0,0.0,0.0,0.0,9.0
1775310840.0,0.0,0.3365275749068633,14450196480.0,0.0,0.0,0.0,9.0
1775310870.0,2.266893356002267,1.6244203865848077,16020606976.0,0.0,0.4080623937101914,0.0,7.0
1775310900.0,8.913460783725196,2.1920826717574697,16026697728.0,0.0,0.4237498606247952,0.0,8.0
1775310930.0,10.568912608405604,2.000083196958145,17639796736.0,0.0,0.2493586007173946,0.0,8.0
1775310960.0,10.667133395563852,1.999553613748536,17639858176.0,0.0,0.3475822658323408,0.0,9.0
1775310990.0,9.961784937647009,1.476308024133291,17640116224.0,0.0,0.3097649142729594,0.0,9.0
1775311020.0,9.904651266301686,1.1846628626190443,17641324544.0,0.0,0.3689716016988196,0.0,9.0
1775311050.0,9.966000133306672,1.912893721572092,17641955328.0,0.0,0.3249983479911486,0.0,9.0
1775311080.0,9.66675133171388,1.6051606657935718,17641943040.0,0.0,0.3954277380483554,0.0,9.0
1775311110.0,10.066771260525822,1.989690435004209,17642913792.0,0.0,0.3482795187485475,0.0,9.0
1775311140.0,10.166453347554608,2.1977275684894626,14372454400.0,0.0,0.2541644095691721,0.0,9.0
1775311170.0,9.506206570769049,1.486768115968555,14362324992.0,0.0,0.4140784810194886,0.0,9.0
1775311200.0,2.7666666666666666,0.7563966127186124,16477753344.0,0.0,0.4628318962162805,0.0,7.0
1775311230.0,2.546612890681422,1.9492871247844352,19210895360.0,0.0,0.4879918368193681,0.0,7.0
1775311260.0,6.401927645658318,2.1547407359987982,19212263424.0,0.0,0.3774504081194052,0.0,9.0
1775311290.0,9.10153931772149,2.0818568846607226,19213381632.0,0.0,0.4068474670772786,0.0,9.0
1775311320.0,9.264891940739234,2.0951128756506994,19214376960.0,0.0,0.4145744438826329,0.0,9.0
1775311350.0,9.40138509082016,1.4434070041834022,19214876672.0,0.0,0.3881796973230019,0.0,9.0
1775311380.0,9.698718381887993,1.5494631521639362,19216351232.0,0.0,0.3667880708413102,0.0,9.0
1775311410.0,9.468933065031775,2.1147411635662476,19215892480.0,0.0,0.3843735207534207,0.0,9.0
1775311440.0,9.899360127974406,1.6960189828008396,17587957760.0,0.0,0.2717064094175441,0.0,9.0
1775311470.0,3.8003667400146695,0.0204154841299311,15965331456.0,0.0,0.2444408431468382,0.0,9.0
1775311500.0,0.0,0.0215227842935909,14340939776.0,0.0,0.0,0.0,9.0
1775311530.0,0.0,0.0292509223673139,14328791040.0,0.0,0.0,0.0,9.0
1775311560.0,0.0,0.6398443044438988,18055299072.0,0.0,0.0,0.0,7.0
1775311590.0,2.2840121810693472,0.7570867367123699,18779254784.0,0.0,0.4602133956391941,0.0,6.0
1775311620.0,0.0,1.1370431575362352,22325964800.0,0.0,0.0,0.0,6.0
1775311650.0,0.0,0.5523764387282938,24032174080.0,0.0,0.0,0.0,8.0
1775311680.0,8.672226651313157,1.7534760510998693,24037879808.0,0.0,0.4758672857215126,0.0,9.0
1775311710.0,9.4,1.7400307179815466,24039718912.0,0.0,0.4499428354897181,0.0,9.0
1775311740.0,9.13404236750479,1.721215044382844,24041459712.0,0.0,0.4548657590750162,0.0,9.0
1775311770.0,9.031273864518866,1.733588137373812,24041836544.0,0.0,0.4561768638262239,0.0,9.0
1775311800.0,8.568717195144096,1.0042018042406498,22419312640.0,0.0,0.4683375093193684,0.0,9.0
1775311830.0,8.732251266568342,0.689349396843308,20798234624.0,0.0,0.4667531778099408,0.0,9.0
1775311860.0,8.99664470617264,1.7222388773428323,17556545536.0,0.0,0.4612132421943463,0.0,9.0
1775311890.0,9.10145456237283,1.4470586692601497,14360715264.0,0.0,0.4572316792390285,0.0,9.0
1775311920.0,8.73447256568286,1.4684732790605717,14362439680.0,0.0,0.4683500617886621,0.0,9.0
1775311950.0,5.168217131806208,0.4748163921558378,15286165504.0,0.0,0.4804414322745194,0.0,7.0
1775311980.0,0.0,1.0290900831916638,19716485120.0,0.0,0.0,0.0,5.0
1775312010.0,3.5579939290836915,1.3828761719633844,21804011520.0,0.0,0.6549862887589616,0.0,6.0
1775312040.0,8.685557777777777,1.4053224846243626,23388884992.0,0.0,0.460784697504451,0.0,8.0
1775312070.0,9.2,1.7456033605107115,23389306880.0,0.0,0.460817375917451,0.0,9.0
1775312100.0,9.433333333333334,1.7538485924532798,23390375936.0,0.0,0.4420637636463883,0.0,9.0
1775312130.0,9.266666666666666,1.746927301691841,23390679040.0,0.0,0.4584374998888888,0.0,9.0
1775312160.0,8.9,1.31025810622553,23391588352.0,0.0,0.456686443717719,0.0,9.0
1775312190.0,0.5666666666666667,0.0192965900127447,23391698944.0,0.0,0.2056782485833962,0.0,9.0
1775312220.0,0.0,0.0174228073577596,20125184000.0,0.0,0.0,0.0,9.0
1775312250.0,0.0,0.0182853748553104,15384608768.0,0.0,0.0,0.0,9.0
1775312280.0,0.0,0.1487321481724089,14346235904.0,0.0,0.0,0.0,9.0
1775312310.0,2.391532540237929,1.2599524758213918,14442811392.0,0.0,0.2457094388372021,0.0,9.0
1775312340.0,8.830157902993788,0.6045004316006001,15171923968.0,0.0,0.3859258327834857,0.0,9.0
1775312370.0,6.767990852229093,1.0395099360924105,15139557376.0,0.0,0.4598787353350104,0.0,8.0
1775312400.0,10.365254241566085,1.477319913051358,15986139136.0,0.0,0.2945700537675053,0.0,9.0
1775312430.0,10.369326483637456,1.467013014852668,15988039680.0,0.0,0.3288622021066931,0.0,9.0
1775312460.0,10.6,1.9294341895159952,15989854208.0,0.0,0.2484108579147325,0.0,9.0
1775312490.0,10.298970308907329,2.203785842186306,15990370304.0,0.0,0.2775136174811332,0.0,9.0
1775312520.0,10.634373645426962,0.7541735767606037,15990292480.0,0.0,0.2426278229123408,0.0,9.0
1775312550.0,11.0,1.942994337908183,15990829056.0,0.0,0.2433143515904339,0.0,9.0
1775312580.0,10.898305235334622,2.2193694994441455,15991042048.0,0.0,0.2459488550727412,0.0,9.0
1775312610.0,11.133972328721454,2.014532830085234,14364786688.0,0.0,0.2461698200243234,0.0,9.0
1775312640.0,10.627684519051424,1.2393228116481083,14368083968.0,0.0,0.2477250321195456,0.0,9.0
1775312670.0,9.327785992918017,1.7394333895981104,16141475840.0,0.0,0.4428257719402163,0.0,8.0
1775312700.0,6.9689440917007826,1.1984807324388749,18193174528.0,0.0,0.4811151072112267,0.0,7.0
1775312730.0,1.951713751228637,0.8253595349087489,20754325504.0,0.0,0.4852072729181693,0.0,6.0
1775312760.0,3.127086188117073,2.2352686797016186,22379593728.0,0.0,0.4378594869548888,0.0,7.0
1775312790.0,9.99774319432521,2.2078065639550113,22382403584.0,0.0,0.2607608824085366,0.0,9.0
1775312820.0,10.69904025593175,2.236578819984499,22383792128.0,0.0,0.2483851468319433,0.0,9.0
1775312850.0,11.032815786495838,2.21694809605041,22385971200.0,0.0,0.2455447270982826,0.0,9.0
1775313570.0,0.0,0.0052346593589804,3244195840.0,0.0,0.0,0.0,2.0
1775313600.0,0.0,0.0043697985499035,3244195840.0,0.0,0.0,0.0,2.0
1775313630.0,0.0,0.0047446009792649,3244175360.0,0.0,0.0,0.0,2.0
1775313660.0,0.0,0.0051658841684615,3244204032.0,0.0,0.0,0.0,2.0
1775313690.0,0.0,0.0052425291766104,3244204032.0,0.0,0.0,0.0,2.0
1775313720.0,0.0,0.0054425249174046,3244212224.0,0.0,0.0,0.0,2.0
1775313750.0,0.0,0.002617517608056,3244212224.0,0.0,0.0,0.0,2.0
1775313780.0,0.0,0.0025222624829935,3244212224.0,0.0,0.0,0.0,2.0
1775313810.0,0.0,0.005147196306539,3244212224.0,0.0,0.0,0.0,2.0
1775313840.0,0.0,0.0025962937449938,3244212224.0,0.0,0.0,0.0,2.0
1775313870.0,0.0,0.0043099790505443,3244220416.0,0.0,0.0,0.0,2.0
1775313900.0,0.0,0.005260865947442,3244187648.0,0.0,0.0,0.0,2.0
1775313930.0,4.333333333333333,0.9103975886632308,3251658752.0,0.0,0.4895408163265305,0.0,2.0
1775313960.0,7.765300455403754,1.809360515355558,4996988928.0,0.0,0.6420819371589972,0.0,2.0
1775313990.0,6.201133711237079,2.086036465979403,13052252160.0,0.0,1.410909389320397,0.0,2.0
1775314020.0,7.432837810812613,1.1429902215189702,15907586048.0,0.0,0.5301437682871293,0.0,3.0
1775314050.0,9.033668911260753,0.4933205249796359,16042455040.0,0.0,0.4608770726781215,0.0,7.0
1775314080.0,9.633333333333333,1.3880726554508458,16043544576.0,0.0,0.4456587300694299,0.0,9.0
1775314110.0,9.333333333333332,1.7394773575040146,16044027904.0,0.0,0.4571210502671916,0.0,9.0
1775314140.0,9.233197782296145,1.498047624975111,16044322816.0,0.0,0.4524692640881991,0.0,9.0
1775314170.0,9.066462249183832,1.754273503192724,16044539904.0,0.0,0.4593002566290521,0.0,9.0
1775314200.0,8.8339222614841,1.7401510639489963,16044650496.0,0.0,0.4644232771129474,0.0,9.0
1775314230.0,8.599740017332177,1.7480388392053556,16044617728.0,0.0,0.4660728143875564,0.0,9.0
1775314260.0,9.566942240593818,1.748994103518357,16044806144.0,0.0,0.4447894438804714,0.0,9.0
1775314290.0,9.06640446192476,1.745815942634721,14293635072.0,0.0,0.4583353166277328,0.0,9.0
1775314320.0,9.100275573927153,1.7512935576448123,14296858624.0,0.0,0.4598993390641723,0.0,9.0
1775314350.0,3.499766682221185,1.0487157656101684,15973240832.0,0.0,0.3555569028838177,0.0,8.0
1775314380.0,10.343728888888888,1.4643600299759023,15974260736.0,0.0,0.2444853098520003,0.0,8.0
1775314410.0,10.166895570815832,2.225951538858315,15974645760.0,0.0,0.3539708037547224,0.0,9.0
1775314440.0,10.43218692793329,2.0448574060263227,15974924288.0,0.0,0.2481029469738408,0.0,9.0
1775314470.0,10.766453411548444,2.2655301798254732,15974965248.0,0.0,0.2460701203449965,0.0,9.0
1775314500.0,10.725543589087213,1.4522649278422957,15975059456.0,0.0,0.2495813929373501,0.0,9.0
1775314530.0,3.76876317558632,0.0676810444695455,15974912000.0,0.0,0.2499048589519587,0.0,9.0
1775314560.0,0.0,0.0120360890760414,15974965248.0,0.0,0.0,0.0,9.0
1775314590.0,0.0,0.0140806118394395,15975063552.0,0.0,0.0,0.0,9.0
1775314620.0,0.0,0.0156391375524158,14349975552.0,0.0,0.0,0.0,9.0
1775314650.0,3.899411307341997,0.4547001963152799,14349017088.0,0.0,0.2403207373981372,0.0,9.0
1775314680.0,6.534626951771751,1.312056819420658,16562073600.0,0.0,0.4202626440308556,0.0,7.0
1775314710.0,2.5997400259974004,1.137468766488494,19895726080.0,0.0,0.4804612556988068,0.0,6.0
1775314740.0,2.7336066940027335,0.7459440263747931,22392131584.0,0.0,0.5644269430268812,0.0,6.0
1775314770.0,8.623484444444445,1.4927378979353274,22395351040.0,0.0,0.4576740023819245,0.0,8.0
1775314800.0,9.566666666666666,1.7265135364620363,22396092416.0,0.0,0.4539337527126258,0.0,9.0
1775314830.0,8.533333333333333,1.728151074325544,22396334080.0,0.0,0.4780271616734275,0.0,9.0
1775314860.0,8.531711651671666,1.742699028383629,22397399040.0,0.0,0.4703822126425846,0.0,9.0
1775314890.0,8.001411581638324,1.7381040852799248,22398386176.0,0.0,0.4913434743385751,0.0,9.0
1775314920.0,9.0,1.0119365767563393,20770406400.0,0.0,0.4575788954171145,0.0,9.0
1775314950.0,8.931733866488948,0.7400698332610207,19143004160.0,0.0,0.4638574125540502,0.0,9.0
1775314980.0,9.10166722240747,1.732218685059704,17523634176.0,0.0,0.464148611042389,0.0,9.0
1775315010.0,9.131982582422465,1.7397212352102032,14327570432.0,0.0,0.4598953877120253,0.0,9.0
1775315040.0,4.433333333333334,0.9247100513621992,14330970112.0,0.0,0.2276251166511131,0.0,8.0
1775315070.0,3.39818763326226,0.9880640585761524,17288253440.0,0.0,0.2408706590254894,0.0,7.0
1775315100.0,2.534685165421558,1.827219259403183,19108810752.0,0.0,0.4996795482211075,0.0,8.0
1775315130.0,9.266016774981948,1.708037939237914,19109117952.0,0.0,0.4527852352753121,0.0,9.0
1775315160.0,9.133966772239816,0.6972092100665845,19109728256.0,0.0,0.452496848436545,0.0,9.0
1775315190.0,8.599746683554429,1.4990692262938208,19109466112.0,0.0,0.4652353818642979,0.0,9.0
1775315220.0,8.533588905927061,0.7256005839542974,19110363136.0,0.0,0.4662726154871862,0.0,9.0
1775315250.0,8.633333333333333,0.1809558355631456,19110858752.0,0.0,0.4624999999999999,0.0,9.0
1775315280.0,0.0,0.0183010215979358,19110985728.0,0.0,0.0,0.0,9.0
1775315310.0,0.0,0.0177839717513008,17481371648.0,0.0,0.0,0.0,9.0
1775315340.0,0.0,0.0183572232900125,14275153920.0,0.0,0.0,0.0,9.0
1775315370.0,0.0666600006666,0.5656283026513356,14325768192.0,0.0,0.3986169421955022,0.0,9.0
1775315400.0,9.798435523190845,1.175708936743667,15271890944.0,0.0,0.4066488782860341,0.0,7.0
1775315430.0,4.166876687668767,1.6203983780534146,18390609920.0,0.0,0.6402720826634543,0.0,6.0
1775315460.0,1.8666666666666667,0.7368521055907067,19427758080.0,0.0,0.4963451136769963,0.0,5.0
1775315490.0,2.965678107297568,0.839362129684373,24216522752.0,0.0,0.6769903344379059,0.0,6.0
1775315520.0,3.433333333333333,0.1869713402691848,26505568256.0,0.0,0.7129450651299519,0.0,6.0
1775315550.0,0.0,1.5645969171230631,28855050240.0,0.0,0.0,0.0,7.0
1775315580.0,6.921954116440562,1.7602716783609509,28857257984.0,0.0,0.247514343264657,0.0,9.0
1775315610.0,10.86810254052071,1.956691242284538,28860473344.0,0.0,0.2459046302554304,0.0,9.0
1775315640.0,10.964227486388497,2.2207792859754028,28860796928.0,0.0,0.2456922184555449,0.0,9.0
1775315670.0,11.002196636387014,1.62613578523811,27236823040.0,0.0,0.2430696736815135,0.0,9.0
1775315700.0,10.63264680397254,2.242955305869555,24040603648.0,0.0,0.2460508726826994,0.0,9.0
1775315730.0,10.460957305316434,1.491889725804134,20838883328.0,0.0,0.3184997353470589,0.0,9.0
1775315760.0,10.673209928340189,0.481967728998606,17599057920.0,0.0,0.2461766828122403,0.0,9.0
1775315790.0,10.533680034670134,1.6354949569257935,15974293504.0,0.0,0.3245210896592868,0.0,9.0
1775315820.0,10.366428904739683,1.0225734007730198,14349705216.0,0.0,0.262498308756921,0.0,9.0
1775315850.0,10.664665578394466,1.2212085905205037,14349258752.0,0.0,0.2497010214121445,0.0,9.0
1775315880.0,6.166868902371269,1.9728818353612083,16840847360.0,0.0,0.4779437881432912,0.0,7.0
1775315910.0,5.655311372556709,2.1530313182942584,18933178368.0,0.0,0.4234029972953608,0.0,7.0
1775315940.0,9.508654641362885,1.7080642591565287,19215441920.0,0.0,0.2537017944540498,0.0,8.0
1775315970.0,6.167367016841754,0.3229847896830639,19216842752.0,0.0,0.2462143054016098,0.0,9.0
1775316000.0,0.0,0.0201620931885052,19216904192.0,0.0,0.0,0.0,9.0
1775316030.0,0.0,0.0203723594753761,19217014784.0,0.0,0.0,0.0,9.0
1775316060.0,0.0,0.0112191438868425,19217100800.0,0.0,0.0,0.0,9.0
1775316090.0,2.8,0.8523875936995718,19223633920.0,0.0,0.4783275879415132,0.0,9.0
1775316120.0,9.18611342600309,1.7295010622622804,19271528448.0,0.0,0.4544439566557338,0.0,9.0
1775316150.0,9.23346444881496,0.7676056125448264,16013815808.0,0.0,0.4524704641238206,0.0,9.0
1775316180.0,9.233333333333334,0.7556426858046508,14389792768.0,0.0,0.4588382364555047,0.0,9.0
1775316210.0,8.766005665722378,1.726116450486887,14389911552.0,0.0,0.4704200501723,0.0,9.0
1775316240.0,5.200457838822954,2.618289170156036,15964516352.0,0.0,0.3999990824780312,0.0,8.0
1775316270.0,10.533333333333331,1.1636619869905174,15964651520.0,0.0,0.3196753664999616,0.0,8.0
1775316300.0,11.165908972582589,0.7518612988223098,15964954624.0,0.0,0.2404599140692232,0.0,9.0
1775316330.0,10.929297193741444,2.2082679646504055,15965896704.0,0.0,0.2454516943588849,0.0,9.0
1775316360.0,10.871181575458271,2.2276538951440057,15965990912.0,0.0,0.2454473319316447,0.0,9.0
1775316390.0,10.697376209464409,1.4639174953664986,15966322688.0,0.0,0.247103069943247,0.0,9.0
1775316420.0,10.835022624690316,1.9491617103916317,15967621120.0,0.0,0.244005623380467,0.0,9.0
1775316450.0,10.598272639623843,0.7532712864031811,15967666176.0,0.0,0.2497767210563511,0.0,9.0
1775316480.0,10.235970402754464,1.6712854659940588,15969292288.0,0.0,0.2768848114115031,0.0,9.0
1775316510.0,10.066204506065858,2.1985238998908687,15970201600.0,0.0,0.2910722414390864,0.0,9.0
1775316540.0,10.400832416452728,0.7494546832501207,14339092480.0,0.0,0.2493106480741656,0.0,9.0
1775316570.0,3.2644903397734844,0.7326617265987259,17655689216.0,0.0,0.4636699825574064,0.0,7.0
1775316600.0,0.0,1.9010951229851036,21067927552.0,0.0,0.0,0.0,5.0
1775316630.0,8.536297705482944,2.332552668788695,21054963712.0,0.0,0.4322970537364305,0.0,8.0
1775316660.0,9.333111376590905,0.9533779377107592,21053841408.0,0.0,0.4231892930200168,0.0,9.0
1775316690.0,5.767403513712646,0.7545798560881595,21052067840.0,0.0,0.3678568367852743,0.0,9.0
1775316720.0,0.0,0.0270766770703219,21049159680.0,0.0,0.0,0.0,9.0
1775316750.0,0.0,0.0158179646778748,21048901632.0,0.0,0.0,0.0,9.0
1775316780.0,0.0,0.0202955138809206,21047545856.0,0.0,0.0,0.0,9.0
1775316810.0,2.832722358117328,1.0359719993726415,19444453376.0,0.0,0.2452357333121509,0.0,9.0
1775316840.0,10.666799149573064,2.22608142992994,17821044736.0,0.0,0.2445510494043303,0.0,9.0
1775316870.0,10.397721239264976,2.2169100661281957,14577541120.0,0.0,0.3119715133432779,0.0,9.0
1775316900.0,10.96675291195328,1.2671495154097403,14490112000.0,0.0,0.2638075689260282,0.0,9.0
1775316930.0,6.901027945399733,1.2485346331886749,17609211904.0,0.0,0.4727956630210472,0.0,7.0
1775316960.0,0.0,0.8189510704527998,20203692032.0,0.0,0.0,0.0,6.0
1775316990.0,6.0915066666666675,1.8824094556605468,20925816832.0,0.0,0.3655735369167825,0.0,8.0
1775317020.0,10.765954275971565,2.1682383721913263,20950740992.0,0.0,0.2438427577603075,0.0,9.0
1775317050.0,10.368629497460176,1.938502216688342,20950786048.0,0.0,0.2626110941801861,0.0,9.0
1775317080.0,10.732477928489054,2.171210322416663,20952764416.0,0.0,0.2475230541514087,0.0,9.0
1775317110.0,10.60080014002734,1.4394122192026622,20952985600.0,0.0,0.2465238689926117,0.0,9.0
1775317140.0,10.265320538451286,0.318535683431367,20952977408.0,0.0,0.2768668846125027,0.0,9.0
1775317170.0,10.667985024748871,1.1855328208815423,19245064192.0,0.0,0.244504513329572,0.0,9.0
1775317200.0,10.397786002889712,2.1922965971669637,17621102592.0,0.0,0.2851199611384109,0.0,9.0
1775317230.0,10.101452793473532,2.18464711999079,14379855872.0,0.0,0.3081652023446828,0.0,9.0
1775317260.0,9.628500154709169,0.7437646568786582,14871494656.0,0.0,0.4138670798789546,0.0,9.0
1775317290.0,2.303455182774161,1.2216684519411285,15785484288.0,0.0,0.4701218959857934,0.0,7.0
1775317320.0,0.0,1.6537181899823266,18094149632.0,0.0,0.0,0.0,7.0
1775317350.0,3.931938123542796,1.8784451299609433,20772970496.0,0.0,0.4767165963301071,0.0,8.0
1775317380.0,6.728645999680602,1.5050546348454272,20775010304.0,0.0,0.3684720199727013,0.0,9.0
1775317410.0,7.166666666666666,0.3232274879479318,20775702528.0,0.0,0.3343981182205248,0.0,9.0
1775317440.0,0.3,0.0376309395251207,20775849984.0,0.0,0.1549959153023729,0.0,9.0
1775317470.0,0.0,0.0167991747134273,20775784448.0,0.0,0.0,0.0,9.0
1775317500.0,0.0,0.01981884278118,20776009728.0,0.0,0.0,0.0,9.0
1775317530.0,0.0,1.2983375993866797,19243986944.0,0.0,0.0,0.0,9.0
1775317560.0,9.792553482640546,1.442254643492801,17618554880.0,0.0,0.2464512571056385,0.0,9.0
1775317590.0,11.034320534623207,1.4887292027648045,14421577728.0,0.0,0.244749849105394,0.0,9.0
1775317620.0,10.862055581900782,2.229727151169176,14422163456.0,0.0,0.2532792802345346,0.0,9.0
1775317650.0,9.637608682340709,1.4472827591982758,16998875136.0,0.0,0.4476499560663589,0.0,7.0
1775317680.0,2.7001800120008004,1.1650435734572782,19277983744.0,0.0,0.4543283647093955,0.0,5.0
1775317710.0,5.5434600031850785,2.2919990101238485,21845458944.0,0.0,0.4384209138624133,0.0,7.0
1775317740.0,10.66621339376972,2.2027043495515213,21846953984.0,0.0,0.247493989105755,0.0,8.0
1775317770.0,10.432303642240662,0.734783968620406,21847359488.0,0.0,0.2487064890028059,0.0,9.0
1775317800.0,10.934533733466711,0.7309472579028445,21848043520.0,0.0,0.2431013353263246,0.0,9.0
1775317830.0,10.8345592258408,1.9603876414832655,21849731072.0,0.0,0.2430076470708143,0.0,9.0
1775317860.0,10.831118069666989,2.2149718671994534,21850787840.0,0.0,0.2450527651618953,0.0,9.0
1775317890.0,11.064733895690686,1.4759785531698952,21851013120.0,0.0,0.2409558403575415,0.0,9.0
1775317920.0,10.970885121198751,1.266703357302866,18603270144.0,0.0,0.2432409586622981,0.0,9.0
1775317950.0,10.966307797517342,2.1993407851115294,17596768256.0,0.0,0.2432991514578077,0.0,9.0
1775317980.0,10.499983404333168,2.199858547274402,14404694016.0,0.0,0.2479515634632101,0.0,9.0
1775318010.0,6.1329244717018865,0.9174316228494688,16515887104.0,0.0,0.4445122660728856,0.0,8.0
1775318040.0,2.367924226424754,1.069433435235723,18258665472.0,0.0,0.7965279615296357,0.0,5.0
1775318070.0,4.067867324942632,0.8154206070782011,21667700736.0,0.0,0.5726304172674122,0.0,7.0
1775318100.0,2.86580692458929,1.2541474847115854,25918328832.0,0.0,0.6751618764000391,0.0,6.0
1775318130.0,5.067813640088293,0.3715116008094835,25876418560.0,0.0,0.455302337312446,0.0,7.0
1775318160.0,0.4666666666666667,0.0170953332609211,25897189376.0,0.0,0.2361825555500001,0.0,9.0
1775318190.0,0.0,0.0076095472780321,25897025536.0,0.0,0.0,0.0,9.0
1775318220.0,0.0,0.016646122255754,25894641664.0,0.0,0.0,0.0,9.0
1775318250.0,0.0,0.5786681404157973,25913921536.0,0.0,0.0,0.0,9.0
1775318280.0,6.363633220101201,1.7908057630247771,22703800320.0,0.0,0.3027374529423685,0.0,9.0
1775318310.0,10.469048333833683,2.244829470987898,21127282688.0,0.0,0.2499403131626579,0.0,9.0
1775318340.0,10.632524633141156,1.4918922461958075,17925869568.0,0.0,0.2565736213629106,0.0,9.0
1775318370.0,10.599188108536216,1.9980296049152544,14601523200.0,0.0,0.249184478649123,0.0,9.0
1775318400.0,10.759270210732002,2.232297948629518,14513119232.0,0.0,0.300933017633551,0.0,8.0
1775318430.0,8.498976624675334,1.7899184259219272,17705992192.0,0.0,0.4713461056883334,0.0,7.0
1775318460.0,5.836560415906348,0.803519605149786,18892189696.0,0.0,0.368689341315326,0.0,7.0
1775318490.0,3.0997933471101926,1.3874692136074769,20965380096.0,0.0,0.4061083275931466,0.0,7.0
1775318520.0,9.28753278467758,1.7444465991619371,20968087552.0,0.0,0.3987142913257266,0.0,8.0
1775318550.0,9.636862723694106,1.9522218177734592,20969123840.0,0.0,0.3639878561419638,0.0,9.0
1775318580.0,10.368140638721224,2.2400359787343587,20971204608.0,0.0,0.3333275597979493,0.0,9.0
1775318610.0,9.866245764888191,2.1945993344286907,20972339200.0,0.0,0.3604879021230711,0.0,9.0
1775318640.0,10.06588341173165,1.4914530539223474,20973191168.0,0.0,0.3584684649382212,0.0,9.0
1775318670.0,10.46760472658552,0.5258775355785072,19296800768.0,0.0,0.2833332980660647,0.0,9.0
1775318700.0,10.567258940486132,0.5427085227148466,17675603968.0,0.0,0.2821494567303672,0.0,9.0
1775318730.0,10.4996400359964,1.9461748737323945,16051429376.0,0.0,0.2486332840674422,0.0,9.0
1775318760.0,10.298830691607684,2.216651558660368,14428561408.0,0.0,0.2965946925994447,0.0,9.0
1775318790.0,9.734382849439736,1.5082089294018626,14414311424.0,0.0,0.4005844761940595,0.0,9.0
1775318820.0,2.6333600035560294,1.7134241647564914,16912650240.0,0.0,0.46297992823725,0.0,7.0
1775318850.0,3.334648347617301,0.4019425951981462,19137495040.0,0.0,0.643189659447,0.0,7.0
1775318880.0,0.5,0.0143877541754745,19137949696.0,0.0,0.6360284374999996,0.0,9.0
1775318910.0,0.0,0.0203460163961307,19138285568.0,0.0,0.0,0.0,9.0
1775318940.0,0.0,0.0201962401610487,19138347008.0,0.0,0.0,0.0,9.0
1775318970.0,0.0,1.1901113598942834,19285266432.0,0.0,0.0,0.0,9.0
1775319000.0,5.274970199646702,1.2102989362914505,19285995520.0,0.0,0.4414691461118903,0.0,9.0
1775319030.0,8.102851327883801,1.6733597478895268,19286728704.0,0.0,0.4739109124051777,0.0,9.0
1775319060.0,9.331797053272656,2.1765676924388258,17664077824.0,0.0,0.4119295656646617,0.0,9.0
1775319090.0,9.334891502246764,0.7427611668032564,16041984000.0,0.0,0.3996980325845018,0.0,9.0
1775319120.0,9.4330200313302,0.7426314382210918,14419709952.0,0.0,0.4053987549116933,0.0,9.0
1775319150.0,8.966068955695656,1.9578936561822708,15270080512.0,0.0,0.4448448829229168,0.0,8.0
1775319180.0,3.0670267146730676,1.4362407417564815,17626271744.0,0.0,0.4554725790640914,0.0,7.0
1775319210.0,6.433333333333334,0.7321658946567892,17624473600.0,0.0,0.4139072447190342,0.0,8.0
1775319240.0,9.731179213857429,1.959502993766096,17625911296.0,0.0,0.3544840301184881,0.0,9.0
1775319270.0,10.40121287323805,1.9570461964888135,17626267648.0,0.0,0.311462111357225,0.0,9.0
1775319300.0,10.29925706139026,2.2256242166858997,17626521600.0,0.0,0.3054293335625122,0.0,9.0
1775319330.0,10.534891899325146,2.202709308913287,17627561984.0,0.0,0.2821259019778491,0.0,9.0
1775319360.0,10.430784989793224,1.786793975304663,17627758592.0,0.0,0.2845244190075881,0.0,9.0
1775319390.0,10.735681329191657,2.210815232894953,17628647424.0,0.0,0.2495966535588484,0.0,9.0
1775319420.0,10.466523683388573,2.0296743791388776,17628745728.0,0.0,0.261185745266507,0.0,9.0
1775319450.0,10.700960256068283,2.212868986740306,14372827136.0,0.0,0.2483998631174154,0.0,9.0
1775319480.0,10.5653436300376,2.23372185312368,14376783872.0,0.0,0.2478751741313864,0.0,9.0
1775319510.0,10.230324293620669,0.9257014140274716,14418407424.0,0.0,0.3495703454433789,0.0,8.0
1775319540.0,0.0,1.2826771903740075,18217226240.0,0.0,0.0,0.0,5.0
1775319570.0,3.3,1.0423266892564738,20810620928.0,0.0,0.4885804771934303,0.0,7.0
1775319600.0,0.1666666666666666,0.0153978629312552,20819066880.0,0.0,0.1674336395515973,0.0,9.0
1775319630.0,0.0,0.0164614895317768,20819521536.0,0.0,0.0,0.0,9.0
1775319660.0,0.0,0.0196135722771919,20819488768.0,0.0,0.0,0.0,9.0
1775319690.0,0.0,0.6530320211869731,20916604928.0,0.0,0.0,0.0,9.0
1775319720.0,5.939581837355824,1.882152843755805,20961632256.0,0.0,0.3012613895580704,0.0,9.0
1775319750.0,10.299885574406524,2.1782772484597577,20962291712.0,0.0,0.2494278581815945,0.0,9.0
1775319780.0,10.832864601602424,1.7907588008667423,17717194752.0,0.0,0.2446860414981823,0.0,9.0
1775319810.0,10.829058534748755,1.2492238361320354,14476427264.0,0.0,0.2432561755892445,0.0,9.0
1775319840.0,10.969527661479466,1.272598243146878,14480883712.0,0.0,0.2474247379063508,0.0,9.0
1775319870.0,9.868566431527537,0.7484969996146447,15047823360.0,0.0,0.4636669301145629,0.0,8.0
1775319900.0,1.5334533573381344,1.3030833938554347,19350228992.0,0.0,0.5624973903186864,0.0,6.0
1775319930.0,2.83492799039872,1.8842613381579263,22428385280.0,0.0,0.4844485415379794,0.0,6.0
1775319960.0,8.797454444444444,1.34174135291526,22431055872.0,0.0,0.4619078728047585,0.0,9.0
1775319990.0,9.233157783629434,0.0156912751363859,22429511680.0,0.0,0.4618293709732889,0.0,9.0
1775320020.0,9.39977560184802,1.4190786611976622,22430322688.0,0.0,0.4440910025288094,0.0,9.0
1775320050.0,9.133028899036695,1.7175550877696515,22431068160.0,0.0,0.4586957740457162,0.0,9.0
1775320080.0,9.16721340623194,1.7074744249885363,22432129024.0,0.0,0.4554915240472416,0.0,9.0
1775320110.0,9.432337026671814,1.7293102285352575,22432395264.0,0.0,0.4359699334673855,0.0,9.0
1775320140.0,10.001220366109834,1.4860694227861413,19150860288.0,0.0,0.4192047732244341,0.0,9.0
1775320170.0,9.7,1.7305926723818663,15905247232.0,0.0,0.4301220007826444,0.0,9.0
1775320200.0,9.69885689605883,1.7431860685672893,14284103680.0,0.0,0.4436679256726377,0.0,9.0
1775320230.0,9.433835622527448,0.7277934745151267,14921203712.0,0.0,0.4229106269823879,0.0,9.0
1775320260.0,0.0,0.9385604560868764,16426778624.0,0.0,0.0,0.0,7.0
1775320290.0,1.7332755574814174,0.7033063982596337,19155456000.0,0.0,0.5810367777759698,0.0,7.0
1775320320.0,0.0,0.0466946894261681,19155382272.0,0.0,0.0,0.0,9.0
1775320350.0,0.0,0.0176308292015268,19155517440.0,0.0,0.0,0.0,9.0
1775320380.0,0.0,0.0173365712556517,19155623936.0,0.0,0.0,0.0,9.0
1775320410.0,0.0,0.3570130880303129,19204964352.0,0.0,0.0,0.0,8.0
1775320440.0,3.1380323788570736,1.931516248427136,19304845312.0,0.0,0.2447097145546886,0.0,8.0
1775320470.0,10.734478671097818,2.2083363620375276,19306004480.0,0.0,0.2465356774419853,0.0,8.0
1775320500.0,10.300678986349054,2.204646759962831,17676955648.0,0.0,0.3370392832153825,0.0,8.0
1775320530.0,9.997877761497891,2.1831579162645243,16055926784.0,0.0,0.35625181486018,0.0,8.0
1775320560.0,10.430906591925384,1.0770274285875268,14430146560.0,0.0,0.2880710064190248,0.0,8.0
1775320590.0,10.204811980813185,0.455248677413361,15418068992.0,0.0,0.3374824781769021,0.0,8.0
1775320620.0,2.7333333333333334,1.4717180155305911,17385082880.0,0.0,0.6274943720467371,0.0,6.0
1775320650.0,7.074543888888888,2.0836381000003716,20811403264.0,0.0,0.5459981076388887,0.0,7.0
1775320680.0,9.0,1.8023405167627595,19235274752.0,0.0,0.4616414804957151,0.0,9.0
1775320710.0,8.531635067142048,1.5383911606600034,19236048896.0,0.0,0.4634085903227161,0.0,9.0
1775320740.0,8.435214085634254,1.7349118580302825,19236999168.0,0.0,0.4632895342239036,0.0,9.0
1775320770.0,8.566496672333145,1.0098574686395,19237863424.0,0.0,0.461833794573647,0.0,9.0
1775320800.0,8.799867782185038,1.4985931608467422,19239034880.0,0.0,0.4610378008748291,0.0,9.0
1775320830.0,8.93346555996311,1.2030964166577012,19239456768.0,0.0,0.456685418882662,0.0,9.0
1775320860.0,9.233197782296145,1.4729323839131707,15988682752.0,0.0,0.4547476001425915,0.0,9.0
1775320890.0,9.233333333333334,1.7356367152779175,15989891072.0,0.0,0.4558905555054166,0.0,9.0
1775320920.0,9.533297788370332,1.0123766243402748,14360944640.0,0.0,0.442635462238592,0.0,9.0
1775320950.0,9.29878269073481,1.4776958802995233,14364520448.0,0.0,0.4486015495616002,0.0,9.0
1775320980.0,4.800486758237136,0.6777429116207614,16695611392.0,0.0,0.6112936655950381,0.0,6.0
1775321010.0,0.0,0.5093026729435444,21394198528.0,0.0,0.0,0.0,4.0
1775321040.0,0.0,0.1460520567293228,22278942720.0,0.0,0.0,0.0,6.0
1775321070.0,0.0,0.2166788661225102,24649207808.0,0.0,0.0,0.0,7.0
1775321100.0,0.0,0.07196926388736,27002826752.0,0.0,0.0,0.0,7.0
1775321130.0,0.0,0.7000337603685279,27142180864.0,0.0,0.0,0.0,8.0
1775321160.0,2.071348245935705,1.999678804929347,28734582784.0,0.0,0.459712686318193,0.0,7.0
1775321190.0,3.099896670110996,1.3217037834515104,32537550848.0,0.0,0.4026986854928593,0.0,7.0
1775321220.0,3.233441114703824,1.5970095326480986,32649342976.0,0.0,0.3202106264007959,0.0,7.0
1775321250.0,5.553612286205547,0.5707777568308018,30321627136.0,0.0,0.4657364996154414,0.0,8.0
1775321280.0,3.0,0.7406812942282485,28705869824.0,0.0,0.4183382082177352,0.0,7.0
1775321310.0,4.8021743178556955,2.344731734756529,29291040768.0,0.0,0.4189390994512192,0.0,8.0
1775321340.0,7.252473874666036,1.804596106031347,27123601408.0,0.0,0.4438171800737593,0.0,8.0
1775321370.0,2.8666666666666667,1.6042071451149895,28806762496.0,0.0,0.3045698307510889,0.0,8.0
1775321400.0,9.095368234434227,2.299422658938043,27232149504.0,0.0,0.2495757898013676,0.0,8.0
1775321430.0,9.766881118259498,2.174509345364491,25606725632.0,0.0,0.3945001189139242,0.0,9.0
1775321460.0,10.798314759157837,0.7460067176066111,22402314240.0,0.0,0.2452302597018153,0.0,9.0
1775321490.0,10.033890048337678,1.1967510981897609,22404853760.0,0.0,0.3572566851653067,0.0,9.0
1775321520.0,9.500010188981308,2.167845616381482,19154513920.0,0.0,0.3939120227233558,0.0,9.0
1775321550.0,9.600742296453063,2.1732552715685785,19155869696.0,0.0,0.353876343308752,0.0,9.0
1775321580.0,9.99988889259247,2.1929915917714276,17580937216.0,0.0,0.3326963485742655,0.0,9.0
1775321610.0,10.466900015556591,1.4945607386803268,15963082752.0,0.0,0.2467987214525542,0.0,9.0
1775321640.0,10.931345443543258,1.9395216177939816,14341005312.0,0.0,0.2425623050450302,0.0,9.0
1775321670.0,9.82268945899331,1.4396225241978045,14330830848.0,0.0,0.4038148425611895,0.0,9.0
1775321700.0,8.352210095311692,1.7760742699352643,15908331520.0,0.0,0.4774879119883224,0.0,0.0
1775321730.0,0.0,0.0479854090930521,15908331520.0,0.0,0.0,0.0,0.0
1775321760.0,0.0,,15908331520.0,0.0,0.0,0.0,0.0
1775321790.0,0.0,,15908331520.0,0.0,0.0,0.0,0.0
1775321820.0,0.0,,15908331520.0,0.0,0.0,0.0,0.0
1775321850.0,0.0,,15908331520.0,0.0,0.0,0.0,0.0
1775321880.0,0.0,0.0,15908331520.0,0.0,0.0,0.0,0.0
1775321910.0,0.0,0.0,15908331520.0,0.0,0.0,0.0,0.0
1775321940.0,0.0,0.0,14278107136.0,0.0,0.0,0.0,0.0
1775321970.0,0.0,0.0,14278107136.0,0.0,0.0,0.0,0.0
1775322000.0,0.0,0.0,0.0,0.0,0.0,0.0,0.0
1775322030.0,0.0,0.0,0.0,0.0,0.0,0.0,0.0
1775322060.0,0.0,0.0,0.0,0.0,0.0,0.0,0.0
1775322090.0,0.0,0.0,0.0,0.0,0.0,0.0,0.0
1775322120.0,0.0,0.0,6356873216.0,0.0,0.0,0.0,0.0
1775322150.0,0.0,0.5948815424263267,13631840256.0,0.0,0.0,0.0,0.0
1775322180.0,2.2664400226644004,1.4603772649910205,14437224448.0,0.0,0.5562742674400748,0.0,0.0
1775322210.0,9.051333373337334,1.910135194296123,16140861440.0,0.0,0.4557417728546431,0.0,0.0
1775322240.0,2.9846153846153847,0.4212500380613649,18739892224.0,0.0,0.5747399615835403,0.0,7.0
1775322270.0,1.823115862390515,1.6084225048380416,21869793280.0,0.0,0.4187367292778634,0.0,5.0
1775322300.0,2.9693390718313144,1.37213436374733,25515024384.0,0.0,0.4835790259890201,0.0,6.0
1775322330.0,9.73191484028316,2.2382952455619787,25556209664.0,0.0,0.3371809718328785,0.0,7.0
1775322360.0,10.101497088688529,2.009121708337433,25517277184.0,0.0,0.3383692906214995,0.0,9.0
1775322390.0,10.458711629917858,1.979678734344079,25510903808.0,0.0,0.2838837513128678,0.0,9.0
1775322420.0,10.106263220003118,1.4663476914691336,25507516416.0,0.0,0.2994724697864332,0.0,9.0
1775322450.0,6.13428701635044,1.0813903234758242,23875497984.0,0.0,0.2461440426022612,0.0,9.0
1775322480.0,0.0,0.1475561958194796,23871680512.0,0.0,0.0,0.0,9.0
1775322510.0,0.0,0.0162793536267843,18908557312.0,0.0,0.0,0.0,9.0
1775322540.0,0.0,0.0141190083878245,16258494464.0,0.0,0.0,0.0,9.0
1775322570.0,0.0,0.6854771197984533,14610354176.0,0.0,0.0,0.0,9.0
1775322600.0,2.471659610875918,1.629150869406261,17679454208.0,0.0,0.6057304520425468,0.0,7.0
1775322630.0,8.166512227370198,1.56756300649743,17679650816.0,0.0,0.4726215021531399,0.0,7.0
1775322660.0,8.833493338666845,0.0146093885934318,17743089664.0,0.0,0.4654273159369783,0.0,9.0
1775322690.0,8.633333333333333,1.0029206248594131,17745018880.0,0.0,0.4652342664793101,0.0,9.0
1775322720.0,9.099176780759532,1.7221212946379167,17746026496.0,0.0,0.4572315858448051,0.0,9.0
1775322750.0,9.367499003314558,1.7339693491307635,17747210240.0,0.0,0.447940822245027,0.0,9.0
1775322780.0,9.56534488503832,0.7440351888771329,17747419136.0,0.0,0.4387749005945398,0.0,9.0
1775322810.0,9.23464488162721,0.728087042735149,17748508672.0,0.0,0.4571577192274201,0.0,9.0
1775322840.0,9.199823339222023,1.7151041144167007,17749762048.0,0.0,0.4537640356905973,0.0,9.0
1775322870.0,9.6,1.7300211806376056,14444875776.0,0.0,0.4424656676969015,0.0,9.0
1775322900.0,9.4654870205605,0.7417685509354585,14444974080.0,0.0,0.4476629039769034,0.0,9.0
1775322930.0,0.0,0.3858038918244973,15840223232.0,0.0,0.0,0.0,7.0
1775322960.0,0.0,0.8208945982209024,16722849792.0,0.0,0.0,0.0,6.0
1775322990.0,1.099670098970309,1.018370724462834,22426464256.0,0.0,0.4742374664835062,0.0,5.0
1775323020.0,4.778963291331453,1.722662682329967,25628246016.0,0.0,0.4604648483244034,0.0,7.0
1775323050.0,3.033333333333333,0.9759151158636744,27696492544.0,0.0,0.4926475597172223,0.0,8.0
1775323080.0,0.0,0.1608646922760709,27751378944.0,0.0,0.0,0.0,6.0
1775323110.0,0.0,0.9681304837405788,33658347520.0,0.0,0.0,0.0,7.0
1775323140.0,8.266666666666666,0.7452992682378115,33705046016.0,0.0,0.4719403187580864,0.0,9.0
1775323170.0,8.067043371003766,1.1869829447545253,33703751680.0,0.0,0.4657908689866275,0.0,9.0
1775323200.0,0.7333333333333333,0.2017135023228942,32078438400.0,0.0,0.2084615384615384,0.0,9.0
1775323230.0,0.0,0.018632217429662,28880568320.0,0.0,0.0,0.0,9.0
1775323260.0,0.0,0.0195735906455239,24011362304.0,0.0,0.0,0.0,9.0
1775323290.0,0.0,0.549050559183442,22492127232.0,0.0,0.0,0.0,9.0
1775323320.0,7.497058333333333,1.7422889411840377,19252371456.0,0.0,0.446486702926044,0.0,9.0
1775323350.0,9.0,0.7469606857338695,17632321536.0,0.0,0.4640625236466923,0.0,9.0
1775323380.0,9.533333333333331,0.7633209811107514,16054370304.0,0.0,0.4522723245824148,0.0,9.0
1775323410.0,9.133333333333333,1.7273123534909722,14377828352.0,0.0,0.4627633420827518,0.0,9.0
1775323440.0,5.3,1.7193940924817437,15995916288.0,0.0,0.4632068937819912,0.0,8.0
1775323470.0,9.22596,1.4819362208340852,15996760064.0,0.0,0.4520932957297212,0.0,8.0
1775323500.0,9.8,1.7461292182371992,15997546496.0,0.0,0.4401905850357677,0.0,9.0
1775323530.0,9.165702447206762,1.736455483656559,15998722048.0,0.0,0.457365147049111,0.0,9.0
1775323560.0,9.6676468953867,1.7490140397161844,15999295488.0,0.0,0.4434814817276926,0.0,9.0
1775323590.0,9.033333333333331,1.7515618328131817,15999590400.0,0.0,0.46289880284851,0.0,9.0
1775323620.0,8.933333333333334,0.7297017771929605,15999676416.0,0.0,0.4575788516099401,0.0,9.0
1775323650.0,9.766666666666666,1.0077692454980889,15999791104.0,0.0,0.4453525641025641,0.0,9.0
1775323680.0,9.433333333333334,1.73716454528472,15999909888.0,0.0,0.4551831706971595,0.0,9.0
1775323710.0,9.166102297471449,1.7459328446909943,14370906112.0,0.0,0.4579453639791104,0.0,9.0
1775323740.0,8.533857847713028,0.7678171842087123,14368178176.0,0.0,0.4801049465614282,0.0,9.0
1775323770.0,3.699483419430095,1.318839582503022,17522663424.0,0.0,0.6933537330191086,0.0,6.0
1775323800.0,0.0,1.3158996354093055,21122052096.0,0.0,0.0,0.0,5.0
1775323830.0,0.0,0.3011593109815124,22344515584.0,0.0,0.0,0.0,7.0
1775323860.0,2.85913607415558,1.4627419226815457,23969542144.0,0.0,0.477043141725798,0.0,9.0
1775323890.0,4.700000000000001,1.2978687226265244,23970709504.0,0.0,0.4599829998884578,0.0,9.0
1775323920.0,0.0,0.0218333254841441,23970488320.0,0.0,0.0,0.0,9.0
1775323950.0,0.0,0.0205869710705406,23971438592.0,0.0,0.0,0.0,9.0
1775323980.0,0.0,0.0151887586174896,23971524608.0,0.0,0.0,0.0,9.0
1775324010.0,0.0,0.9349902649182404,22481567744.0,0.0,0.0,0.0,9.0
1775324040.0,5.368501579675366,1.6066242282522718,19246288896.0,0.0,0.2600607424267297,0.0,9.0
1775324070.0,10.767036703670367,2.025213640041687,16049467392.0,0.0,0.2429303154665973,0.0,9.0
1775324100.0,10.70033911918892,2.217293599275962,14427615232.0,0.0,0.288073005863363,0.0,9.0
1775324130.0,10.4003467013368,1.4714047388674287,14431830016.0,0.0,0.2468404443498,0.0,9.0
1775324160.0,6.665991298031437,1.1730924503621554,15232950272.0,0.0,0.4354231277931034,0.0,7.0
1775324190.0,8.800731281743518,1.7978382620857207,17562943488.0,0.0,0.4566344276313634,0.0,7.0
1775324220.0,9.433333333333334,1.0052361443490625,17564024832.0,0.0,0.4454137913987661,0.0,9.0
1775324250.0,8.531311987027843,1.7174685718300136,17565282304.0,0.0,0.4720026319427051,0.0,9.0
1775324280.0,9.235414165666269,1.730614270762856,17565556736.0,0.0,0.4577405299006106,0.0,9.0
1775324310.0,8.733495560963142,0.5016116207670783,17565700096.0,0.0,0.4592108452090357,0.0,9.0
1775324340.0,8.566666666666666,0.7262899284348694,17566089216.0,0.0,0.4665006662874442,0.0,9.0
1775324370.0,8.796433726378433,1.493536282169677,17566191616.0,0.0,0.4638145865787693,0.0,9.0
1775324400.0,8.36999355082616,1.007143425931244,17566154752.0,0.0,0.4791372216227881,0.0,9.0
1775324430.0,9.19651887138146,1.489571060012952,14369169408.0,0.0,0.4534355811079721,0.0,9.0
1775324460.0,8.536290761926997,1.7163784848482664,14369062912.0,0.0,0.4713512917349759,0.0,9.0
1775324490.0,3.933333333333333,0.0406125152484435,15070720000.0,0.0,0.2341129319329873,0.0,7.0
1775324520.0,0.0,1.5160640620243435,18920239104.0,0.0,0.0,0.0,6.0
1775324550.0,6.299778337000123,1.6045496084847457,20895596544.0,0.0,0.5293506523832117,0.0,7.0
1775324580.0,8.267036703670367,1.4401712188209808,20818571264.0,0.0,0.4746400341139839,0.0,9.0
1775324610.0,5.933333333333334,1.1347379657423788,20819156992.0,0.0,0.4686977868548685,0.0,9.0
1775324640.0,0.0,0.0201746685317481,20819132416.0,0.0,0.0,0.0,9.0
1775324670.0,0.0,0.0210264665998297,20819091456.0,0.0,0.0,0.0,9.0
1775324700.0,0.0,0.0191732534796273,20819177472.0,0.0,0.0,0.0,9.0
1775324730.0,0.0,0.4570135819079554,20922585088.0,0.0,0.0,0.0,9.0
1775324760.0,2.9926266666666663,0.767606952793387,17671749632.0,0.0,0.4500008651907551,0.0,9.0
1775324790.0,8.933333333333334,1.3622341383964036,16055803904.0,0.0,0.4547408954867226,0.0,9.0
1775324820.0,9.366666666666667,1.5337189530741084,14433222656.0,0.0,0.4522867784325908,0.0,9.0
1775324850.0,8.577433004231313,1.7307428971439012,15326183424.0,0.0,0.4510836547663925,0.0,8.0
1775324880.0,6.493345656192236,0.4355000240724817,18085437440.0,0.0,0.6698746754946611,0.0,6.0
1775324910.0,0.0,0.600668736335032,20822810624.0,0.0,0.0,0.0,4.0
1775324940.0,3.5336867020035334,1.8142534455370751,25648173056.0,0.0,0.4640571858485787,0.0,7.0
1775324970.0,9.025354225704284,1.4464128652979271,25648738304.0,0.0,0.4546515335972974,0.0,8.0
1775325000.0,8.699109385289049,1.0014650241952063,25650192384.0,0.0,0.4646610465207953,0.0,9.0
1775325030.0,9.368327164816112,1.2414747330219462,25652281344.0,0.0,0.4455076611407432,0.0,9.0
1775325060.0,9.231066537833604,0.4612348566931971,25652486144.0,0.0,0.457465313627135,0.0,9.0
1775325090.0,8.401699512043304,0.6460626476043974,25653501952.0,0.0,0.4705511516838334,0.0,9.0
1775325120.0,8.83366002177923,1.155325832786905,24029212672.0,0.0,0.4626358019619166,0.0,9.0
1775325150.0,8.664955902890558,0.9791481850334108,20763844608.0,0.0,0.4680816096054382,0.0,9.0
1775325180.0,8.734144579652163,1.1521134538915436,19187716096.0,0.0,0.4606405188538454,0.0,9.0
1775325210.0,9.099740017332175,1.39529733765789,15992143872.0,0.0,0.4546886209015011,0.0,9.0
1775325240.0,8.60113033910173,1.7109518736971985,14289694720.0,0.0,0.4707029404874074,0.0,9.0
1775325270.0,3.881595556677607,0.0400295825913006,14622896128.0,0.0,0.4989255229755014,0.0,8.0
1775325300.0,0.0,1.4413969979641008,18470621184.0,0.0,0.0,0.0,6.0
1775325330.0,2.56,1.13002276398336,20763811840.0,0.0,0.4617486113727812,0.0,7.0
1775325360.0,1.2333333333333334,0.240641817594868,20764282880.0,0.0,0.508872042434917,0.0,8.0
1775325390.0,0.0,0.0151316428578897,20764393472.0,0.0,0.0,0.0,9.0
1775325420.0,0.0,0.0160462856461517,20764536832.0,0.0,0.0,0.0,9.0
1775325450.0,0.0,0.5839677093920723,20855533568.0,0.0,0.0,0.0,9.0
1775325480.0,6.605585435323384,2.0644226715936584,20864778240.0,0.0,0.3062547474890835,0.0,9.0
1775325510.0,9.793981536563896,1.2271907551281822,20866486272.0,0.0,0.3416708841010968,0.0,9.0
1775325540.0,10.041274830229492,1.9746222768896575,17616715776.0,0.0,0.3662746003164827,0.0,9.0
1775325570.0,9.998541743022468,2.230864476812425,17616896000.0,0.0,0.3427927663573246,0.0,9.0
1775325600.0,10.025292641176936,2.2273441121216546,14413897728.0,0.0,0.3513232177694971,0.0,9.0
1775325630.0,9.072384502138451,1.438266659973615,14419042304.0,0.0,0.44668448023667,0.0,9.0
1775325660.0,5.766643390999767,0.7987082115808299,14415044608.0,0.0,0.5470540923349859,0.0,7.0
1775325690.0,6.833793379337934,1.6368485004731426,17631879168.0,0.0,0.479731634058727,0.0,7.0
1775325720.0,7.532083708220867,1.7123515213824945,17632882688.0,0.0,0.496281517691568,0.0,9.0
1775325750.0,7.86696446429762,1.7018116045611618,17633624064.0,0.0,0.4849531917349489,0.0,9.0
1775325780.0,8.134445815134642,1.7070574338207345,17633742848.0,0.0,0.4756224326981281,0.0,9.0
1775325810.0,7.799244570349386,0.0152574416168727,17633583104.0,0.0,0.4724564299809254,0.0,9.0
1775325840.0,7.634044562982719,1.12615572810027,17634316288.0,0.0,0.4946986928165161,0.0,9.0
1775325870.0,8.499337866062302,1.708113401426382,17633923072.0,0.0,0.4619924838358787,0.0,9.0
1775325900.0,7.300537849491043,1.696715374123764,17634291712.0,0.0,0.4960814679052617,0.0,9.0
1775325930.0,7.633333333333335,1.0100736331272886,16009408512.0,0.0,0.476832003946363,0.0,9.0
1775325960.0,8.033333333333333,0.7084451923809423,14386065408.0,0.0,0.4768608063142042,0.0,9.0
1775325990.0,3.2333333333333334,1.153966964998674,15385763840.0,0.0,0.5953215069822644,0.0,7.0
1775326020.0,4.818911666666667,1.6481399729162245,18986352640.0,0.0,0.7350068424609127,0.0,6.0
1775326050.0,3.3333333333333335,1.4384470502138134,20730707968.0,0.0,0.6648152243589744,0.0,7.0
1775326080.0,0.0,0.1920939059587472,20731371520.0,0.0,0.0,0.0,9.0
1775326110.0,0.0,0.0171965637137463,20731928576.0,0.0,0.0,0.0,9.0
1775326140.0,0.0,0.0223954490431113,20729282560.0,0.0,0.0,0.0,9.0
1775326170.0,0.0,0.3517356888940027,20827283456.0,0.0,0.0,0.0,9.0
1775326200.0,1.4998000266631115,1.9487755966184823,20829347840.0,0.0,0.4381098590706683,0.0,9.0
1775326230.0,8.83374227674801,1.929875401296494,20830306304.0,0.0,0.4372977352642953,0.0,9.0
1775326260.0,9.13231145173831,1.2255616361757986,17585205248.0,0.0,0.4256843181238593,0.0,9.0
1775326290.0,9.632709298112642,2.191826218692092,15961485312.0,0.0,0.4069392958057639,0.0,9.0
1775326320.0,9.768411608296985,2.220946611636541,14374027264.0,0.0,0.3689408750645268,0.0,9.0
1775326350.0,9.633333333333333,0.009229775218361,14374076416.0,0.0,0.3898055354890956,0.0,9.0
1775326380.0,3.1330200313302004,0.0941375259011554,18288279552.0,0.0,0.4499025885559672,0.0,7.0
1775326410.0,0.0,1.4016821543812903,22336274432.0,0.0,0.0,0.0,4.0
1775326440.0,2.0146308414303657,1.1031987196573327,24011419648.0,0.0,0.4493581389699411,0.0,5.0
1775326470.0,2.857911371125008,1.8810829671095923,25578795008.0,0.0,0.4490523226624393,0.0,8.0
1775326500.0,10.6003567023369,1.458396638061584,25580421120.0,0.0,0.2479543365695851,0.0,9.0
1775326530.0,9.533333333333331,1.8442695665181985,25581789184.0,0.0,0.3885740453274673,0.0,9.0
1775326560.0,9.929913013672326,1.4616700481150182,25581953024.0,0.0,0.3628924723511991,0.0,9.0
1775326590.0,10.003368538159966,1.959903389801966,25583476736.0,0.0,0.2940557459453415,0.0,9.0
1775326620.0,10.3,1.7837849408176252,22333693952.0,0.0,0.2475399819869988,0.0,9.0
1775326650.0,9.533333333333331,1.9142295146594213,22333919232.0,0.0,0.4008925297093204,0.0,9.0
1775326680.0,8.966666666666667,1.6916327385930154,17522454528.0,0.0,0.4268186362454776,0.0,9.0
1775326710.0,9.766666666666666,1.9789469625532303,14329126912.0,0.0,0.3430549381892893,0.0,9.0
1775326740.0,9.723725553365115,1.963756785433512,14330322944.0,0.0,0.386506627848988,0.0,9.0
1775326770.0,9.46842039153078,0.9761969478500452,14839386112.0,0.0,0.4062671845831952,0.0,8.0
1775326800.0,2.1667666766676668,0.5647619416380776,17472094208.0,0.0,0.4662053069393497,0.0,7.0
1775326830.0,0.0,0.0363626373898397,19043438592.0,0.0,0.0,0.0,6.0
1775326860.0,0.0,0.3073128618255885,21494763520.0,0.0,0.0,0.0,7.0
1775326890.0,0.0,0.4668177677023934,21641596928.0,0.0,0.0,0.0,8.0
1775326920.0,2.239786756453423,2.069470592662863,21642440704.0,0.0,0.3575482007342188,0.0,9.0
1775326950.0,9.798488388366524,1.3033414733482045,21642575872.0,0.0,0.3482133354389418,0.0,9.0
1775326980.0,10.666900015556593,1.465043773617503,21644320768.0,0.0,0.2546046393211215,0.0,9.0
1775327010.0,10.634629364100167,1.4714858289986292,21644558336.0,0.0,0.2437756559817392,0.0,9.0
1775327040.0,10.73345668677872,1.7138239727470803,20018913280.0,0.0,0.2474998387524194,0.0,9.0
1775327070.0,10.63249898846937,2.0001060619044053,18398695424.0,0.0,0.2471151814217642,0.0,9.0
1775327100.0,10.665789443901684,1.4700636923162609,16780288000.0,0.0,0.2451793565920865,0.0,9.0
1775327130.0,10.400768292787358,1.7606095034170757,14440935424.0,0.0,0.2487773746519019,0.0,9.0
1775327160.0,6.133411557641537,1.1278420810522949,16729403392.0,0.0,0.4073507859030857,0.0,8.0
1775327190.0,4.912847420264157,0.8302614964164725,18339319808.0,0.0,0.463541369355226,0.0,5.0
1775327220.0,3.2669933660032666,0.3573527020970329,21564010496.0,0.0,0.6163088079703276,0.0,7.0
1775327250.0,0.0,1.5760464328078845,23286702080.0,0.0,0.0,0.0,6.0
1775327280.0,5.966236636082028,2.091400138801791,24184524800.0,0.0,0.391336673737783,0.0,8.0
1775327310.0,9.968651064045387,2.1404660924366095,24184229888.0,0.0,0.3698079301986668,0.0,9.0
1775327340.0,9.866666666666667,1.4290584910798922,24182861824.0,0.0,0.3192702756755898,0.0,9.0
1775327370.0,10.298177249223304,1.1779928440809624,24183255040.0,0.0,0.2651121479272096,0.0,9.0
1775327400.0,9.901916166746204,1.9234767033545777,24184135680.0,0.0,0.3322059414869218,0.0,9.0
1775327430.0,9.49917569227083,2.1218789514762184,20830552064.0,0.0,0.3984770780741326,0.0,9.0
1775327460.0,9.533973461358938,2.1321743840924383,17635291136.0,0.0,0.3796403964818109,0.0,9.0
1775327490.0,7.933404446814894,0.9281104847749964,14399033344.0,0.0,0.3445635598192047,0.0,9.0
1775327520.0,1.8666666666666667,0.114336463965438,14398992384.0,0.0,0.3089253557018092,0.0,9.0
1775327550.0,0.0,0.0368469144879586,14336069632.0,0.0,0.0,0.0,7.0
1775327580.0,0.0,0.1276022417087371,17499590656.0,0.0,0.0,0.0,7.0
1775327610.0,0.0,0.3115941039016114,17676480512.0,0.0,0.0,0.0,8.0
1775327640.0,0.0,0.5346408201133175,17725665280.0,0.0,0.0,0.0,9.0
1775327670.0,9.799564502510776,1.719395481863199,17727152128.0,0.0,0.3473193288274109,0.0,9.0
1775327700.0,10.032453450651024,2.0067959067173176,17728438272.0,0.0,0.2555530629587196,0.0,9.0
1775327730.0,9.600413388451791,2.1830761305620863,17728425984.0,0.0,0.3950021946631022,0.0,9.0
1775327760.0,9.932938534375529,1.9697923711324885,17729507328.0,0.0,0.3103375021769068,0.0,9.0
1775327790.0,10.100212018607287,2.2114827474536156,17729581056.0,0.0,0.2490588410694618,0.0,9.0
1775327820.0,10.634215997095412,2.2142796660365387,14467923968.0,0.0,0.2490218243388247,0.0,9.0
1775327850.0,10.699771126369352,2.2075563705427337,14468366336.0,0.0,0.2471838700201666,0.0,9.0
1775327880.0,9.599600236659562,1.178474211504603,15685599232.0,0.0,0.3950547113285265,0.0,8.0
1775327910.0,2.8115203529646235,0.5588530003444143,17740464128.0,0.0,0.5076036007000095,0.0,5.0
1775327940.0,2.532573561264954,0.2660607220321496,19173208064.0,0.0,0.704222392692852,0.0,6.0
1775327970.0,3.734453669434163,0.6708674964135176,22803660800.0,0.0,0.4606344680394293,0.0,7.0
1775328000.0,9.301244734882584,0.7532427714310445,22841122816.0,0.0,0.4498816904907231,0.0,9.0
1775328030.0,8.8301884818022,1.7154959494160562,22842228736.0,0.0,0.4600439680421846,0.0,9.0
1775328060.0,8.568481236574382,1.7175013176125555,22842204160.0,0.0,0.4636482593177933,0.0,9.0
1775328090.0,8.567472335758971,1.7439088413993649,22842511360.0,0.0,0.4672009628590174,0.0,9.0
1775328120.0,8.799200094210075,0.7531843868702504,22843322368.0,0.0,0.4590755089376261,0.0,9.0
1775328150.0,8.467589026318656,1.1688359128592467,21214912512.0,0.0,0.4655284644853236,0.0,9.0
1775328180.0,8.56638112062931,1.73957393920052,16394440704.0,0.0,0.4689818629587184,0.0,9.0
1777022100.0,0.0,0.1454294895980704,3155824640.0,0.0,0.0,0.0,0.0
1777022130.0,0.0,0.0045763614363352,3156111360.0,0.0,0.0,0.0,0.0
1777022160.0,0.0,0.005190624953854,3156336640.0,0.0,0.0,0.0,2.0
1777022190.0,0.0,0.0042821544187785,3156406272.0,0.0,0.0,0.0,2.0
1777022220.0,0.0,0.0050790665256988,3156459520.0,0.0,0.0,0.0,2.0
1777022250.0,0.0,0.0042241361116186,3156500480.0,0.0,0.0,0.0,2.0
1777022280.0,0.0,0.0051279970652304,3156512768.0,0.0,0.0,0.0,2.0
1777022310.0,0.0,0.0049382885490281,3156533248.0,0.0,0.0,0.0,2.0
1777022340.0,0.0,0.0053498699807872,3156566016.0,0.0,0.0,0.0,2.0
1777022370.0,0.0,0.0052308110984406,3156590592.0,0.0,0.0,0.0,2.0
1777022400.0,0.0,0.1171313254014062,3245465600.0,0.0,0.0,0.0,2.0
1777022430.0,2.1563944444444445,0.5258799712881711,3247575040.0,0.0,0.6109620374444358,0.0,2.0
1777022460.0,5.070558888888888,0.985867114435554,6406033408.0,0.0,0.4986019736842104,0.0,2.0
1777022490.0,5.633333333333333,0.6536224576616608,11141836800.0,0.0,0.5618708029227484,0.0,2.0
1777022520.0,5.433333333333334,1.0008094475958371,11142709248.0,0.0,0.5627040577995135,0.0,4.0
1777022550.0,5.366666666666666,1.007139651536772,11143778304.0,0.0,0.5522001215046307,0.0,7.0
1777022580.0,5.4,1.0048187811294544,11144507392.0,0.0,0.5825712777731479,0.0,7.0
1777022610.0,5.566666666666666,1.0098672020468231,11144757248.0,0.0,0.533653076820499,0.0,7.0
1777022640.0,5.4,1.0102742661700117,11144790016.0,0.0,0.5135416666666667,0.0,7.0
1777022670.0,5.333333333333333,0.7187791677962689,11144798208.0,0.0,0.6458335416527786,0.0,7.0
1777022700.0,5.5,1.0096329589725332,11146330112.0,0.0,0.6007354166135647,0.0,7.0
1777022730.0,5.566666666666666,1.015095560383211,11146182656.0,0.0,0.5354160416041605,0.0,7.0
1777022760.0,5.466666666666667,1.0087952117766907,11147526144.0,0.0,0.5395833333333329,0.0,7.0
1777022790.0,5.6,1.012287981060879,11146964992.0,0.0,0.4945616883116883,0.0,7.0
1777022820.0,5.4,1.013312640651179,11146997760.0,0.0,0.5714293153522031,0.0,7.0
1777022850.0,5.433333333333334,1.009156434126107,11147083776.0,0.0,0.6171046051534903,0.0,7.0
1777022880.0,5.4,0.7041674942011462,11147419648.0,0.0,0.5714285714285714,0.0,7.0
1777022910.0,5.5,1.0135355337861718,11147153408.0,0.0,0.6000000000000001,0.0,7.0
1777022940.0,5.5,1.0083557196185786,11147403264.0,0.0,0.5914062500000001,0.0,7.0
1777022970.0,5.5,1.0040936398244746,11147427840.0,0.0,0.4964287337121392,0.0,7.0
1777023000.0,5.466666666666667,0.718607002982281,11147231232.0,0.0,0.5557676276707616,0.0,7.0
1777023030.0,1.9333333333333331,0.3913652003674316,11147005952.0,0.0,0.5075000000000002,0.0,7.0
1777023060.0,0.0,0.0165153841532777,11146969088.0,0.0,0.0,0.0,7.0
1777023090.0,0.0,0.0160616085328035,11146969088.0,0.0,0.0,0.0,7.0
1777023120.0,0.0,0.0139265950644582,11146985472.0,0.0,0.0,0.0,7.0
1777023150.0,0.6600877777777778,1.0395628455807262,11235856384.0,0.0,0.2400376715254143,0.0,7.0
1777023180.0,5.812544925051627,2.096841581965649,11247357952.0,0.0,0.3981295800023497,0.0,7.0
1777023210.0,7.299830027219841,1.767418574750614,16273350656.0,0.0,0.8099987950327558,0.0,6.0
1777023240.0,2.433333333333333,1.1219499021159398,18593861632.0,0.0,0.6630605246321408,0.0,5.0
1777023270.0,4.066666666666666,0.0896284310283153,19093573632.0,0.0,0.6620169125275956,0.0,6.0
1777023300.0,0.0,0.8698981165103654,23869493248.0,0.0,0.0,0.0,6.0
1777023330.0,6.906313000066653,1.615673834522692,25830068224.0,0.0,0.4326203846246477,0.0,6.0
1777023360.0,6.534000133360006,1.77593328014796,27363483648.0,0.0,0.3895966964400169,0.0,7.0
1777023390.0,6.433333333333334,1.7442384607898505,29121687552.0,0.0,0.4144019264129222,0.0,7.0
1777023420.0,6.733333333333334,1.886526393692337,30715342848.0,0.0,0.2686835543068575,0.0,7.0
1777023450.0,10.429834703113231,1.6354902087629208,30711984128.0,0.0,0.2470463553278774,0.0,8.0
1777023480.0,10.40273361438656,1.9377818277262824,27459358720.0,0.0,0.2486803255325445,0.0,9.0
1777023510.0,10.46513493874917,2.128220025102877,25841590272.0,0.0,0.2441344935389536,0.0,9.0
1777023540.0,10.401710579221188,1.728179742077335,22647099392.0,0.0,0.2433135128221861,0.0,9.0
1777023570.0,10.467591357695389,2.1491666800848668,21070807040.0,0.0,0.2473518005009292,0.0,9.0
1777023600.0,10.32987698126922,2.157187456204676,19452395520.0,0.0,0.2444667289503171,0.0,9.0
1777023630.0,10.402423967179894,1.789940874989557,17823866880.0,0.0,0.2433700351610603,0.0,9.0
1777023660.0,10.201000300090026,2.140190831525196,14463975424.0,0.0,0.2881109051078373,0.0,9.0
1777023690.0,9.96562257025436,1.7585243962160693,15264423936.0,0.0,0.3108611095960333,0.0,9.0
1777023720.0,9.767149391062102,2.2062887758014864,16169340928.0,0.0,0.3717507533682296,0.0,8.0
1777023750.0,5.9669667266786695,0.7217230751049891,16111718400.0,0.0,0.2424058247771698,0.0,8.0
1777023780.0,0.7333333333333333,0.0213968560213127,16111734784.0,0.0,0.2287139166555547,0.0,9.0
1777023810.0,0.0,0.0196200320585986,16111661056.0,0.0,0.0,0.0,9.0
1777023840.0,0.0,0.0218659625039423,16111661056.0,0.0,0.0,0.0,9.0
1777023870.0,0.0,0.9993680590984664,16184225792.0,0.0,0.0,0.0,9.0
1777023900.0,8.60118439973732,1.9599266949593008,16177209344.0,0.0,0.2439741139342007,0.0,9.0
1777023930.0,10.265966806638671,2.141911759120269,16177074176.0,0.0,0.2651343186517888,0.0,9.0
1777023960.0,10.099662240813707,2.1421571921104143,16169787392.0,0.0,0.308152594059263,0.0,9.0
1777023990.0,9.800106684889734,2.120678015869149,14541262848.0,0.0,0.3570847414403142,0.0,9.0
1777024020.0,9.464518278443409,1.392086634323056,15141289984.0,0.0,0.4388360187903081,0.0,9.0
1777024050.0,6.435350629914417,1.857927534485544,17778307072.0,0.0,0.5907558361165097,0.0,7.0
1777024080.0,8.16790574577027,1.4621456415741405,17771646976.0,0.0,0.4690658115958557,0.0,7.0
1777024110.0,7.966666666666667,1.6827263850072665,17770414080.0,0.0,0.4763753945593422,0.0,9.0
1777024140.0,8.533333333333333,1.3668923461731608,17768374272.0,0.0,0.4655930408352655,0.0,9.0
1777024170.0,8.866666666666667,1.451204104006273,17765933056.0,0.0,0.4539060308324253,0.0,9.0
1777024200.0,8.833333333333334,1.7206163754976287,17756622848.0,0.0,0.4495197220424342,0.0,9.0
1777024230.0,8.565072521239795,1.7089566354569594,17756225536.0,0.0,0.4598295944912973,0.0,9.0
1777024260.0,8.601346898709341,1.7110868319097876,17756422144.0,0.0,0.4576499950972761,0.0,9.0
1777024290.0,8.50025557259373,1.7116014952130685,16131264512.0,0.0,0.4608232224530167,0.0,9.0
1777024320.0,8.4330889051841,1.7113783021866935,14509453312.0,0.0,0.4645013994634454,0.0,9.0
1777024350.0,7.866891126075072,1.4809986019993266,14962638848.0,0.0,0.4861828158177159,0.0,9.0
1777024380.0,4.633296696334078,1.4655236006360477,17966985216.0,0.0,0.4359367964774859,0.0,7.0
1777024410.0,5.004541212545412,1.2993358289529582,19907706880.0,0.0,0.4750125559151826,0.0,6.0
1777024440.0,0.0,1.260771066172549,22523256832.0,0.0,0.0,0.0,6.0
1777024470.0,3.596656081913032,0.0698202135510322,25029668864.0,0.0,0.5917327230952889,0.0,7.0
1777024500.0,0.0,0.0869033799886519,25949618176.0,0.0,0.0,0.0,7.0
1777024530.0,0.0,0.0191406201873367,25937104896.0,0.0,0.0,0.0,9.0
1777024560.0,0.0,0.0214852841341545,25927057408.0,0.0,0.0,0.0,9.0
1777024590.0,0.0,1.1528493492538037,25924026368.0,0.0,0.0,0.0,9.0
1777024620.0,8.571591001918382,1.7956848399579477,24276013056.0,0.0,0.2463601908384007,0.0,9.0
1777024650.0,10.499764460147102,1.806331615492069,22653726720.0,0.0,0.2731250593901491,0.0,9.0
1777024680.0,10.36435709526982,1.9084944238855568,19403120640.0,0.0,0.249932837699508,0.0,9.0
1777024710.0,10.7015250988912,2.117773740174269,17784696832.0,0.0,0.2424397950188637,0.0,9.0
1777024740.0,10.433911207423458,1.9709995529108664,14532599808.0,0.0,0.2466379690268128,0.0,9.0
1777024770.0,10.500242238371449,1.9474648923722009,14535172096.0,0.0,0.245568152364014,0.0,9.0
1777024800.0,6.333544458519457,1.1144593522018764,16667783168.0,0.0,0.4315670180606805,0.0,8.0
1777024830.0,2.3949476161270495,1.146246875595044,18241368064.0,0.0,0.4400464113599865,0.0,7.0
1777024860.0,6.435194450003337,2.2548949047767484,19390722048.0,0.0,0.3650966012853874,0.0,8.0
1777024890.0,6.5,1.9498150282520337,20884254720.0,0.0,0.30597968368833,0.0,8.0
1777024920.0,10.094183333333334,2.164269524688897,20886949888.0,0.0,0.24486301245968,0.0,8.0
1777024950.0,10.132660075102075,2.109082873667679,20886802432.0,0.0,0.2478059214822639,0.0,9.0
1777024980.0,10.000457838822957,2.0993836714776157,20888031232.0,0.0,0.2904732185999562,0.0,9.0
1777025010.0,10.300226681778788,1.8828695706805096,20888068096.0,0.0,0.2458705402487772,0.0,9.0
1777025040.0,10.165302618242276,2.145617762957451,20889022464.0,0.0,0.2458058713023499,0.0,9.0
1777025070.0,10.500697855120375,2.1287320691217877,17633202176.0,0.0,0.2414373056694556,0.0,9.0
1777025100.0,10.432871172732526,1.9082746237805623,16012328960.0,0.0,0.2434573397460568,0.0,9.0
1777025130.0,10.200929289312617,2.1445139673204547,16012341248.0,0.0,0.2470692600383746,0.0,9.0
1777025160.0,10.466897793186211,1.9376947801995743,14393511936.0,0.0,0.24668737448611,0.0,9.0
1777025190.0,3.8664311425143314,0.7739768224656348,15609597952.0,0.0,0.2377838967899488,0.0,9.0
1777025220.0,0.0,0.3346682962829205,16590802944.0,0.0,0.0,0.0,8.0
1777025250.0,0.0,0.3197253715510809,17619705856.0,0.0,0.0,0.0,7.0
1777025280.0,0.0,0.0213637388141764,17619861504.0,0.0,0.0,0.0,9.0
1777025310.0,0.0,0.9461660302207612,17764335616.0,0.0,0.0,0.0,9.0
1777025340.0,8.262889226924358,2.16016306608215,17764970496.0,0.0,0.2567947087209972,0.0,9.0
1777025370.0,10.334500389018562,1.9652482395319817,17763287040.0,0.0,0.246297510496166,0.0,9.0
1777025400.0,10.032200377651892,2.1596918059730847,17764499456.0,0.0,0.2994365382104247,0.0,9.0
1777025430.0,10.301144826053129,2.148397257382093,17744834560.0,0.0,0.2977225191274956,0.0,9.0
1777025460.0,10.232200377651894,2.161755762902372,16124919808.0,0.0,0.2960096631023248,0.0,9.0
1777025490.0,10.601211514949426,2.171320953651425,14502916096.0,0.0,0.2464841273160076,0.0,9.0
1777025520.0,10.066094539798922,2.167532002172728,14495543296.0,0.0,0.3011902938189079,0.0,9.0
1777025550.0,6.432975877211206,1.8196875255722944,16349614080.0,0.0,0.388039787439053,0.0,8.0
1777025580.0,3.1328111981336444,1.815225784447415,17982984192.0,0.0,0.4357594609304094,0.0,7.0
1777025610.0,6.167177862977162,2.1816436484954393,19639898112.0,0.0,0.4238166194215693,0.0,6.0
1777025640.0,9.931516111111112,1.8624334608502815,21106618368.0,0.0,0.2590261384304452,0.0,8.0
1777025670.0,10.431236191804665,2.1708036868780742,21106532352.0,0.0,0.2450502370448516,0.0,9.0
1777025700.0,10.435056035329366,1.9326981059995123,21106823168.0,0.0,0.2438774005551513,0.0,9.0
1777025730.0,10.3003467013368,1.963139133062781,21108277248.0,0.0,0.2476734584552707,0.0,9.0
1777025760.0,10.033333333333331,1.9553634456645628,21108289536.0,0.0,0.2470320786735613,0.0,9.0
1777025790.0,10.399656700996566,2.1367523640302633,21108187136.0,0.0,0.2470418053081562,0.0,9.0
1777025820.0,10.233333333333333,2.1755391018273533,19360309248.0,0.0,0.2435839774385252,0.0,9.0
1777025850.0,10.46445070366483,1.9844588360924535,16121200640.0,0.0,0.244173319626036,0.0,9.0
1777025880.0,10.369245397392037,2.1377375077017464,14492246016.0,0.0,0.2451296219436427,0.0,9.0
1777025910.0,9.1,0.7599978163352038,15343226880.0,0.0,0.2500003904991486,0.0,9.0
1777025940.0,0.0,0.2023285309048584,16972500992.0,0.0,0.0,0.0,8.0
1777025970.0,0.0,0.0259934378004836,16970690560.0,0.0,0.0,0.0,8.0
1777026000.0,0.0,0.0314941546799772,16969637888.0,0.0,0.0,0.0,9.0
1777026030.0,0.0,1.0758315448622084,17115193344.0,0.0,0.0,0.0,9.0
1777026060.0,7.059282777777777,1.9136355590070224,17115738112.0,0.0,0.4429791525888702,0.0,9.0
1777026090.0,8.098787192216706,2.1417289116841456,17115279360.0,0.0,0.4841069914111315,0.0,9.0
1777026120.0,9.031714500652544,2.1221669338247997,17115639808.0,0.0,0.4723718733489565,0.0,9.0
1777026150.0,10.469590152417544,2.1261573420660493,17115721728.0,0.0,0.2450001214188543,0.0,9.0
1777026180.0,10.4003500350035,1.895618338529705,15482441728.0,0.0,0.24554299628417,0.0,9.0
1777026210.0,10.833333333333332,2.1554963150716793,14493667328.0,0.0,0.2419205042592895,0.0,9.0
1777026240.0,10.432744542576238,1.9048494542687748,14497464320.0,0.0,0.2448976029246738,0.0,9.0
1777026270.0,6.266026794641072,1.7659787702732026,15826149376.0,0.0,0.460019645849205,0.0,8.0
1777026300.0,3.9681216446030207,0.6357390641196513,18293030912.0,0.0,0.6868873785819216,0.0,7.0
1777026330.0,0.0,2.2730123687300554,20714582016.0,0.0,0.0,0.0,6.0
1777026360.0,8.799861478682832,1.7182226136088956,22794715136.0,0.0,0.4628308222927748,0.0,7.0
1777026390.0,2.935290193462308,0.4173490604527324,25709260800.0,0.0,0.4998753721445584,0.0,7.0
1777026420.0,0.0,1.1895394358613416,29170417664.0,0.0,0.0,0.0,6.0
1777026450.0,6.8205222222222215,1.6911717418549015,30765891584.0,0.0,0.4910601080948902,0.0,6.0
1777026480.0,8.9,1.7308135192895369,30765486080.0,0.0,0.4574639363759032,0.0,8.0
1777026510.0,9.30017667255575,1.470294324601732,30765957120.0,0.0,0.452357544913253,0.0,9.0
1777026540.0,9.066495561259067,1.5074363679158318,29136199680.0,0.0,0.4510535090140595,0.0,9.0
1777026570.0,9.500186672889097,1.726084786522038,25896173568.0,0.0,0.4469558386556238,0.0,9.0
1777026600.0,8.499846671777606,1.7339794741211936,24276320256.0,0.0,0.4737367340050507,0.0,9.0
1777026630.0,5.833333333333333,0.9679893358538542,21037637632.0,0.0,0.4603068713255334,0.0,9.0
1777026660.0,0.0,0.020861876357995,16221839360.0,0.0,0.0,0.0,9.0
1777026690.0,0.0,0.0208439236591677,14501539840.0,0.0,0.0,0.0,9.0
1777026720.0,0.0,0.0175008363824447,15127855104.0,0.0,0.0,0.0,9.0
1777026750.0,0.0,0.5401558550036314,17714999296.0,0.0,0.0,0.0,7.0
1777026780.0,3.9187883333333335,1.449402923752262,17764839424.0,0.0,0.4610356249706862,0.0,8.0
1777026810.0,8.899871115407263,1.716610629375463,17761148928.0,0.0,0.4549570349181666,0.0,9.0
1777026840.0,9.433333333333334,1.7234409514336315,17760911360.0,0.0,0.4365530113491155,0.0,9.0
1777026870.0,8.766666666666666,1.448177744471019,17759809536.0,0.0,0.4583337961677339,0.0,9.0
1777026900.0,9.433461115370513,1.4792267569336348,17759952896.0,0.0,0.4437485920513097,0.0,9.0
1777026930.0,8.565772430877239,1.32025724523759,17759404032.0,0.0,0.4668518100940727,0.0,9.0
1777026960.0,9.66759243823559,1.731423271378158,17760067584.0,0.0,0.4249933902530494,0.0,9.0
1777026990.0,8.566534448851705,1.7201354320695876,16131088384.0,0.0,0.4700985007427738,0.0,9.0
1777027020.0,8.833333333333334,1.1562476324559283,14505238528.0,0.0,0.4552711596049216,0.0,9.0
1777027050.0,9.466793337555696,1.0491828088182424,15228116992.0,0.0,0.4330102402608468,0.0,9.0
1777027080.0,0.0,0.6543886494976799,17952538624.0,0.0,0.0,0.0,7.0
1777027110.0,2.2486404078776365,1.653640879872852,20864507904.0,0.0,0.5988666847897299,0.0,7.0
1777027140.0,3.4344781593864617,1.2194883707050244,22546341888.0,0.0,0.4836143942198919,0.0,8.0
1777027170.0,4.665111629456848,1.6910236913568697,22547582976.0,0.0,0.4837748889977421,0.0,8.0
1777027200.0,8.93406394243808,1.463475821397272,22545227776.0,0.0,0.455562790804181,0.0,9.0
1777027230.0,9.367446822697872,1.7398739992230572,22546210816.0,0.0,0.4467493011432403,0.0,9.0
1777027260.0,9.366794448703846,1.7191740897519123,22545215488.0,0.0,0.4437493102250659,0.0,9.0
1777027290.0,8.766540004222081,1.7290446526490677,22545514496.0,0.0,0.4588071197454729,0.0,9.0
1777027320.0,8.433333333333334,1.7158365916460654,20912701440.0,0.0,0.4738521428435392,0.0,9.0
1777027350.0,7.1668000044445925,1.0156895772022891,17662496768.0,0.0,0.445415951273392,0.0,9.0
1777027380.0,1.6332788907036428,0.0203048942917555,16086192128.0,0.0,0.2208647210602357,0.0,9.0
1777027410.0,0.0,0.0218393261471588,14468288512.0,0.0,0.0,0.0,9.0
1777027440.0,0.0,0.0214938941303847,14426157056.0,0.0,0.0,0.0,9.0
1777027470.0,0.0,0.7267648017886664,16102436864.0,0.0,0.0,0.0,8.0
1777027500.0,2.8604472303725443,1.2133694928807668,18442387456.0,0.0,0.6273604678769416,0.0,7.0
1777027530.0,0.0,0.4801027099813945,20850892800.0,0.0,0.0,0.0,7.0
1777027560.0,2.7143400000000004,1.3262935255770516,23109521408.0,0.0,0.4960299341822937,0.0,7.0
1777027590.0,4.4,1.6664118217522457,24228544512.0,0.0,0.4850147833623549,0.0,8.0
1777027620.0,8.5,1.6849423748735697,24227180544.0,0.0,0.4668442837386446,0.0,8.0
1777027650.0,8.565507014562298,1.704467554980868,24227667968.0,0.0,0.4682132515417893,0.0,9.0
1777027680.0,8.600123337444582,1.7218478677064282,24227852288.0,0.0,0.4594873694585,0.0,9.0
1777027710.0,9.601040277407307,1.177184683504228,24227454976.0,0.0,0.4222143420336501,0.0,9.0
1777027740.0,9.3,1.7441702586557168,22593261568.0,0.0,0.4384922552356827,0.0,9.0
1777027770.0,9.232203672231664,1.4895490470970822,19346690048.0,0.0,0.4353884686497897,0.0,9.0
1777027800.0,9.134473675435965,1.7138486557924606,17729163264.0,0.0,0.443570356887956,0.0,9.0
1777027830.0,9.032193675230763,1.4695271342083849,16100724736.0,0.0,0.4461204328996297,0.0,9.0
1777027860.0,9.334543696442266,1.7166812221126182,14343081984.0,0.0,0.4527536345210926,0.0,9.0
1777027890.0,8.366666666666667,0.7281020610365331,14866010112.0,0.0,0.4804174393264151,0.0,9.0
1777027920.0,3.7666666666666666,1.136611505899065,16655183872.0,0.0,0.3406249647442291,0.0,8.0
1777027950.0,5.733333333333333,1.7111540152983873,17863438336.0,0.0,0.4342362175018306,0.0,7.0
1777027980.0,8.865107134526308,1.728007771877238,18376957952.0,0.0,0.4533606699806103,0.0,8.0
1777028010.0,9.201600480144045,1.7310233867864573,18370146304.0,0.0,0.4504506179945137,0.0,9.0
1777028040.0,9.1,1.4012288054450837,18367852544.0,0.0,0.4468443523680957,0.0,9.0
1777028070.0,8.631913759205572,1.1768975417192582,18368086016.0,0.0,0.4673778589651284,0.0,9.0
1777028100.0,2.300600180054016,0.0203019516333327,18367975424.0,0.0,0.4615433760933106,0.0,9.0
1777028130.0,0.0,0.0195700410636811,18367832064.0,0.0,0.0,0.0,9.0
1777028160.0,0.0,0.0205394161354734,16747712512.0,0.0,0.0,0.0,9.0
1777028190.0,0.0,0.5097207611433747,15187501056.0,0.0,0.0,0.0,9.0
1777028220.0,3.5536666666666665,1.5178187008873796,14498828288.0,0.0,0.4627170050448168,0.0,9.0
1777028250.0,8.464956182732998,1.7143976900643183,14503624704.0,0.0,0.4657704590854085,0.0,9.0
1777028280.0,7.602669828553675,1.1856610108759271,16242987008.0,0.0,0.5341791959059687,0.0,8.0
1777028310.0,0.0,0.8130053665810758,19231834112.0,0.0,0.0,0.0,7.0
1777028340.0,0.8333333333333334,1.7567422318912251,20871380992.0,0.0,0.2481227010447517,0.0,7.0
1777028370.0,9.770794853057067,1.6798910730213656,20874801152.0,0.0,0.247111410670957,0.0,8.0
1777028400.0,6.733333333333333,1.7921973386839152,22432100352.0,0.0,0.3339483730858837,0.0,8.0
1777028430.0,6.465386984577893,2.08766501127476,24252055552.0,0.0,0.4011333813339289,0.0,7.0
1777028460.0,3.201387267816054,0.9735333188212932,26108952576.0,0.0,0.3839732969377256,0.0,7.0
1777028490.0,3.100103336777893,0.7544076522420391,28945457152.0,0.0,0.4628808061603788,0.0,7.0
1777028520.0,4.599846671777606,1.0129664591636316,28942106624.0,0.0,0.6402824640575565,0.0,8.0
1777028550.0,5.400180006000201,0.6718341351368322,25691258880.0,0.0,0.6367280367212623,0.0,9.0
1777028580.0,5.333155561481283,0.0199084394788633,23907827712.0,0.0,0.5741896711434608,0.0,9.0
1777028610.0,0.0,1.6247109657834684,25649274880.0,0.0,0.0,0.0,8.0
1777028640.0,5.001229139872681,1.7689769686440755,27267756032.0,0.0,0.4480078757988263,0.0,6.0
1777028670.0,6.366215885334412,1.637302539624078,27444723712.0,0.0,0.412986332886005,0.0,7.0
1777028700.0,5.378209059441685,1.8402857027602633,26907721728.0,0.0,0.4420922171020274,0.0,7.0
1777028730.0,7.333077794813679,1.9935822505189893,25880657920.0,0.0,0.4769927048358923,0.0,7.0
1777028760.0,8.90152045613684,1.701482559680746,24305520640.0,0.0,0.4586895408917139,0.0,8.0
1777028790.0,7.733333333333333,1.3139186021864315,24297390080.0,0.0,0.4606603286330512,0.0,9.0
1777028820.0,2.3,0.0192095274723422,24297390080.0,0.0,0.4444441666141909,0.0,9.0
1777028850.0,0.0,0.0188732927853092,22677417984.0,0.0,0.0,0.0,9.0
1777028880.0,0.0,0.0212964447331948,21101502464.0,0.0,0.0,0.0,9.0
1777028910.0,0.9333333333333332,0.1719452773922716,19524927488.0,0.0,0.2087501785595245,0.0,9.0
1777028940.0,3.6,1.6403710161487497,17896931328.0,0.0,0.4529166666666666,0.0,9.0
1777028970.0,8.499540045995401,1.7168302705592613,14467837952.0,0.0,0.4666648021593765,0.0,9.0
1777029000.0,9.5005600560056,1.714826219098439,14406230016.0,0.0,0.4212541081511413,0.0,9.0
1777029030.0,2.928364593616321,1.0865109023815829,15901704192.0,0.0,0.4706173429874092,0.0,8.0
1777029060.0,2.827726218097448,1.189213100557354,18945994752.0,0.0,0.4658009235262871,0.0,7.0
1777029090.0,3.56583463858433,1.230725622817175,19509981184.0,0.0,0.2589142269108588,0.0,7.0
1777029120.0,6.30074684092955,1.36915022525916,20856651776.0,0.0,0.4239487146908433,0.0,8.0
1777029150.0,6.498131059066529,1.2469497606476467,24106790912.0,0.0,0.4496955724747998,0.0,8.0
1777029180.0,2.933626696002934,1.8069328464937948,25873682432.0,0.0,0.4422380201650518,0.0,6.0
1777029210.0,6.233333333333333,1.7999239327121763,27481075712.0,0.0,0.4083076061420427,0.0,7.0
1777029240.0,9.225704444444444,2.1679572232575897,27373486080.0,0.0,0.3492240506308561,0.0,8.0
1777029270.0,6.1330300303303,1.711435818255823,29604077568.0,0.0,0.4234304689571615,0.0,8.0
1777029300.0,7.5003967063373,1.7696013473150902,27368214528.0,0.0,0.4621255865541241,0.0,7.0
1777029330.0,5.366666666666666,1.456338113113926,27525701632.0,0.0,0.4675268933103915,0.0,7.0
1777029360.0,4.566666666666666,1.603326713001866,27490435072.0,0.0,0.4856241656123427,0.0,7.0
1777029390.0,8.299506732435674,1.7200601811903111,25914060800.0,0.0,0.4711843500660539,0.0,8.0
1777029420.0,8.633706704003734,1.7165818642730342,24294473728.0,0.0,0.4610300690048151,0.0,9.0
1777029450.0,9.13384451260168,1.7252215302854328,22663548928.0,0.0,0.4470363367610683,0.0,9.0
1777029480.0,8.766666666666666,1.7262481839617,21034799104.0,0.0,0.4607502124429335,0.0,9.0
1777029510.0,9.133333333333333,1.2195191975795163,21033627648.0,0.0,0.4465905049460971,0.0,9.0
1777029540.0,2.6,0.1658269470678106,17838526464.0,0.0,0.4104168055416667,0.0,9.0
1777029570.0,0.0,0.0222966523852613,17838288896.0,0.0,0.0,0.0,9.0
1777029600.0,0.0,0.0209215270134929,14444531712.0,0.0,0.0,0.0,9.0
1777029630.0,0.0,0.2048860915265404,14902071296.0,0.0,0.0,0.0,9.0
1777029660.0,2.1357706367990037,1.7641685722928049,16551407616.0,0.0,0.6783561399120533,0.0,7.0
1777029690.0,8.06639778674044,1.2402762638341505,18782146560.0,0.0,0.4814244149800645,0.0,6.0
1777029720.0,5.855802222222222,2.110984842153814,19408207872.0,0.0,0.2471843933809359,0.0,8.0
1777029750.0,10.066231169177442,2.1552874756749776,19406483456.0,0.0,0.2492033445580437,0.0,9.0
1777029780.0,6.566666666666666,1.4450688600879285,20520214528.0,0.0,0.3008933620961064,0.0,9.0
1777029810.0,6.500426723563141,1.4704518477618072,20882100224.0,0.0,0.3354924093070103,0.0,8.0
1777029840.0,6.331680005617113,1.593995979651326,22670458880.0,0.0,0.4197369232469307,0.0,8.0
1777029870.0,7.76914745749519,1.633664024800355,22671908864.0,0.0,0.4941560278711105,0.0,7.0
1777029900.0,8.4,1.7098559038490533,22613569536.0,0.0,0.4701888341440784,0.0,8.0
1777029930.0,8.165277083541604,1.716667694074644,20992438272.0,0.0,0.4690231705645594,0.0,8.0
1777029960.0,8.80148044413324,1.7140038389448171,19372019712.0,0.0,0.4601672484513541,0.0,9.0
1777029990.0,8.566666666666666,1.482694166578177,19372371968.0,0.0,0.4605653742055516,0.0,9.0
1777030020.0,9.199678961880164,1.7235310458738418,19372298240.0,0.0,0.4436696491327073,0.0,9.0
1777030050.0,9.50012778203718,1.707021549955203,17740972032.0,0.0,0.4294492084909066,0.0,9.0
1777030080.0,9.233710037670434,1.7089034898784627,17741275136.0,0.0,0.4371179725796406,0.0,9.0
1777030110.0,8.366515560592424,1.4542794746043997,14443253760.0,0.0,0.4690098045041866,0.0,9.0
1777030140.0,8.732655629694358,0.7428342989020095,14920433664.0,0.0,0.4608907080019041,0.0,9.0
1777030170.0,3.3671156154153885,1.356297109498482,16937132032.0,0.0,0.3977830608866252,0.0,8.0
1777030200.0,2.892546666666667,1.358047086214954,19830968320.0,0.0,0.465611062228744,0.0,7.0
1777030230.0,5.942132995397852,1.8013759091840131,20931629056.0,0.0,0.4576157620912097,0.0,7.0
1777030260.0,0.0,0.1063324827752059,20929150976.0,0.0,0.0,0.0,9.0
1777030290.0,0.0,0.0196822835438992,20930527232.0,0.0,0.0,0.0,9.0
1777030320.0,0.0,0.1771114093180201,22984859648.0,0.0,0.0,0.0,8.0
1777030350.0,0.0,0.2077936310235957,24147189760.0,0.0,0.0,0.0,7.0
1777030380.0,0.0,1.5021826711561117,24389095424.0,0.0,0.0,0.0,8.0
1777030410.0,3.633212226259124,1.3964913799829128,25817423872.0,0.0,0.4997400436162986,0.0,7.0
1777030440.0,7.757952222222222,1.7151890316947798,24081952768.0,0.0,0.4681626733138153,0.0,7.0
1777030470.0,8.866666666666667,1.137054667911067,20877885440.0,0.0,0.4568763716947621,0.0,9.0
1777030500.0,9.06684111692612,1.706069523235144,20848484352.0,0.0,0.4498465533113603,0.0,9.0
1777030530.0,8.633172227592413,1.7224381410803082,20848295936.0,0.0,0.4631436596892811,0.0,9.0
1777030560.0,7.933333333333334,1.7083711806826924,20848680960.0,0.0,0.4772619879607304,0.0,9.0
1777030590.0,8.333333333333334,1.388947115308957,17613709312.0,0.0,0.4649760965996766,0.0,9.0
1777030620.0,8.799999999999999,1.7124708785221503,17613623296.0,0.0,0.4480276364070026,0.0,9.0
1777030650.0,8.9,1.7147566829631364,17613680640.0,0.0,0.4591656662188915,0.0,9.0
1777030680.0,8.433333333333334,1.4721418316038446,14417559552.0,0.0,0.4690937590404764,0.0,9.0
1777030710.0,8.366666666666667,0.9378807731652368,15035977728.0,0.0,0.4597701817752329,0.0,9.0
1777030740.0,0.0,1.1240884429531848,17849987072.0,0.0,0.0,0.0,7.0
1777030770.0,5.669233333333333,1.898281820757906,19368689664.0,0.0,0.4327112819499944,0.0,7.0
1777030800.0,8.833333333333332,1.5300265777952555,19366879232.0,0.0,0.447717843124048,0.0,8.0
1777030830.0,8.766666666666666,1.7212970791159374,19356147712.0,0.0,0.4559613037607922,0.0,9.0
1777030860.0,8.7,1.7270148756252193,19356901376.0,0.0,0.4575581686036821,0.0,9.0
1777030890.0,8.9,1.3887146827707235,19357634560.0,0.0,0.4525602660634203,0.0,9.0
1777030920.0,8.399999999999999,0.9227346670616252,20239417344.0,0.0,0.4699257920742575,0.0,9.0
1777030950.0,0.0,1.2428141102704515,22362091520.0,0.0,0.0,0.0,7.0
1777030980.0,3.800713549195317,0.0518653001959601,20827856896.0,0.0,0.4852678167184137,0.0,8.0
1777031010.0,0.0,0.0201077959606513,17576697856.0,0.0,0.0,0.0,9.0
1777031040.0,0.0,0.020053818348222,17576636416.0,0.0,0.0,0.0,9.0
1777031070.0,0.0,0.2073544488410108,17577431040.0,0.0,0.0,0.0,9.0
1777031100.0,3.1951038940737284,1.554982255268323,17677778944.0,0.0,0.2489653928706062,0.0,9.0
1777031130.0,10.301153595177883,2.163200350754154,17678979072.0,0.0,0.2875053767228265,0.0,9.0
1777031160.0,10.496021802187029,1.7201854853700145,17679024128.0,0.0,0.2471697501945455,0.0,9.0
1777031190.0,10.33688043212973,1.929248639137212,16057667584.0,0.0,0.2513993694199881,0.0,9.0
1777031220.0,9.800754620522566,2.127100903545166,14439186432.0,0.0,0.2843778176704939,0.0,9.0
1777031250.0,6.666781114926053,1.3991950988819788,14925529088.0,0.0,0.3553610888334487,0.0,9.0
1777031280.0,5.722867169345072,1.6652496302836397,16256978944.0,0.0,0.445647627691056,0.0,8.0
1777031310.0,9.01193167923883,2.1909094540054994,16616230912.0,0.0,0.4184129539947639,0.0,8.0
1777031340.0,10.066444451851604,2.1364611269990665,16613105664.0,0.0,0.2484111567870315,0.0,9.0
1777031370.0,9.96554481839387,1.905681830567528,16613572608.0,0.0,0.2831154170384421,0.0,9.0
1777031400.0,10.1325557369947,1.967174571873431,16614449152.0,0.0,0.2495327901809012,0.0,9.0
1777031430.0,9.89977943158693,2.128454053133632,16616357888.0,0.0,0.3341248961848872,0.0,9.0
1777031460.0,10.236157402739629,1.757529734028893,16615743488.0,0.0,0.2457604394038718,0.0,9.0
1777031490.0,10.264083430972816,2.1402932787065816,16616169472.0,0.0,0.2458027206230135,0.0,9.0
1777031520.0,10.26822487227855,1.9955259525360811,14985797632.0,0.0,0.2863107082468187,0.0,9.0
1777031550.0,10.367361303710588,2.162369115836067,14431440896.0,0.0,0.2456010997517303,0.0,9.0
1777031580.0,9.799568946362708,2.1563146694182853,14416699392.0,0.0,0.3203144611668365,0.0,9.0
1777031610.0,9.699919133339248,2.0114194843116993,16039215104.0,0.0,0.3421199422106204,0.0,8.0
1777031640.0,5.701240271393058,1.6089540052127884,19146252288.0,0.0,0.5818922199564913,0.0,7.0
1777031670.0,8.433333333333334,1.4507023419355338,19122814976.0,0.0,0.4641358956634068,0.0,7.0
1777031700.0,2.5,0.1224933558746884,19112042496.0,0.0,0.4318789119236738,0.0,9.0
1777031730.0,0.0,0.0211989652056743,19106910208.0,0.0,0.0,0.0,9.0
1777031760.0,0.0,0.0218759475298722,19096723456.0,0.0,0.0,0.0,9.0
1777031790.0,0.0,0.0214583142527619,19095715840.0,0.0,0.0,0.0,9.0
1777031820.0,2.5,1.9271886675100895,19151114240.0,0.0,0.2644249655292292,0.0,9.0
1777031850.0,9.833550007222463,2.1575606822957414,19153182720.0,0.0,0.3130452052307162,0.0,9.0
1777031880.0,9.998312647040729,2.121218698294133,17525878784.0,0.0,0.2478661837340456,0.0,9.0
1777031910.0,10.1004423186079,1.9468718846776372,14497329152.0,0.0,0.2562560037662969,0.0,9.0
1777031940.0,10.067336943186282,1.4134990517279256,14927163392.0,0.0,0.3161543965911946,0.0,9.0
1777031970.0,5.198778185049428,1.7146827442252013,17831809024.0,0.0,0.629843263912169,0.0,7.0
1777032000.0,8.40147044113234,1.729928897142842,17695002624.0,0.0,0.4676693928499485,0.0,7.0
1777032030.0,8.798946877291208,1.3582562940840028,17694502912.0,0.0,0.4498856616332949,0.0,9.0
1777032060.0,8.001019126685115,1.7171081795440863,17694277632.0,0.0,0.4809388944429653,0.0,9.0
1777032090.0,8.39836721092969,1.7195727156296852,17695264768.0,0.0,0.4605203761143113,0.0,9.0
1777032120.0,8.333333333333332,1.5390562449831382,17694072832.0,0.0,0.4622309183908166,0.0,9.0
1777032150.0,8.168027074789103,1.7190073553751497,17693622272.0,0.0,0.4690006549804545,0.0,9.0
1777032180.0,7.933190004777618,1.7272868380793576,17659502592.0,0.0,0.4838744298324269,0.0,9.0
1777032210.0,8.599183469421762,1.7323595366786209,16035807232.0,0.0,0.4700542053449422,0.0,9.0
1777032240.0,8.367444574095682,1.6900257653447763,14411022336.0,0.0,0.4728529083385452,0.0,9.0
1777032270.0,5.233507783592787,0.9774918617845216,15977914368.0,0.0,0.4673396704879635,0.0,8.0
1777032300.0,0.0,0.8583078543256166,17782886400.0,0.0,0.0,0.0,7.0
1777032330.0,0.0,1.0336345293619134,20940115968.0,0.0,0.0,0.0,6.0
1777032360.0,5.175544616811633,1.4158915979528053,21577920512.0,0.0,0.419399512185332,0.0,8.0
1777032390.0,5.699413450643204,2.0175820513623663,24314400768.0,0.0,0.446805057911379,0.0,7.0
1777032420.0,2.0338034422845577,0.2657792667258979,24302792704.0,0.0,0.3734118310555883,0.0,8.0
1777032450.0,0.0,0.0226996583159245,24302764032.0,0.0,0.0,0.0,9.0
1777032480.0,0.0,0.0210468341744487,24302444544.0,0.0,0.0,0.0,9.0
1777032510.0,0.0,0.1285953586999444,24303222784.0,0.0,0.0,0.0,9.0
1777032540.0,1.2,1.8398981048931489,22736510976.0,0.0,0.249254183631835,0.0,9.0
1777032570.0,9.96544912898688,2.160312470607965,19535187968.0,0.0,0.2491289612735518,0.0,9.0
1777032600.0,9.835304861350789,1.97515039624098,17916805120.0,0.0,0.3039794245740542,0.0,9.0
1777032630.0,10.066666666666666,2.1516581607216354,14535593984.0,0.0,0.2478699839981331,0.0,9.0
1777032660.0,10.29967339651075,2.174029915954777,14539591680.0,0.0,0.2468537925640302,0.0,9.0
1777032690.0,9.46623139076205,2.3536232381881357,16125489152.0,0.0,0.4214280116037828,0.0,9.0
1777032720.0,9.66521596757352,2.1543840237085883,16123703296.0,0.0,0.3810527775527377,0.0,8.0
1777032750.0,10.034713321506548,1.7564460139691358,16120152064.0,0.0,0.24919431825865,0.0,9.0
1777032780.0,10.100777959301617,2.177405422733765,16120410112.0,0.0,0.267831715054982,0.0,9.0
1777032810.0,9.998342638265472,1.72720745805634,16121090048.0,0.0,0.2490543991679586,0.0,9.0
1777032840.0,9.833535627413996,2.168713183395495,16121126912.0,0.0,0.2736906542342182,0.0,9.0
1777032870.0,10.400688965046143,2.176900116940704,16122097664.0,0.0,0.2444059344126909,0.0,9.0
1777032900.0,10.231391677459715,1.767087077907173,16117911552.0,0.0,0.2527768318184719,0.0,9.0
1777032930.0,10.031955955426216,2.172137887137883,16118145024.0,0.0,0.24657393407686,0.0,9.0
1777032960.0,9.435525590233782,1.989401087793954,14490968064.0,0.0,0.3935903631185641,0.0,9.0
1777032990.0,10.10162383107296,2.1519857931446738,14489952256.0,0.0,0.357669197492603,0.0,9.0
1777033020.0,8.921506360998976,1.8203557367268408,15804112896.0,0.0,0.4674835277119407,0.0,8.0
1777033050.0,6.04716154117743,2.3800737222764603,17844080640.0,0.0,0.4395390355230097,0.0,7.0
1777033080.0,10.168213292212895,2.148502946945602,17839230976.0,0.0,0.3260372443700401,0.0,8.0
1777033110.0,9.966147749830046,1.8516610832374931,17837666304.0,0.0,0.2826845642951358,0.0,9.0
1777033140.0,5.1677147504955165,0.1653157682486216,17837240320.0,0.0,0.2474424898935165,0.0,9.0
1777033170.0,0.0,0.0218234893257691,17837006848.0,0.0,0.0,0.0,9.0
1777033200.0,0.0,0.0204712615306566,17835978752.0,0.0,0.0,0.0,9.0
1777033230.0,0.0,0.0229530788797254,17828024320.0,0.0,0.0,0.0,9.0
1777033260.0,1.0333333333333332,1.5443563940719052,17863086080.0,0.0,0.426696482314252,0.0,9.0
1777033290.0,8.000154449592765,1.712018741363338,14540419072.0,0.0,0.4755161004566511,0.0,9.0
1777033320.0,7.733188893703542,1.7028206912702477,14491725824.0,0.0,0.4735738653535053,0.0,9.0
1777033350.0,4.332755632582322,0.6448378755354661,16791367680.0,0.0,0.5312469992086146,0.0,8.0
1777033380.0,2.5666666666666664,2.202518933796932,19267518464.0,0.0,0.4603275402994043,0.0,6.0
1777033410.0,8.265201470755843,1.6364271879644328,21390741504.0,0.0,0.4631814868275386,0.0,6.0
1777033440.0,5.565663703108267,1.834628062497862,24346431488.0,0.0,0.459722451566618,0.0,7.0
1777033470.0,2.7666666666666666,1.179805813866298,26205593600.0,0.0,0.4618630311436298,0.0,7.0
1777033500.0,2.4021619457511756,1.5848408624172978,28526108672.0,0.0,0.640251055072801,0.0,7.0
1777033530.0,8.828084611368457,1.9925449261719776,29045030912.0,0.0,0.4191221339314065,0.0,7.0
1777033560.0,9.60108925197288,2.1583339111704043,29045301248.0,0.0,0.3460156422090465,0.0,9.0
1777033590.0,9.66664368722097,1.867859663335855,29044199424.0,0.0,0.3482144342983927,0.0,9.0
1777033620.0,9.433237061869724,2.1032219754373003,25779916800.0,0.0,0.3691969174288946,0.0,9.0
1777033650.0,9.767564683915712,2.1360657564223393,24158183424.0,0.0,0.3574966571764181,0.0,9.0
1777033680.0,9.732330197771088,2.1371094541834625,20919209984.0,0.0,0.3416678137097392,0.0,9.0
1777033710.0,9.901005753562275,1.974866642857949,19343290368.0,0.0,0.2498124733902794,0.0,9.0
1777033740.0,9.899245731551527,1.9416541477547904,16090144768.0,0.0,0.3114138718824246,0.0,9.0
1777033770.0,10.198980305908227,2.155381364853009,14487351296.0,0.0,0.2447075452402868,0.0,9.0
1777033800.0,9.567401410566047,1.4307489322397922,15151370240.0,0.0,0.3547422891151602,0.0,9.0
1777033830.0,5.933528901926795,1.1797286977623556,16036085760.0,0.0,0.4572226713721322,0.0,8.0
1777033860.0,3.764303447693351,0.2051335956485263,17180733440.0,0.0,0.4472788704937752,0.0,7.0
1777033890.0,0.0,0.2835601122096293,20370628608.0,0.0,0.0,0.0,7.0
1777033920.0,0.0,0.0528302749229837,20841209856.0,0.0,0.0,0.0,6.0
1777033950.0,0.0,0.0242948566030879,20846075904.0,0.0,0.0,0.0,9.0
1777033980.0,0.0,1.321811275731149,20944420864.0,0.0,0.0,0.0,9.0
1777034010.0,7.833476671444604,1.4018105389426132,20945469440.0,0.0,0.4760518850499101,0.0,9.0
1777034040.0,8.265657982471778,1.720517229646794,20945715200.0,0.0,0.4667552830110077,0.0,9.0
1777034070.0,8.366666666666667,1.7314614216951052,19314647040.0,0.0,0.4682471312242975,0.0,9.0
1777034100.0,8.434204647751143,1.7396299749873945,17693487104.0,0.0,0.467815522200748,0.0,9.0
1777034130.0,9.266852228407616,1.7228919852231828,16069660672.0,0.0,0.4280712865443468,0.0,9.0
1777034160.0,8.665484720231946,1.7082053578818437,14450880512.0,0.0,0.4628564054450302,0.0,9.0
1777034190.0,8.533676020166805,1.5268641510882932,14453903360.0,0.0,0.4593831897369264,0.0,9.0
1777034220.0,7.999850004999833,0.582218223710337,16030404608.0,0.0,0.47680212839718,0.0,8.0
1777034250.0,1.7069066266733322,1.7918322108501423,19876937728.0,0.0,0.4958679124374706,0.0,6.0
1777034280.0,2.8337111614881985,1.39532938622503,22161108992.0,0.0,0.446649194225791,0.0,6.0
1777034310.0,3.181863378741175,1.0249610664159643,24461066240.0,0.0,0.71157073507946,0.0,6.0
1777034340.0,6.2564765086230985,1.8040490949059511,25537318912.0,0.0,0.5581584708466081,0.0,7.0
1777034370.0,9.3,1.4135058308745776,25536262144.0,0.0,0.437248886584422,0.0,8.0
1777034400.0,8.433333333333334,1.7159908592874942,25537433600.0,0.0,0.4711099776448385,0.0,9.0
1777034430.0,8.766666666666667,1.7319796880676817,25536397312.0,0.0,0.4574998176518948,0.0,9.0
1777034460.0,8.733333333333334,1.7225064671477537,25537675264.0,0.0,0.4600002058431439,0.0,9.0
1777034490.0,8.265826862620944,1.7114848991092713,22199353344.0,0.0,0.4678779077669776,0.0,9.0
1777034520.0,8.234196868158126,1.7141341487165198,18998779904.0,0.0,0.4724716128675022,0.0,9.0
1777034550.0,8.3,1.302854806970702,17379905536.0,0.0,0.4689900199183614,0.0,9.0
1777034580.0,3.2666666666666666,0.5011537975704083,14443270144.0,0.0,0.4513159758709797,0.0,9.0
1777034610.0,0.0,0.0192582727223183,14311088128.0,0.0,0.0,0.0,9.0
1777034640.0,0.0,0.1858509299109704,16651943936.0,0.0,0.0,0.0,8.0
1777034670.0,0.0,0.0,16651943936.0,0.0,0.0,0.0,6.0
1777034700.0,0.0,0.0,18448584704.0,0.0,0.0,0.0,6.0
1777034730.0,5.940577874911874,1.2311725742951698,20968108032.0,0.0,0.4754015408998242,0.0,7.0
1777034760.0,7.999666699996667,1.6893534182415617,20852953088.0,0.0,0.4796847382186845,0.0,8.0
1777034790.0,8.167010034336768,1.4546026998207464,20847759360.0,0.0,0.4678390212638773,0.0,9.0
1777034820.0,8.066666666666666,1.6966580458289724,20847300608.0,0.0,0.4667105219282164,0.0,9.0
1777034850.0,8.3,1.4715772070211095,20847669248.0,0.0,0.4646429166607149,0.0,9.0
1777034880.0,7.800000000000001,1.6980979036097688,19216519168.0,0.0,0.4748776224599937,0.0,9.0
1777034910.0,8.066666666666666,1.7091615283915995,17595736064.0,0.0,0.4648874016056231,0.0,9.0
1777034940.0,7.866666666666666,1.7045191576630137,14440747008.0,0.0,0.477305966771993,0.0,9.0
1777034970.0,8.666666666666668,1.4325275149481107,14441775104.0,0.0,0.4603091064833783,0.0,9.0
1777035000.0,7.333333333333334,0.7061393854401606,15169712128.0,0.0,0.5887282151000444,0.0,9.0
1777035030.0,3.032221518776449,1.0827785518076345,16522661888.0,0.0,0.4929131244952013,0.0,9.0
1777035060.0,2.410598179453836,1.430254708611271,17789833216.0,0.0,1.6599028861225191,0.0,7.0
1777035090.0,7.696562689852348,1.7109027548186548,17772146688.0,0.0,0.4735162935008441,0.0,9.0
1777035120.0,7.701462915232979,1.709075335824099,17769050112.0,0.0,0.4727916180819351,0.0,9.0
1777035150.0,8.165127397493123,1.7273410674814411,17762021376.0,0.0,0.4735064668899635,0.0,9.0
1777035180.0,8.100000000000001,1.7242122936911186,17750773760.0,0.0,0.4651784693792509,0.0,9.0
1777035210.0,8.635138609806965,1.4613708710172546,17749897216.0,0.0,0.4606065739555671,0.0,9.0
1777035240.0,7.699564502510777,1.6933097076234012,17750032384.0,0.0,0.4748877944234859,0.0,9.0
1777035270.0,8.266720224016364,1.4968156902309044,16122150912.0,0.0,0.4667020114605861,0.0,9.0
1777035300.0,4.266928923856514,0.3421425171256619,14500945920.0,0.0,0.4457354600029745,0.0,9.0
1777035330.0,0.0,0.0221617466323034,14505988096.0,0.0,0.0,0.0,9.0
1777035360.0,0.0,0.3626330068940409,16107737088.0,0.0,0.0,0.0,8.0
1777035390.0,0.0,0.2779965346304091,18661613568.0,0.0,0.0,0.0,7.0
1777035420.0,0.0,1.3621661425749183,20036247552.0,0.0,0.0,0.0,6.0
1777035450.0,4.73407037692713,1.804740110056148,20912517120.0,0.0,0.4919831297175511,0.0,8.0
1777035480.0,8.733333333333333,1.7172096004440114,20900978688.0,0.0,0.4421757273416505,0.0,9.0
1777035510.0,7.933333333333334,1.722187800608356,20897427456.0,0.0,0.4764773711141634,0.0,9.0
1777035540.0,7.7666666666666675,1.6785463156510854,20895686656.0,0.0,0.4768937076732368,0.0,9.0
1777035570.0,7.966666666666667,1.7006773449518189,20864782336.0,0.0,0.4811868937903736,0.0,9.0
1777035600.0,7.800000000000001,1.708542243086289,20864946176.0,0.0,0.489805893992046,0.0,9.0
1777035630.0,8.033333333333333,1.7308847214722611,17603629056.0,0.0,0.4762495998866328,0.0,9.0
1777035660.0,8.6,1.7240673176007932,16027615232.0,0.0,0.4562507666489283,0.0,9.0
1777035690.0,7.4,1.4034927242994486,14451466240.0,0.0,0.4890621992222469,0.0,9.0
1777035720.0,7.2333333333333325,0.7233179370172603,14327468032.0,0.0,0.4859515742373818,0.0,9.0
1777035750.0,3.1333333333333333,1.4674754366658784,16024690688.0,0.0,0.5874865797092037,0.0,8.0
1777035780.0,4.566666666666666,1.5998658014652825,16026423296.0,0.0,0.4713783111766217,0.0,8.0
1777035810.0,8.6,1.7406617356187275,16027787264.0,0.0,0.4591190049095606,0.0,9.0
1777035840.0,7.833333333333334,1.7182815541769476,16027623424.0,0.0,0.4779761704887522,0.0,9.0
1777035870.0,8.366163383661634,1.41555905196433,16028573696.0,0.0,0.460935845814749,0.0,9.0
1777035900.0,8.133806714004734,1.717107770732533,16029159424.0,0.0,0.4688849157689139,0.0,9.0
1777035930.0,8.333333333333334,1.7255750513115176,16028758016.0,0.0,0.4644130483813493,0.0,9.0
1777035960.0,8.966666666666667,1.743748052944158,16029237248.0,0.0,0.4501560572730887,0.0,9.0
1777035990.0,8.4,1.2580267274545935,14401974272.0,0.0,0.4693059582332104,0.0,9.0
1777036020.0,3.9333333333333336,0.3558397298654723,14402109440.0,0.0,0.4111096756990277,0.0,9.0
1777036050.0,0.0,0.0184612889636556,14938566656.0,0.0,0.0,0.0,9.0
1777036080.0,0.0,0.4196032242086553,16150441984.0,0.0,0.0,0.0,8.0
1777036110.0,0.0,0.3638587269801714,20510654464.0,0.0,0.0,0.0,6.0
1777036140.0,0.0,1.1704818521362106,22409043968.0,0.0,0.0,0.0,7.0
1777036170.0,3.063878888888889,1.7068735785591826,22405742592.0,0.0,0.56857844789848,0.0,8.0
1777036200.0,7.6662400426624,1.7166541292415751,22404026368.0,0.0,0.4860766192682978,0.0,9.0
1777036230.0,8.033793379337933,1.7079535979499996,22402215936.0,0.0,0.4679780364212288,0.0,9.0
1777036260.0,7.6,1.7058082490191395,22402060288.0,0.0,0.4927696771594275,0.0,9.0
1777036290.0,7.799768904295268,1.494276494335031,22401630208.0,0.0,0.475952946083779,0.0,9.0
1777036320.0,8.13357112696402,1.7211557660993453,20769894400.0,0.0,0.4725757429541598,0.0,9.0
1777036350.0,8.166666666666668,0.7765333564817326,19151917056.0,0.0,0.4714459966952538,0.0,9.0
1777036380.0,8.766666666666666,1.7035643198769257,16000733184.0,0.0,0.4548852823293741,0.0,9.0
1777036410.0,8.0,1.7181549871415602,14449115136.0,0.0,0.4723302220577531,0.0,9.0
1777036440.0,8.266666666666666,1.691822711309466,14452035584.0,0.0,0.4704204617599939,0.0,9.0
1777036470.0,7.4,1.86142324500041,16086073344.0,0.0,0.4949547396893176,0.0,8.0
1777036500.0,8.366186714661868,1.473017540291847,16085909504.0,0.0,0.4714217439587828,0.0,8.0
1777036530.0,8.133803380338033,1.6867722945176855,16085069824.0,0.0,0.4787189104892753,0.0,9.0
1777036560.0,6.433333333333334,1.3522388592401513,16085090304.0,0.0,0.6100010827224751,0.0,9.0
1777036590.0,6.666666666666666,1.7007024909023851,16086093824.0,0.0,0.6074995187922705,0.0,9.0
1777036620.0,7.699999999999999,1.5595572369404105,16086106112.0,0.0,0.4842780924896652,0.0,9.0
1777036650.0,8.466336699663367,1.698947940693977,16086372352.0,0.0,0.4571036554928138,0.0,9.0
1777036680.0,7.765430215626708,1.7241736864193418,16086257664.0,0.0,0.4735827177170777,0.0,9.0
1777039980.0,0.0,0.0053356264799376,3151073280.0,0.0,0.0,0.0,2.0
1777040010.0,0.0,0.0052302681836782,3151085568.0,0.0,0.0,0.0,2.0
1777040040.0,0.0,0.0049139371670604,3151085568.0,0.0,0.0,0.0,2.0
1777040070.0,0.0,0.0055468817781491,3151065088.0,0.0,0.0,0.0,2.0
1777040100.0,0.0,0.0047509362905224,3151097856.0,0.0,0.0,0.0,2.0
1777040130.0,0.0,0.0051564574850695,3151093760.0,0.0,0.0,0.0,2.0
1777040160.0,0.0,0.0052916702709905,3151101952.0,0.0,0.0,0.0,2.0
1777040190.0,0.0,0.0053150504877078,3151097856.0,0.0,0.0,0.0,2.0
1777040220.0,0.0,0.0054570882791576,3151097856.0,0.0,0.0,0.0,2.0
1777040250.0,0.0,0.0052283993143544,3151118336.0,0.0,0.0,0.0,2.0
1777040280.0,0.0,0.0048282670141003,3151126528.0,0.0,0.0,0.0,2.0
1777040310.0,0.0,0.866637992206325,3251961856.0,0.0,0.0,0.0,2.0
1777040340.0,0.0,1.5497694343496362,7065522176.0,0.0,0.0,0.0,2.0
1777040370.0,4.066666666666666,0.9692217647156084,13387177984.0,0.0,0.7633879765158512,0.0,2.0
1777040400.0,6.199999999999999,1.4158797122425364,13391544320.0,0.0,0.8371390363883846,0.0,2.0
1777040430.0,7.633437781259376,0.7450246331731284,14721392640.0,0.0,0.4827183343076711,0.0,4.0
1777040460.0,2.099930002333255,0.8671233998893834,16059564032.0,0.0,0.6636233207749642,0.0,7.0
1777040490.0,8.078448333333332,1.1322352884104745,16402534400.0,0.0,0.4601515886049745,0.0,8.0
1777040520.0,7.966666666666667,1.6859477106914378,16403714048.0,0.0,0.4747555835185947,0.0,9.0
1777040550.0,7.933491116370546,1.5921491089688642,16404570112.0,0.0,0.4695374276231721,0.0,9.0
1777040580.0,7.7333333333333325,1.474697502498587,16404553728.0,0.0,0.4744272971047732,0.0,9.0
1777040610.0,7.765388160281361,1.6864349525669553,16403517440.0,0.0,0.4761821316625502,0.0,9.0
1777040640.0,7.901189285317328,1.4468037148734048,16397606912.0,0.0,0.4834589867186223,0.0,9.0
1777040670.0,8.03109038418832,1.7089910229215068,16398434304.0,0.0,0.4667633510234761,0.0,9.0
1777040700.0,7.300013674456454,1.3556247551339653,14769623040.0,0.0,0.5097751387428173,0.0,9.0
1777040730.0,7.702477539553641,0.5150956013350393,14338969600.0,0.0,0.4777219610855573,0.0,9.0
1777040760.0,7.199733351109926,1.367072314413527,14334095360.0,0.0,0.4826173475930895,0.0,9.0
1777040790.0,5.732550178698494,1.3340514872647555,14897242112.0,0.0,0.4993141964730652,0.0,9.0
1777040820.0,2.474500123426315,1.2850776768248269,16141033472.0,0.0,0.4830356111976757,0.0,8.0
1777040850.0,7.880271666666666,1.6993496667043444,16119091200.0,0.0,0.4677575407382275,0.0,9.0
1777040880.0,7.398644896145729,1.4392260322225137,16116551680.0,0.0,0.4861330876931236,0.0,9.0
1777040910.0,4.367678114927198,0.6071191208720272,16112766976.0,0.0,0.4835566915811102,0.0,9.0
1777040940.0,0.0,0.0215295721808487,16112295936.0,0.0,0.0,0.0,9.0
1777040970.0,0.0,0.0196603980291652,16109309952.0,0.0,0.0,0.0,9.0
1777041000.0,0.0,0.0194146441299007,16109395968.0,0.0,0.0,0.0,9.0
1777041030.0,1.9660113295568145,0.6837743835695723,16129966080.0,0.0,0.4703120107688517,0.0,9.0
1777041060.0,6.935262577896336,1.6588653648093432,14499184640.0,0.0,0.4722935351667523,0.0,9.0
1777041090.0,8.2,1.6491380674166314,14389661696.0,0.0,0.4657256495888504,0.0,9.0
1777041120.0,2.6,0.9186513260254864,16350814208.0,0.0,0.4787536936920828,0.0,8.0
1777041150.0,2.0245977777777777,1.95312533211024,18692714496.0,0.0,0.4699018114402628,0.0,6.0
1777041180.0,8.351706685551385,2.16058365614648,19431157760.0,0.0,0.4001116865251156,0.0,7.0
1777041210.0,9.1,1.8996291407905657,19425763328.0,0.0,0.4171067404320986,0.0,9.0
1777041240.0,8.73126755084612,2.083561468053451,19425058816.0,0.0,0.4299535397159759,0.0,9.0
1777041270.0,9.067766109112014,1.8675628825775783,19425255424.0,0.0,0.3977624426226102,0.0,9.0
1777041300.0,9.167150425097724,2.115427156041556,19424530432.0,0.0,0.407388065551772,0.0,9.0
1777041330.0,9.066166989926137,1.883645966576717,19420975104.0,0.0,0.4199980486132902,0.0,9.0
1777041360.0,9.301018501045204,2.120064700154961,19421691904.0,0.0,0.3885214992344759,0.0,9.0
1777041390.0,8.633720051562431,2.0651416045155573,16124858368.0,0.0,0.4421368832011995,0.0,9.0
1777041420.0,8.831158996651276,2.084820848828159,14506106880.0,0.0,0.4318970973210415,0.0,9.0
1777041450.0,3.033333333333333,0.6034338880666305,14961975296.0,0.0,0.3925040198000111,0.0,0.0
1777041480.0,0.0,,14899318784.0,0.0,0.0,0.0,0.0
1777041510.0,0.0,,14899318784.0,0.0,0.0,0.0,0.0
1777041540.0,0.0,,14899318784.0,0.0,0.0,0.0,0.0
1777041570.0,0.0,,14899318784.0,0.0,0.0,0.0,0.0
1777041600.0,0.0,0.0,14899318784.0,0.0,0.0,0.0,0.0
1777041630.0,0.0,0.0,14899318784.0,0.0,0.0,0.0,0.0
1777041660.0,0.0,0.0,14899318784.0,0.0,0.0,0.0,0.0
1777041690.0,0.0,0.0,14899318784.0,0.0,0.0,0.0,0.0
1777041720.0,0.0,0.0,13268213760.0,0.0,0.0,0.0,0.0
1777041750.0,0.0,0.0,3194728448.0,0.0,0.0,0.0,0.0
1777041780.0,0.0,0.0,6687326208.0,0.0,0.0,0.0,0.0
1777041810.0,0.0,0.0,0.0,0.0,0.0,0.0,0.0
1777041840.0,0.0,0.0,13672521728.0,0.0,0.0,0.0,8.0
1777041870.0,7.766128967542812,2.0197488544867865,16141406208.0,0.0,0.4720595918760856,0.0,7.0
1777041900.0,8.99900915917907,2.095439297055481,16140161024.0,0.0,0.4332219138758288,0.0,8.0
1777041930.0,9.83506706254774,2.136384417827901,16137216000.0,0.0,0.2493367438309809,0.0,9.0
1777041960.0,9.83278897961451,2.1566417989189715,16138539008.0,0.0,0.284371729285398,0.0,9.0
1777041990.0,9.566552442692547,2.144212772604099,16139538432.0,0.0,0.3645157443393481,0.0,9.0
1777042020.0,9.566882404610505,2.1515872796999216,16139550720.0,0.0,0.3761047049265847,0.0,9.0
1777042050.0,9.464965012528516,2.113597353005813,16139390976.0,0.0,0.3738610338409687,0.0,9.0
1777042080.0,9.468760723814732,2.117635139553847,16139907072.0,0.0,0.3901351657362508,0.0,9.0
1777042110.0,9.166257832289029,2.1144765589425836,16140267520.0,0.0,0.3961505299255445,0.0,9.0
1777042140.0,9.733234490627432,2.0949994516671673,14563446784.0,0.0,0.3290007373098467,0.0,9.0
1777042170.0,8.56657111429619,2.06836649860682,14988189696.0,0.0,0.4499999276763523,0.0,8.0
1777042200.0,9.364891699266524,2.1986672650796337,16088309760.0,0.0,0.3710944474995802,0.0,8.0
1777042230.0,9.335601972818475,1.8928175263387697,16087093248.0,0.0,0.3869654807010847,0.0,9.0
1777042260.0,9.69892029457927,1.92598052770516,16087257088.0,0.0,0.305678139121224,0.0,9.0
1777042290.0,9.734511413717025,2.1301327213657,16086614016.0,0.0,0.3365409528220535,0.0,9.0
1777042320.0,9.36470457599076,2.1238381013916556,16077950976.0,0.0,0.4077789107466315,0.0,9.0
1777042350.0,6.034706425180392,2.041415308830609,16077864960.0,0.0,0.3091529708126728,0.0,9.0
1777042380.0,0.0,0.0233610959371868,16077668352.0,0.0,0.0,0.0,9.0
1777042410.0,0.0,0.0223700386320984,16077664256.0,0.0,0.0,0.0,9.0
1777042440.0,0.0,0.0169926553282845,14436110336.0,0.0,0.0,0.0,9.0
1777042470.0,2.533301112185149,0.2194361966960411,14439055360.0,0.0,0.4628576683364616,0.0,9.0
1777042500.0,4.432003732213669,0.8516814023133105,16084983808.0,0.0,0.4879661799236718,0.0,8.0
1777042530.0,7.516193655633975,1.3032076687524592,16085049344.0,0.0,0.4753329207159822,0.0,8.0
1777042560.0,6.767043371003767,0.4055513945876864,16085069824.0,0.0,0.5392301667005902,0.0,9.0
1777042590.0,7.0995822779185005,0.9848294650541786,16084926464.0,0.0,0.4904495575454654,0.0,9.0
1777042620.0,7.767120060452504,1.6894149485969352,16085082112.0,0.0,0.4794980483992557,0.0,9.0
1777042650.0,7.766666666666666,1.711640030781824,16084635648.0,0.0,0.474421315578061,0.0,9.0
1777042680.0,8.0,1.6892656282635674,16085540864.0,0.0,0.4825797739215424,0.0,9.0
1777042710.0,7.033124458369442,1.6536626139972883,16085393408.0,0.0,0.4931086375027498,0.0,9.0
1777042740.0,6.83323444774063,1.6575012886384952,16085413888.0,0.0,0.5038479553956762,0.0,9.0
1777042770.0,7.833653365336533,1.6501524584613347,14461263872.0,0.0,0.474188439313959,0.0,9.0
1777042800.0,7.62901022753773,1.6139954834853718,14461718528.0,0.0,0.4789700311534255,0.0,9.0
1777042830.0,0.0,0.7962297750782623,16610263040.0,0.0,0.0,0.0,8.0
1777042860.0,0.0,1.2138346728489129,18376261632.0,0.0,0.0,0.0,6.0
1777042890.0,8.300660091791862,1.8961421725347507,19403067392.0,0.0,0.4566173244654855,0.0,8.0
1777042920.0,8.632947900692196,1.3742248939614377,19403337728.0,0.0,0.4321355368740293,0.0,9.0
1777042950.0,8.19928246822352,2.021508699834211,19402874880.0,0.0,0.4518074765274718,0.0,9.0
1777042980.0,8.46589017842076,1.8611840097913,19402936320.0,0.0,0.442911569200961,0.0,9.0
1777043010.0,8.968447735307851,1.8414141133139292,19402674176.0,0.0,0.4177083335869479,0.0,9.0
1777043040.0,8.866902337937567,1.2056759461218447,19403321344.0,0.0,0.4290157510089496,0.0,9.0
1777043070.0,7.5003100310030995,1.8301689396337528,19403767808.0,0.0,0.386665605477735,0.0,9.0
1777043100.0,0.0,0.0894763551671898,14523650048.0,0.0,0.0,0.0,9.0
1777043130.0,0.0,0.0199995034293935,14523301888.0,0.0,0.0,0.0,9.0
1777043160.0,0.0,0.1332161796386601,15519543296.0,0.0,0.0,0.0,8.0
1777043190.0,0.0,0.5935579310990463,16477675520.0,0.0,0.0,0.0,7.0
1777043220.0,5.291438888888889,1.8102319615869915,18949898240.0,0.0,0.6057231547155952,0.0,7.0
1777043250.0,8.364597214181298,0.9720398774713732,18941251584.0,0.0,0.4583188408732098,0.0,9.0
1777043280.0,7.2017293358258065,1.0018144209077973,18939621376.0,0.0,0.4967169075070412,0.0,9.0
1777043310.0,7.166666666666666,1.6804534544484853,18938265600.0,0.0,0.4924278001815091,0.0,9.0
1777043340.0,7.300000000000001,1.670660075079912,18939072512.0,0.0,0.4942656840749647,0.0,9.0
1777043370.0,7.6,1.4357055420272633,18939289600.0,0.0,0.4779282206301554,0.0,9.0
1777043400.0,7.299183442761318,1.672152234563086,18939461632.0,0.0,0.4936230856060387,0.0,9.0
1777043430.0,7.967557897203148,1.5207554201333993,17308348416.0,0.0,0.4768554934253863,0.0,9.0
1777043460.0,7.866666666666667,0.9888311593618008,14531538944.0,0.0,0.491184131539468,0.0,9.0
1777043490.0,7.766666666666667,1.7344620519133418,14469156864.0,0.0,0.4806492827269358,0.0,9.0
1777043520.0,7.466666666666667,1.628380735219176,16088973312.0,0.0,0.5276778567499871,0.0,8.0
1777043550.0,8.5,1.6847547846020292,16092758016.0,0.0,0.4640459837206694,0.0,8.0
1777043580.0,7.966666666666667,1.4287181863092342,16092917760.0,0.0,0.4753726264170234,0.0,9.0
1777043610.0,7.933333333333334,0.9997062643380632,16093102080.0,0.0,0.4867501914936871,0.0,9.0
1777043640.0,7.394676920003994,1.4308126082706645,16092909568.0,0.0,0.4892147560210254,0.0,9.0
1777043670.0,7.73884383031274,1.6952984980165116,16092737536.0,0.0,0.4821629308422511,0.0,9.0
1777043700.0,7.433333333333333,1.717222274680347,16093560832.0,0.0,0.4955740958201382,0.0,9.0
1777043730.0,7.866666666666667,1.3382412503897358,16093982720.0,0.0,0.4776693640446716,0.0,9.0
1777043760.0,7.399455646281175,1.4644360966560002,16094081024.0,0.0,0.4824556604700867,0.0,9.0
1777043790.0,5.767061176862811,1.548821804082094,14422970368.0,0.0,0.4800966386620658,0.0,9.0
1777043820.0,0.0,0.0189452332638627,14955933696.0,0.0,0.0,0.0,8.0
1777043850.0,0.0,0.4350473631747246,17628954624.0,0.0,0.0,0.0,7.0
1777043880.0,0.0,0.3677266366003132,20212551680.0,0.0,0.0,0.0,7.0
1777043910.0,0.0,0.0990587990038034,21031444480.0,0.0,0.0,0.0,8.0
1777043940.0,2.6981011111111113,1.3162222700099349,21095497728.0,0.0,0.4839664482239447,0.0,9.0
1777043970.0,7.833333333333333,1.7146790216445886,21096189952.0,0.0,0.4746249665758134,0.0,9.0
1777044000.0,8.49982667244425,1.5063356983427254,21071589376.0,0.0,0.4539148681919772,0.0,9.0
1777044030.0,7.59904904115726,1.690071812244058,21058945024.0,0.0,0.485785754506784,0.0,9.0
1777044060.0,7.700521249322806,1.7019871725740612,21058813952.0,0.0,0.4848976451806593,0.0,9.0
1777044090.0,7.732385241601214,1.7158873102606071,19432591360.0,0.0,0.4770487882836516,0.0,9.0
1777044120.0,7.568160697214255,1.6936326369609875,16188538880.0,0.0,0.4850958678083016,0.0,9.0
1777044150.0,7.698749100555395,1.7211427698778003,14492430336.0,0.0,0.4739321002952232,0.0,9.0
1777044180.0,1.667000066680003,1.262396306344871,15400820736.0,0.0,1.368928858931553,0.0,7.0
1777044210.0,4.3,1.9973073529934615,17782632448.0,0.0,0.4939403677713512,0.0,8.0
1777044240.0,8.265775759145315,1.2208106258167686,17776906240.0,0.0,0.465384937370791,0.0,9.0
1777044270.0,7.868129162866523,0.7287561613552528,17774682112.0,0.0,0.4772376217236445,0.0,9.0
1777044300.0,7.533333333333333,1.6524399816349626,17774829568.0,0.0,0.4766163325935078,0.0,9.0
1777044330.0,7.966666666666667,1.3944399040679305,17773826048.0,0.0,0.4675973340018119,0.0,9.0
1777044360.0,8.798900329901029,0.978121423326352,17773162496.0,0.0,0.4547459364796581,0.0,9.0
1777044390.0,8.367609140215169,1.7250582363414084,17767739392.0,0.0,0.4579775780112851,0.0,9.0
1777044420.0,8.3,1.6906355358927034,17767530496.0,0.0,0.4666670923673283,0.0,9.0
1777044450.0,7.6003400340034,1.694156684909327,14487539712.0,0.0,0.4860560229062854,0.0,9.0
1777044480.0,7.128221512247071,1.6900682088591568,14465785856.0,0.0,0.5459479406786876,0.0,9.0
1777044510.0,4.670772825905525,1.1009435672303185,16341929984.0,0.0,0.4763607816463453,0.0,7.0
1777044540.0,0.0,0.5632637348987029,19837390848.0,0.0,0.0,0.0,7.0
1777044570.0,0.0,0.1485646713419914,20388843520.0,0.0,0.0,0.0,7.0
1777044600.0,0.0,0.36379249140662,23236079616.0,0.0,0.0,0.0,7.0
1777044630.0,0.0,0.0622712146262341,23281823744.0,0.0,0.0,0.0,9.0
1777044660.0,2.3463166666666666,1.3401068239965168,23359438848.0,0.0,0.4330366716876009,0.0,9.0
1777044690.0,9.167276973746391,2.1145172355210424,23362314240.0,0.0,0.4035722576307078,0.0,9.0
1777044720.0,9.300103336777893,1.837059341735115,23360749568.0,0.0,0.3790454012938056,0.0,9.0
1777044750.0,9.432583720440244,1.4354066412841633,23360532480.0,0.0,0.3499992300742539,0.0,9.0
1777044780.0,9.200738093563183,2.11726311760464,18464669696.0,0.0,0.411046937716906,0.0,9.0
1777044810.0,8.99890354873291,2.0999598281619862,18464862208.0,0.0,0.4218113887944846,0.0,9.0
1777044840.0,9.000073801958278,2.1002273988627205,14544027648.0,0.0,0.4230794517848339,0.0,9.0
1777044870.0,5.500091114148249,1.4351510919609929,14957182976.0,0.0,0.4652885473028714,0.0,8.0
1777044900.0,1.8672890963654551,1.5715636951209504,17367580672.0,0.0,0.4710668083471294,0.0,7.0
1777044930.0,9.732799137336093,1.5095807932738907,17740165120.0,0.0,0.3450794674281167,0.0,8.0
1777044960.0,9.332938174017514,2.1249326589111757,17734930432.0,0.0,0.4157484171043244,0.0,9.0
1777044990.0,8.966513824356072,1.3750195696695184,17734836224.0,0.0,0.4238024548977458,0.0,9.0
1777045020.0,9.16809488722834,1.3768163285250563,17734901760.0,0.0,0.4216329959887962,0.0,9.0
1777045050.0,9.565084026159688,2.1279549795571264,17735815168.0,0.0,0.3389421463553563,0.0,9.0
1777045080.0,9.401242911277253,2.120676124507628,17736728576.0,0.0,0.3984813658053237,0.0,9.0
1777045110.0,9.266973350519557,1.206357723684876,17736245248.0,0.0,0.3898650298996563,0.0,9.0
1777045140.0,9.16545381847261,1.4260175381649536,16109887488.0,0.0,0.400606588910098,0.0,9.0
1777045170.0,8.967840469521141,2.1072472854218485,14492549120.0,0.0,0.425237495859058,0.0,9.0
1777045200.0,4.470095356557206,1.3932951738683663,14864408576.0,0.0,0.4872896234740199,0.0,9.0
1777045230.0,3.9394581291428703,1.8295435571683072,17809002496.0,0.0,0.4753628748163942,0.0,7.0
1777045260.0,0.6001800540162048,0.164897167926407,17703010304.0,0.0,0.3704773361805554,0.0,8.0
1777045290.0,0.0,0.0162018432884985,17698967552.0,0.0,0.0,0.0,9.0
1777045320.0,0.0,0.0224256889805096,17698775040.0,0.0,0.0,0.0,9.0
1777045350.0,1.1332200113322002,0.2749515634667567,17733136384.0,0.0,0.3479251712654395,0.0,9.0
1777045380.0,7.337512669952599,1.5835713196309582,17724477440.0,0.0,0.4410065425121432,0.0,9.0
1777045410.0,8.934935976495671,1.3633554513475223,17722818560.0,0.0,0.4348677431891713,0.0,9.0
1777045440.0,8.63170603189368,2.0558153015233933,17723121664.0,0.0,0.4377009590426175,0.0,9.0
1777045470.0,8.900860258077422,2.074976134446052,16090685440.0,0.0,0.4352471763010674,0.0,9.0
1777045500.0,9.13314710840196,2.108393374007218,14515712000.0,0.0,0.4344827074576523,0.0,9.0
1777045530.0,4.480211815393758,1.3181063454426962,14945775616.0,0.0,0.7378773378608747,0.0,8.0
1777045560.0,2.5666666666666664,1.0051854945323826,16676651008.0,0.0,0.484905791988734,0.0,7.0
1777045590.0,1.5998355725908102,0.5031877505026413,19410370560.0,0.0,1.5687976784841264,0.0,6.0
1777045620.0,7.332918042537392,1.787459155833636,20466880512.0,0.0,0.519701272535399,0.0,8.0
1777045650.0,7.733662541091258,1.4344615228237954,20962787328.0,0.0,0.4789289347715774,0.0,8.0
1777045680.0,8.13371120860245,0.7132707095442014,20960772096.0,0.0,0.4700228997432688,0.0,9.0
1777045710.0,7.567353470694139,1.7129463625772632,20937064448.0,0.0,0.4836140581660091,0.0,9.0
1777045740.0,7.4,1.7088319717105245,20937502720.0,0.0,0.4846062962661983,0.0,9.0
1777045770.0,7.7,1.6654831758642452,20937244672.0,0.0,0.4737939948149562,0.0,9.0
1777045800.0,7.766666666666666,1.3857699120869416,19306704896.0,0.0,0.4778843749198451,0.0,9.0
1777045830.0,7.265749102987081,1.698827007043336,17687576576.0,0.0,0.4922860977896407,0.0,9.0
1777045860.0,8.601221396103535,1.7013425230105097,14429483008.0,0.0,0.45891357678231,0.0,9.0
1777045890.0,8.1,1.4513991153938286,14427738112.0,0.0,0.4786877804600837,0.0,9.0
1777045920.0,2.8333333333333335,1.168245714817183,16598052864.0,0.0,0.4883648182463808,0.0,8.0
1777045950.0,4.005486829925103,1.1535948605022943,18319335424.0,0.0,0.4765181782358987,0.0,7.0
1777045980.0,0.7666666666666666,0.7049156406360733,19331571712.0,0.0,0.4096325231481481,0.0,8.0
1777046010.0,0.0,0.0217388177844138,19328057344.0,0.0,0.0,0.0,9.0
1777046040.0,0.0,0.0235170422568682,19327492096.0,0.0,0.0,0.0,9.0
1777046070.0,0.0,0.059250492714451,19345260544.0,0.0,0.0,0.0,9.0
1777046100.0,4.642266876180949,1.5632866007682809,19413364736.0,0.0,0.3978760108293289,0.0,9.0
1777046130.0,9.398547064767683,2.1487820327808818,19415465984.0,0.0,0.3968710939780782,0.0,9.0
1777046160.0,9.600396039498335,1.9003610368543573,17787236352.0,0.0,0.3430633456927121,0.0,9.0
1777046190.0,8.933940121357605,2.1030848118361334,16167174144.0,0.0,0.4041637259460443,0.0,9.0
1777046220.0,8.96637676269088,1.8694827561488456,14559883264.0,0.0,0.4166652141594752,0.0,9.0
1777046250.0,1.798800799467022,1.3743174841839347,14976372736.0,0.0,0.6812412527102172,0.0,7.0
1777046280.0,6.164184816243298,1.6898399054881728,18073075712.0,0.0,0.4723122769304312,0.0,6.0
1777046310.0,9.23404695652635,2.1185508359297396,19465859072.0,0.0,0.4026070166192819,0.0,8.0
1777046340.0,9.198258177457356,2.1056960136044234,19453042688.0,0.0,0.4032823260983955,0.0,9.0
1777046370.0,9.466875569482411,1.8475906877197388,19448102912.0,0.0,0.3775739318791073,0.0,9.0
1777046400.0,9.435120522601585,1.4304936009698106,19444719616.0,0.0,0.3898040913325146,0.0,9.0
1777046430.0,9.165959053998511,2.095367374329751,19443265536.0,0.0,0.40121712011893,0.0,9.0
1777046460.0,9.266169403334352,1.832268489206205,19443953664.0,0.0,0.3921028237776419,0.0,9.0
1777046490.0,8.333329131237472,2.0563608273677296,19441053696.0,0.0,0.4508213643911712,0.0,9.0
1777046520.0,9.100300216697676,2.0856054895397613,16191832064.0,0.0,0.4140959776471186,0.0,9.0
1777046550.0,8.867349166152419,2.0770488643920855,14521294848.0,0.0,0.4196436754240852,0.0,9.0
1777046580.0,2.9654250639538624,1.224296107812335,14903123968.0,0.0,0.7117489568155173,0.0,0.0
1777046610.0,0.0,,14903123968.0,0.0,0.0,0.0,0.0
1777046640.0,0.0,,14903123968.0,0.0,0.0,0.0,0.0
1777046670.0,0.0,,14903123968.0,0.0,0.0,0.0,0.0
1777046700.0,0.0,0.0,14903123968.0,0.0,0.0,0.0,0.0
1777046730.0,0.0,0.0,14903123968.0,0.0,0.0,0.0,0.0
1777046760.0,0.0,0.0,14903123968.0,0.0,0.0,0.0,0.0
1777046790.0,0.0,0.0,14903123968.0,0.0,0.0,0.0,0.0
1777046820.0,0.0,0.0,14903123968.0,0.0,0.0,0.0,0.0
1777046850.0,0.0,0.0,13274288128.0,0.0,0.0,0.0,0.0
1777046880.0,0.0,0.0,0.0,0.0,0.0,0.0,0.0
1777046910.0,0.0,0.0,0.0,0.0,0.0,0.0,0.0
1777046940.0,0.0,0.0,0.0,0.0,0.0,0.0,0.0
1777046970.0,0.0,0.0,13741772800.0,0.0,0.0,0.0,0.0
1777047000.0,3.8657769335865906,1.3838042566404336,16129945600.0,0.0,0.8725493384587397,0.0,7.0
1777047030.0,7.4672612102017,1.723700859227935,16122941440.0,0.0,0.5664785386880324,0.0,8.0
1777047060.0,8.265806765173128,1.7326073826795363,16122146816.0,0.0,0.4731241255524334,0.0,9.0
1777047090.0,8.266580226204836,1.3340261669949904,16121692160.0,0.0,0.464925159921106,0.0,9.0
1777047120.0,7.894656947608194,1.7311390206598591,16122368000.0,0.0,0.4732133733382702,0.0,9.0
1777047150.0,8.73897743500636,1.7155269946638687,16123129856.0,0.0,0.4536581458372511,0.0,9.0
1777047180.0,8.534231350582377,1.673418671436528,16123117568.0,0.0,0.4598382164056213,0.0,9.0
1777047210.0,7.460917016037799,1.6907181255033896,16123039744.0,0.0,0.4796650277033853,0.0,9.0
1777047240.0,7.203284047231842,1.691736503741754,16123506688.0,0.0,0.4887034769358909,0.0,9.0
1777047270.0,7.096241916643772,1.6544108592708855,14536331264.0,0.0,0.4946945013858144,0.0,9.0
1777047300.0,6.13589547636372,0.8891944395746717,16277676032.0,0.0,0.6158508901121813,0.0,8.0
1777047330.0,5.2647582908305095,2.0870256594720065,16262672384.0,0.0,0.3826882394269723,0.0,8.0
1777047360.0,9.431539412990684,2.1722752132579255,16255307776.0,0.0,0.3662961106750717,0.0,9.0
1777047390.0,6.634662740501618,1.3645916233186552,16219500544.0,0.0,0.3879526576044462,0.0,9.0
1777047420.0,1.4333333333333331,0.0223982311862999,16219320320.0,0.0,0.3749954609032584,0.0,9.0
1777047450.0,0.0,0.0221084743804122,16219197440.0,0.0,0.0,0.0,9.0
1777047480.0,0.0,0.0229195203649333,16219070464.0,0.0,0.0,0.0,9.0
1777047510.0,0.0,0.4373261418989916,16276594688.0,0.0,0.0,0.0,9.0
1777047540.0,3.8627936148483633,2.151282614088263,16276570112.0,0.0,0.3566210309173089,0.0,9.0
1777047570.0,9.469890682558704,1.7235952298666983,14647963648.0,0.0,0.3833237301793422,0.0,9.0
1777047600.0,6.466666666666667,2.1562259930486394,15080751104.0,0.0,0.3359382810937811,0.0,9.0
1777047630.0,4.514723236624137,1.6675015220182676,17300078592.0,0.0,0.6583156624239755,0.0,7.0
1777047660.0,8.009001488577658,1.7666779672827653,17823465472.0,0.0,0.4723810662564115,0.0,8.0
1777047690.0,7.665557018089822,1.2411989495999485,17823068160.0,0.0,0.4626500536057928,0.0,9.0
1777047720.0,8.102037549604828,1.7168385705872025,17821106176.0,0.0,0.4611333182145212,0.0,9.0
1777047750.0,7.89894246897946,1.6898309319001863,17820999680.0,0.0,0.4715403933135793,0.0,9.0
1777047780.0,8.433152262404125,1.3994397890746288,17821085696.0,0.0,0.4606707970152476,0.0,9.0
1777047810.0,7.900399270883218,1.7004348750048657,17820774400.0,0.0,0.4798871672620615,0.0,9.0
1777047840.0,7.334458079348535,1.7002516440675004,17821863936.0,0.0,0.5274779087019523,0.0,9.0
1777047870.0,7.160100081389153,1.6851586641231957,16192942080.0,0.0,0.4817100996028842,0.0,9.0
1777047900.0,8.006926813976557,1.6955201077447055,14574444544.0,0.0,0.4681860925823469,0.0,9.0
1777047930.0,7.031942803214569,0.7899157342502036,13764218880.0,0.0,0.4956801351991239,0.0,8.0
1777047960.0,5.965559191368717,2.2538415468990984,16676159488.0,0.0,0.4456339348964933,0.0,7.0
1777047990.0,9.134304516097886,1.9247114028924392,16671834112.0,0.0,0.3994697739164085,0.0,8.0
1777048020.0,9.294799857977877,1.8680772974510864,16671248384.0,0.0,0.4136985873215025,0.0,9.0
1777048050.0,9.303820494283512,2.1111896891689192,16670679040.0,0.0,0.3914522351990268,0.0,9.0
1777048080.0,9.533753664303632,2.1203404289269185,16669851648.0,0.0,0.3695364478342023,0.0,9.0
1777048110.0,6.033933424458446,1.3708529371868814,16669868032.0,0.0,0.2769224455770502,0.0,9.0
1777048140.0,0.0,0.0230465425504641,16669335552.0,0.0,0.0,0.0,9.0
1777048170.0,0.0,0.0206224802284198,16668979200.0,0.0,0.0,0.0,9.0
1777048200.0,0.0,0.023054189123898,15042314240.0,0.0,0.0,0.0,9.0
1777048230.0,1.1,0.2157585780938821,14581833728.0,0.0,0.2437936723086402,0.0,9.0
1777048260.0,2.432036247334755,1.6140927177562172,15016136704.0,0.0,0.6161283368128643,0.0,8.0
1777048290.0,5.267431791734065,1.7324250655862534,16041086976.0,0.0,0.7279566397576194,0.0,7.0
1777048320.0,6.133333333333333,1.646060650246156,18376212480.0,0.0,0.6806797721058696,0.0,7.0
1777048350.0,7.633902298084189,1.4476961139405229,18330931200.0,0.0,0.4885257589564272,0.0,9.0
1777048380.0,7.762603036259124,1.649111122231101,18330628096.0,0.0,0.4732762502229972,0.0,9.0
1777048410.0,7.503809494907324,1.6739984986767944,18330841088.0,0.0,0.4813654016290099,0.0,9.0
1777048440.0,7.197639997069253,1.6660585906110252,18330329088.0,0.0,0.4901916660454264,0.0,9.0
1777048470.0,8.102236393252353,1.7129231078191065,18329841664.0,0.0,0.471132074344439,0.0,9.0
1777048500.0,8.232894470035452,1.6856298442460853,18318266368.0,0.0,0.4622248581293308,0.0,9.0
1777048530.0,7.600407801668149,1.620183234627074,16688685056.0,0.0,0.4777907158575937,0.0,9.0
1777048560.0,7.532845637804423,1.5132828583242932,14533394432.0,0.0,0.4763256032861374,0.0,9.0
1777048590.0,7.300226771562076,1.3678867475477687,14529998848.0,0.0,0.4942166837076237,0.0,9.0
1777048620.0,3.998134204038116,1.642090714200973,14975221760.0,0.0,0.7944776621101708,0.0,8.0
1777048650.0,1.6007470152737944,1.8255159378346433,17819066368.0,0.0,0.6740100350162055,0.0,7.0
1777048680.0,8.410040334677824,1.7385275528996258,17739804672.0,0.0,0.4634810732534183,0.0,8.0
1777048710.0,8.666553337110985,1.5441660089850118,17739444224.0,0.0,0.4555090766938084,0.0,9.0
1777048740.0,8.433333333333334,1.7052951576834563,17738637312.0,0.0,0.461994924085843,0.0,9.0
1777048770.0,7.633333333333333,1.7070207504793706,17738547200.0,0.0,0.4838714332982594,0.0,9.0
1777048800.0,8.799999999999999,1.704413009512146,17738588160.0,0.0,0.4506325049719551,0.0,9.0
1777048830.0,6.966182301619537,1.5899937287295445,17738985472.0,0.0,0.479997112296311,0.0,9.0
1777048860.0,3.0004000533404453,0.0216965419229041,17738567680.0,0.0,0.4655012333433339,0.0,9.0
1777048890.0,0.0,0.0204818150807975,17738522624.0,0.0,0.0,0.0,9.0
1777048920.0,0.0,0.0208020585703975,14418427904.0,0.0,0.0,0.0,9.0
1777048950.0,0.6997434274099498,0.9814070520460098,15550111744.0,0.0,1.5407899353080237,0.0,7.0
1777048980.0,4.658951492864815,2.080295461500332,17733263360.0,0.0,0.4526634723060944,0.0,7.0
1777049010.0,8.93502644469666,1.9993036772565824,17731596288.0,0.0,0.4155918804039465,0.0,9.0
1777049040.0,9.200135133003894,1.6599056085418895,17731252224.0,0.0,0.390889949712443,0.0,9.0
1777049070.0,8.934249502023823,1.6929998119263143,17715167232.0,0.0,0.426158616831826,0.0,9.0
1777049100.0,8.799600131532687,1.3979489729955563,17715417088.0,0.0,0.4277781497281497,0.0,9.0
1777049130.0,8.867826898713076,1.849260067313368,17717501952.0,0.0,0.418879964067317,0.0,9.0
1777049160.0,8.465439420695477,1.4991195038455851,17717473280.0,0.0,0.4436588846934047,0.0,9.0
1777049190.0,9.300583804872026,1.8576738888277304,17717698560.0,0.0,0.3821333645452429,0.0,9.0
1777049220.0,9.500855719732591,2.1279632809746145,14505668608.0,0.0,0.3458339600171117,0.0,9.0
1777049250.0,9.032322559146952,2.110116641693757,14506135552.0,0.0,0.4105715781979561,0.0,9.0
1777049280.0,2.832766779977338,1.1081205259114708,14970834944.0,0.0,0.4757747409110585,0.0,8.0
1777049310.0,2.7672201106888044,0.4145065941769965,17413603328.0,0.0,0.6220052044057832,0.0,7.0
1777049340.0,5.2,0.7062911408439901,17752334336.0,0.0,0.6474934952377855,0.0,9.0
1777049370.0,5.1,0.9993043298701708,17746538496.0,0.0,0.6754000364091723,0.0,9.0
1777049400.0,5.3,1.0189366497274297,17746296832.0,0.0,0.6267857936335985,0.0,9.0
1777049430.0,5.3,1.007431339327184,17743945728.0,0.0,0.656249910699404,0.0,9.0
1777049460.0,5.233333333333333,1.0044755141119166,17743085568.0,0.0,0.6432292708298613,0.0,9.0
1777049490.0,5.2,1.0160743791179605,17741914112.0,0.0,0.6541673917958264,0.0,9.0
1777049520.0,5.2,0.614061490927865,17744945152.0,0.0,0.6534989497727199,0.0,7.0
1777049550.0,5.066666666666666,0.9810791125043596,14483214336.0,0.0,0.6833335995235347,0.0,7.0
1777049580.0,3.0666666666666664,0.0859789621706586,14482882560.0,0.0,0.4957848061973512,0.0,7.0
1777049610.0,0.0,0.0174376633326401,14482886656.0,0.0,0.0,0.0,7.0
1777049640.0,0.0,0.0166809474053513,14482833408.0,0.0,0.0,0.0,7.0
1777049670.0,0.0,0.231032248977817,14573391872.0,0.0,0.0,0.0,7.0
1777049700.0,1.8569270989442836,1.8707994127696963,14637404160.0,0.0,0.4432951870316113,0.0,7.0
1777049730.0,5.03198940971774,1.895960580489645,19275280384.0,0.0,0.6500888389157529,0.0,5.0
1777049760.0,4.813692430962295,1.853214438384755,21171621888.0,0.0,0.7445310413322567,0.0,5.0
1777049790.0,7.397674066657044,1.7075166355636189,17794678784.0,0.0,0.4853746449565617,0.0,9.0
1777049820.0,7.735766322872298,1.7190516965155476,17788039168.0,0.0,0.4785370552862953,0.0,9.0
1777049850.0,8.133941176267417,1.2268722454330483,17785397248.0,0.0,0.4676741772954319,0.0,9.0
1777049880.0,8.23267338843966,1.6809764899999369,17781157888.0,0.0,0.4609046560828027,0.0,9.0
1777049910.0,7.900190023890108,1.3708026117919487,17739173888.0,0.0,0.4733985220055098,0.0,9.0
1777049940.0,8.56698118063798,1.6789380839797583,17739673600.0,0.0,0.4600874791328395,0.0,9.0
1777049970.0,7.6,1.7108395738818023,17740333056.0,0.0,0.4871147405299428,0.0,9.0
1777050000.0,8.466034512176705,1.6940898062871323,14487097344.0,0.0,0.4616071790601979,0.0,9.0
1777050030.0,8.100775638676396,1.7043386520155763,14490574848.0,0.0,0.4671391834714319,0.0,9.0
1777050060.0,3.3662178376216505,0.9421800825920696,15063146496.0,0.0,0.2441138004330603,0.0,8.0
1777050090.0,2.7666666666666666,1.2643032142462536,15982596096.0,0.0,0.409089430124344,0.0,8.0
1777050120.0,1.4653270424786378,1.4503127186836726,18016022528.0,0.0,0.6006770742346457,0.0,7.0
1777050150.0,8.049982538199774,2.1990849726979342,19334361088.0,0.0,0.4542286085756657,0.0,8.0
1777050180.0,8.866764447703812,2.062956807613247,19333369856.0,0.0,0.4242685245773308,0.0,9.0
1777050210.0,9.100100003333443,1.21167011808376,19333259264.0,0.0,0.4170946152691459,0.0,9.0
1777050240.0,8.631890556763299,1.8214141453706612,19332743168.0,0.0,0.4351676999426166,0.0,9.0
1777050270.0,9.099505784746372,1.8911114732755103,19335323648.0,0.0,0.4070079742993893,0.0,9.0
1777050300.0,0.7668533840141966,0.1258016258906749,19334680576.0,0.0,0.2329573482355492,0.0,9.0
1777050330.0,0.0,0.0224100922541834,17708720128.0,0.0,0.0,0.0,9.0
1777050360.0,0.0,0.0222755786081151,16086167552.0,0.0,0.0,0.0,9.0
1777050390.0,0.8980840872804684,0.2095652728692832,14553260032.0,0.0,0.4555285555731178,0.0,9.0
1777050420.0,4.455681914632107,1.4554960794002632,15475904512.0,0.0,0.5932253588167917,0.0,8.0
1777050450.0,2.365405117270789,1.156901614273646,17536536576.0,0.0,0.4784321442590243,0.0,6.0
1777050480.0,6.052375992868528,1.788751475133064,19317538816.0,0.0,0.705379718938517,0.0,7.0
1777050510.0,6.9643056664476894,1.3721988341682043,19315568640.0,0.0,0.4909193154225535,0.0,9.0
1777050540.0,6.935792410714633,1.6699392028465745,19315544064.0,0.0,0.4938465499298183,0.0,9.0
1777050570.0,7.865646972574894,1.6860504198931292,19315982336.0,0.0,0.4727197280989408,0.0,9.0
1777050600.0,7.367300126692005,1.2633242103696782,19315834880.0,0.0,0.496408823560711,0.0,9.0
1777050630.0,7.099686697996868,1.669171775281531,19317325824.0,0.0,0.4947124059262947,0.0,9.0
1777050660.0,7.866116758318057,1.6985992924399154,19317276672.0,0.0,0.4743711157555036,0.0,9.0
1777050690.0,7.234001204496448,1.6910317566842472,17693671424.0,0.0,0.4922715836470726,0.0,9.0
1777050720.0,7.8330100323301,1.6590527822573782,14452158464.0,0.0,0.4765764767321475,0.0,9.0
1777050750.0,7.864493301583694,1.6483954196605306,14394617856.0,0.0,0.4712326907026137,0.0,9.0
1777050780.0,0.0,0.602260510226282,14973657088.0,0.0,0.0,0.0,7.0
1777050810.0,0.0,1.6203218162471145,16032899072.0,0.0,0.0,0.0,7.0
1777050840.0,8.066580492612236,1.4579894924361287,17700184064.0,0.0,0.4698669201399001,0.0,9.0
1777050870.0,8.533333333333333,1.4726003011372752,17700843520.0,0.0,0.4584611482779464,0.0,9.0
1777050900.0,8.5,1.7055287018299543,17699696640.0,0.0,0.457887142679622,0.0,9.0
1777050930.0,8.666666666666666,1.4425975820205263,17699590144.0,0.0,0.4527592855887061,0.0,9.0
1777050960.0,7.700448948748722,1.7005865665335405,17699160064.0,0.0,0.481514564125817,0.0,9.0
1777050990.0,7.333872312052009,1.4967861076287732,17699885056.0,0.0,0.4960836315330298,0.0,9.0
1777051020.0,3.2333566674444705,0.0197501737488846,17699516416.0,0.0,0.4890197487312848,0.0,9.0
1777051050.0,0.0,0.0226254802288951,14449725440.0,0.0,0.0,0.0,9.0
1777051080.0,0.0,0.0229557629358661,14393143296.0,0.0,0.0,0.0,9.0
1777051110.0,0.0,0.3218008318965192,16621117440.0,0.0,0.0,0.0,7.0
1777051140.0,0.0,0.8964953742067661,18129956864.0,0.0,0.0,0.0,7.0
1777051170.0,2.010677736073218,1.6336730929341443,19374641152.0,0.0,0.6168635981775946,0.0,8.0
1777051200.0,6.1191784241721425,0.687280568523449,19373481984.0,0.0,0.4860598298064684,0.0,9.0
1777051230.0,7.736179675339115,1.381418469761671,19374587904.0,0.0,0.4794312515700787,0.0,9.0
1777051260.0,7.535387625336268,1.636237744349868,19367968768.0,0.0,0.4718826298536574,0.0,9.0
1777051290.0,8.166666666666668,1.5967982494503374,19365273600.0,0.0,0.4525632100982921,0.0,9.0
1777051320.0,7.5,1.6247602404187518,19363368960.0,0.0,0.4609568209866255,0.0,9.0
1777051350.0,7.765855648729316,1.2955259277095477,19362119680.0,0.0,0.4735837181970479,0.0,9.0
1777051380.0,8.499206851734595,1.6968952863320768,16093687808.0,0.0,0.4546509382513636,0.0,9.0
1777051410.0,8.335033736773473,1.3751171925268306,14481125376.0,0.0,0.4576791756206496,0.0,9.0
1777051440.0,8.8,1.7129948816150502,14476681216.0,0.0,0.4486834865942083,0.0,9.0
1777051470.0,7.666666666666666,1.045386170157478,15781199872.0,0.0,0.4680486466303195,0.0,7.0
1777051500.0,2.9,2.188186188727903,17880285184.0,0.0,0.4591093758763696,0.0,7.0
1777051530.0,9.299894447962846,2.040957658604359,17878016000.0,0.0,0.3081061753815257,0.0,8.0
1777051560.0,9.63434363642426,1.907363286825061,17878138880.0,0.0,0.3012094058395519,0.0,9.0
1777051590.0,9.432310347701272,1.9088083479500637,17878626304.0,0.0,0.3096466260313504,0.0,9.0
1777051620.0,9.53221697313123,1.368715130893629,17852448768.0,0.0,0.3335063206955399,0.0,9.0
1777051650.0,9.366665562407404,1.715234541771489,17853116416.0,0.0,0.3699229772672797,0.0,9.0
1777051680.0,8.866705880409542,1.8576234477819584,17853366272.0,0.0,0.4110767812846203,0.0,9.0
1777051710.0,9.268751662974498,2.1104986417576033,17854353408.0,0.0,0.4083368330918252,0.0,9.0
1777051740.0,0.9666666666666668,0.332194485788822,14451093504.0,0.0,0.2445447839048742,0.0,9.0
1777051770.0,0.0,0.0225931876255432,14380638208.0,0.0,0.0,0.0,9.0
1777051800.0,0.0,0.2097638259556201,16109928448.0,0.0,0.0,0.0,7.0
1777051830.0,0.0,0.3717899745180728,17701220352.0,0.0,0.0,0.0,8.0
1777051860.0,2.5324047849121993,1.7948975444892965,17740484608.0,0.0,0.3709332684178582,0.0,9.0
1777051890.0,9.099356971411389,2.054848952404153,17741160448.0,0.0,0.3481373263305126,0.0,9.0
1777051920.0,9.565365083641057,1.4997183890870076,17739112448.0,0.0,0.3394193145065367,0.0,9.0
1777051950.0,9.33255476071978,2.03305996730492,17738444800.0,0.0,0.2816187576597535,0.0,9.0
1777051980.0,9.60350565270996,2.058023285403455,17739808768.0,0.0,0.3031187305752637,0.0,9.0
1777052010.0,9.466993366003267,1.8097095293738923,17739481088.0,0.0,0.3173907085917198,0.0,9.0
1777052040.0,9.262133193809316,2.050032202512232,17739575296.0,0.0,0.3153026740292148,0.0,9.0
1777052070.0,9.337562269545884,2.051230891369061,14482440192.0,0.0,0.319596417271305,0.0,9.0
1777052100.0,9.267084500155576,2.045570768687472,14417186816.0,0.0,0.359916480646093,0.0,9.0
1777052130.0,4.766247815811268,0.7906729568109756,15495426048.0,0.0,0.4925624985800064,0.0,7.0
1777052160.0,4.00026668444563,1.730507724186764,17710112768.0,0.0,0.5306435696008844,0.0,7.0
1777052190.0,7.399798944922718,1.6472313900756708,17708191744.0,0.0,0.483224291767016,0.0,9.0
1777052220.0,8.100034453444483,1.6648846567941489,17707470848.0,0.0,0.4678414336246489,0.0,0.0
1777052250.0,8.500443358779338,1.6986392921113065,17707757568.0,0.0,0.4653093632334365,0.0,0.0
1777052280.0,8.89891032690193,1.331912826646733,17707941888.0,0.0,0.4377053352552411,0.0,0.0
1777052310.0,7.766666666666667,1.6222155212214078,17706545152.0,0.0,0.465850906279368,0.0,0.0
1777052340.0,7.532722932490984,1.6138800361741406,17706758144.0,0.0,0.4648510021538291,0.0,0.0
1777052370.0,7.96814493720129,1.4558481724263057,17696378880.0,0.0,0.4689420624871199,0.0,0.0
1777052400.0,8.064214088061467,1.6523232689162015,14440562688.0,0.0,0.4656862563041722,0.0,0.0
1777052430.0,7.868619375640392,0.0026984273252242,14440763392.0,0.0,0.4726751161504806,0.0,0.0
1777052460.0,0.0,0.1115372561157585,14915817472.0,0.0,0.0,0.0,7.0
1777052490.0,0.0,0.3065222526404135,17593393152.0,0.0,0.0,0.0,8.0
1777052520.0,0.0,0.0196225269723088,17591889920.0,0.0,0.0,0.0,9.0
1777052550.0,0.0,0.1232172599993455,17637187584.0,0.0,0.0,0.0,9.0
1777052580.0,0.0,1.4957880565873412,17732771840.0,0.0,0.0,0.0,9.0
1777052610.0,8.63343000322233,1.5843546965658892,17732431872.0,0.0,0.2480680637561878,0.0,9.0
1777052640.0,8.932419027645357,1.7410434251719464,17725091840.0,0.0,0.2458334155698136,0.0,9.0
1777052670.0,9.266666837037045,1.7872828321303182,17725165568.0,0.0,0.2573493142057413,0.0,9.0
1777052700.0,8.800791322130348,1.812886253999159,16093536256.0,0.0,0.2713279440130991,0.0,9.0
1777052730.0,8.366666666666667,1.5915144216112094,16096157696.0,0.0,0.277205758652936,0.0,9.0
1777052760.0,8.265250707979344,1.0318123463627262,14922403840.0,0.0,0.3728403966724887,0.0,9.0
1777052790.0,4.534041880977812,1.4155515089312865,17354219520.0,0.0,0.4547869642334924,0.0,7.0
1777052820.0,8.162738563398431,1.9087783162291012,17683353600.0,0.0,0.3640517237631401,0.0,8.0
1777052850.0,8.66713580342375,1.7013527756237257,17675993088.0,0.0,0.2483125221615009,0.0,9.0
1777052880.0,8.900923474058732,1.7048321395836064,17675591680.0,0.0,0.312558149001018,0.0,9.0
1777052910.0,8.132982269030796,1.7791540260115493,17676111872.0,0.0,0.3463537317249354,0.0,9.0
1777052940.0,8.600377828154866,1.7633729378657148,17676406784.0,0.0,0.3724989748779294,0.0,9.0
1777052970.0,8.66618896850525,1.8245664242686768,17677627392.0,0.0,0.2488317796169257,0.0,9.0
1777053000.0,9.266395849291923,1.310101890146874,17677594624.0,0.0,0.2497889609109156,0.0,9.0
1777053030.0,9.066666666666666,1.4892789309742809,16051126272.0,0.0,0.3077377369538808,0.0,9.0
1777053060.0,8.7323892035988,1.9918583544849129,14473326592.0,0.0,0.4031244107441338,0.0,9.0
1777053090.0,8.4,1.2765165293193728,14633889792.0,0.0,0.3985733913894842,0.0,9.0
1777053120.0,2.3344227306076166,0.3094264324858232,14676414464.0,0.0,0.7480910256851074,0.0,9.0
1777053150.0,1.410243760882182,0.7945065642219669,19273420800.0,0.0,0.4679738219221241,0.0,7.0
1777053180.0,2.103974811740255,0.7021154866805235,19354640384.0,0.0,0.3534976261119074,0.0,8.0
1777053210.0,0.0,0.0222793990728722,19343396864.0,0.0,0.0,0.0,9.0
1777053240.0,0.0,0.0215199304333115,19343351808.0,0.0,0.0,0.0,9.0
1777053270.0,0.0,0.0198419326507368,19343253504.0,0.0,0.0,0.0,9.0
1777053300.0,5.788332111274052,1.214767993259149,19324297216.0,0.0,0.4499966666959057,0.0,9.0
1777053330.0,8.76737342756812,1.2854457259919028,19325550592.0,0.0,0.4217546329887467,0.0,9.0
1777053360.0,7.466808893629788,1.588403714209761,17701511168.0,0.0,0.4690715681729674,0.0,9.0
1777053390.0,8.366491116962766,1.4959002228840603,16077262848.0,0.0,0.4328113166984048,0.0,9.0
1777053420.0,7.766666666666666,0.9645022571687384,14458540032.0,0.0,0.4532140534898568,0.0,9.0
1777053450.0,8.532195707239035,1.6074023131953108,15031762944.0,0.0,0.4381038709731178,0.0,8.0
1777053480.0,2.667022269635951,1.1337401319252445,17914814464.0,0.0,0.454684143286071,0.0,7.0
1777053510.0,1.5560818245473644,0.895631747987446,19817095168.0,0.0,0.4264786059654112,0.0,7.0
1777053540.0,2.1000000000000005,1.3686781802782149,20944789504.0,0.0,0.4636270844008006,0.0,8.0
1777053570.0,5.677241666666667,1.880475318379033,20943093760.0,0.0,0.2481269062364615,0.0,9.0
1777053600.0,9.733333333333334,2.034365900356283,20944584704.0,0.0,0.2628155434336549,0.0,9.0
1777053630.0,9.532684517917,1.7835700018594438,20944515072.0,0.0,0.2536778963699826,0.0,9.0
1777053660.0,9.467102280304042,1.906996396404235,20945354752.0,0.0,0.2473316473364706,0.0,9.0
1777053690.0,9.398433981076984,1.7303525645196662,20948324352.0,0.0,0.282245345112988,0.0,9.0
1777053720.0,9.168219539110591,1.756929470830876,19310768128.0,0.0,0.245450316658519,0.0,9.0
1777053750.0,8.866848901037848,1.7308680334359197,17682452480.0,0.0,0.2805561515714624,0.0,9.0
1777053780.0,8.698540563167985,1.94576070567761,14425464832.0,0.0,0.3449957175641854,0.0,9.0
1777053810.0,8.99966672370052,1.8584015518035095,14425812992.0,0.0,0.2993706957739127,0.0,9.0
1777053840.0,9.13516745704919,1.928636757971104,14416216064.0,0.0,0.2468556204813797,0.0,9.0
1777053870.0,2.6588378662826124,0.926955880096043,16600932352.0,0.0,0.6547686727777435,0.0,7.0
1777053900.0,0.1213663865240978,0.451552161178966,17669677056.0,0.0,4.665787867414423,0.0,8.0
1777053930.0,0.0,0.021955313934185,17669476352.0,0.0,0.0,0.0,9.0
1777053960.0,0.0,0.0210916410406484,17669562368.0,0.0,0.0,0.0,9.0
1777053990.0,0.0,0.0717722926668849,17707380736.0,0.0,0.0,0.0,9.0
1777054020.0,2.7000000000000006,1.7073827841197096,17771331584.0,0.0,0.2497260105615971,0.0,9.0
1777054050.0,10.495076710269142,1.877990547961757,17771134976.0,0.0,0.2414704692177575,0.0,9.0
1777054080.0,10.033330066999968,2.1384497756131085,17771507712.0,0.0,0.249034084429525,0.0,9.0
1777054110.0,10.133445559296424,2.1255122878635575,17771458560.0,0.0,0.2463772003939851,0.0,9.0
1777054140.0,10.367013368003468,1.9656359406359465,14494322688.0,0.0,0.2480261321478016,0.0,9.0
1777054170.0,9.86456120283587,1.2181532614824495,14495027200.0,0.0,0.2940434068191858,0.0,9.0
1777054200.0,3.2,1.2747784319775692,14980673536.0,0.0,0.3554411373925208,0.0,8.0
1777054230.0,4.710304164385795,2.0801169991060138,17746640896.0,0.0,0.4212583266466964,0.0,7.0
1777054260.0,9.822290356832807,2.1451052096519936,17742356480.0,0.0,0.298004372432943,0.0,8.0
1777054290.0,10.20022611243517,2.0159222369680987,17738514432.0,0.0,0.2471563217028831,0.0,9.0
1777054320.0,10.299890071888827,2.1486491545687065,17737207808.0,0.0,0.24307944158703035,0.0,9.0
1777054350.0,10.331267162955687,2.1383602407439786,17734373376.0,0.0,0.2480664385570689,0.0,9.0
1777054380.0,10.137530088694227,1.9489818060917872,17734725632.0,0.0,0.24885670185990044,0.0,9.0
1777054410.0,10.199887781518393,2.1480651958381496,17733865472.0,0.0,0.24457653047304204,0.0,9.0
1777054440.0,9.73235362724516,2.1330385598582398,17733840896.0,0.0,0.32899995170564095,0.0,9.0
1777054470.0,9.999597671427473,2.174425017758822,17728614400.0,0.0,0.24909498709422226,0.0,9.0
1777054500.0,9.899780007333089,1.9508077698301791,14480445440.0,0.0,0.3028413563867496,0.0,9.0
1777054530.0,8.201027077497667,2.0500022896894845,15188955136.0,0.0,0.4732621986529477,0.0,8.0
1777054560.0,8.833128902517611,2.1461967168143685,16067174400.0,0.0,0.4302876722819946,0.0,8.0
